{"type":"FeatureCollection","bbox":[-82.962,40.1,-82.893,40.152],"source":"US Census Bureau TIGERweb (TIGER/Line), public domain","features":[{"type":"Feature","properties":{"layer":"primary","NAME":"Jack Nicklaus Fwy","MTFCC":"S1100"},"geometry":{"type":"LineString","coordinates":[[-82.89456,40.00843],[-82.89408,40.00839],[-82.89274,40.00829],[-82.88856,40.00807],[-82.88701,40.00799],[-82.88654,40.00796],[-82.88594,40.00793],[-82.88508,40.00789],[-82.88324,40.00779],[-82.88178,40.00771],[-82.88061,40.00764],[-82.87988,40.0076],[-82.87877,40.00752],[-82.87781,40.00738],[-82.87691,40.0072],[-82.87607,40.00698],[-82.87577,40.00689],[-82.87498,40.00666],[-82.87482,40.00661],[-82.87469,40.00657],[-82.87439,40.00648],[-82.87435,40.00646],[-82.87429,40.00645],[-82.8742,40.00642],[-82.87376,40.00628],[-82.87359,40.00624],[-82.87343,40.00619],[-82.86904,40.00486],[-82.86773,40.00446],[-82.86739,40.00436],[-82.86661,40.00411],[-82.86588,40.0039],[-82.86515,40.00368],[-82.86413,40.00337],[-82.86318,40.00306],[-82.86271,40.00289],[-82.86227,40.00268],[-82.86116,40.00215],[-82.86018,40.00155],[-82.85948,40.00102],[-82.85882,40.00042],[-82.85837,39.99994],[-82.85808,39.99957],[-82.85779,39.99919],[-82.85735,39.9985],[-82.85715,39.99808],[-82.85693,39.99762],[-82.85682,39.99733],[-82.85666,39.99684],[-82.85652,39.99625],[-82.85645,39.99571],[-82.85641,39.99514],[-82.85642,39.99473],[-82.85642,39.99469],[-82.85645,39.99428],[-82.85656,39.99351],[-82.8566,39.99333],[-82.85668,39.9929],[-82.85673,39.99264],[-82.8568,39.99223],[-82.8569,39.99176],[-82.85721,39.98998],[-82.85724,39.98978],[-82.85732,39.98911],[-82.85735,39.98829],[-82.85735,39.98759],[-82.85731,39.98708],[-82.8573,39.987],[-82.85727,39.98669],[-82.85726,39.98662],[-82.85725,39.98648],[-82.85716,39.98595],[-82.85713,39.98575],[-82.85703,39.98529],[-82.85696,39.98497],[-82.85693,39.98486],[-82.85691,39.98478],[-82.85691,39.98475],[-82.85686,39.98463],[-82.85661,39.98392],[-82.8564,39.9834],[-82.85629,39.98312],[-82.85586,39.98221],[-82.85527,39.98118],[-82.85459,39.98021],[-82.85446,39.98004],[-82.85413,39.97961],[-82.85398,39.97944],[-82.85323,39.9786],[-82.85294,39.9783],[-82.85288,39.97823],[-82.85267,39.978],[-82.85168,39.97695],[-82.8514,39.97665],[-82.85103,39.97627],[-82.84915,39.97428],[-82.84885,39.97392],[-82.84865,39.97367],[-82.84788,39.97287],[-82.84681,39.97176],[-82.8451,39.96963],[-82.84498,39.96943],[-82.84402,39.96757],[-82.84339,39.96569],[-82.84308,39.96387],[-82.84307,39.96368],[-82.843,39.96257],[-82.84308,39.96141],[-82.84324,39.96038],[-82.84418,39.9557],[-82.8444,39.95465],[-82.84509,39.95123],[-82.84558,39.94884],[-82.84586,39.94743],[-82.84592,39.94712],[-82.84623,39.94557],[-82.84673,39.94312],[-82.84699,39.94197],[-82.84722,39.94122],[-82.84735,39.94086],[-82.84771,39.93998],[-82.84897,39.93775],[-82.85043,39.93596],[-82.85131,39.93509],[-82.85169,39.93475],[-82.85215,39.93436],[-82.85226,39.93427],[-82.85231,39.93424],[-82.85247,39.93413],[-82.85275,39.93391],[-82.85281,39.93386],[-82.85336,39.93346],[-82.85431,39.93284],[-82.85485,39.93252],[-82.85507,39.9324],[-82.8553,39.93228],[-82.85659,39.93157],[-82.85749,39.93107],[-82.85771,39.93096],[-82.85792,39.93084],[-82.85865,39.93044],[-82.85893,39.9303],[-82.85978,39.92992],[-82.86094,39.92928],[-82.86287,39.92819],[-82.86483,39.9271],[-82.865,39.92701],[-82.86518,39.92691],[-82.86537,39.92681],[-82.86548,39.92675],[-82.86571,39.92662],[-82.86583,39.92655],[-82.86908,39.92477],[-82.87079,39.92383],[-82.8721,39.92307],[-82.87325,39.92239],[-82.87436,39.92169],[-82.87499,39.92129],[-82.8758,39.92078],[-82.87701,39.91996],[-82.87764,39.91952],[-82.87858,39.91885],[-82.88045,39.91748],[-82.88076,39.91726],[-82.88237,39.91609],[-82.88296,39.91567],[-82.88306,39.9156],[-82.88324,39.91547],[-82.88471,39.9144],[-82.88938,39.91083],[-82.89019,39.91015],[-82.89081,39.90963],[-82.89085,39.9096],[-82.89087,39.90957],[-82.89089,39.90956],[-82.89094,39.90952],[-82.89126,39.90923],[-82.89212,39.90846],[-82.89335,39.90731],[-82.89427,39.90642],[-82.89464,39.90605],[-82.89474,39.90595],[-82.89514,39.90555],[-82.89525,39.90544],[-82.89529,39.90539],[-82.89612,39.90453],[-82.8963,39.90434],[-82.89647,39.90417],[-82.89735,39.90329],[-82.89832,39.90233],[-82.89842,39.90222],[-82.89844,39.9022],[-82.89861,39.90201],[-82.89915,39.90146],[-82.89999,39.90062],[-82.9024,39.89816],[-82.90302,39.89755],[-82.90304,39.89753],[-82.90417,39.89636],[-82.90592,39.89459],[-82.90676,39.89374],[-82.90984,39.89061],[-82.91144,39.88898],[-82.91147,39.88896],[-82.91179,39.88863],[-82.91186,39.88856],[-82.91202,39.88839],[-82.91303,39.88737],[-82.91309,39.88731],[-82.91316,39.88724],[-82.91354,39.88685],[-82.91515,39.88521],[-82.91869,39.88163],[-82.91997,39.88033],[-82.92013,39.88016],[-82.92033,39.87996],[-82.92037,39.87992],[-82.9212,39.87906],[-82.92143,39.87884],[-82.92243,39.87782],[-82.92283,39.87742],[-82.92407,39.87632],[-82.92502,39.8756],[-82.92603,39.87495],[-82.92656,39.87461],[-82.927,39.87435],[-82.92762,39.87403],[-82.92985,39.87306],[-82.93131,39.87257],[-82.93147,39.87253],[-82.93258,39.87225],[-82.93329,39.87207],[-82.93341,39.87204],[-82.93353,39.87202],[-82.93377,39.87197],[-82.9348,39.87182],[-82.93644,39.87159],[-82.93711,39.87157],[-82.93973,39.8715],[-82.94139,39.87158],[-82.94176,39.87159],[-82.94363,39.87168],[-82.94535,39.87175],[-82.94645,39.87181],[-82.95005,39.87197],[-82.95059,39.872],[-82.95064,39.872],[-82.95079,39.87201],[-82.95426,39.87217],[-82.95904,39.87238],[-82.95959,39.87241],[-82.95965,39.87241],[-82.95987,39.87242],[-82.96188,39.87251],[-82.96317,39.87257],[-82.96577,39.87269],[-82.96887,39.87284],[-82.96931,39.87285],[-82.97068,39.87291],[-82.97208,39.87298],[-82.97343,39.87304],[-82.97798,39.87324],[-82.98099,39.87339],[-82.98122,39.8734],[-82.98158,39.87341],[-82.9833,39.87349],[-82.98336,39.87349],[-82.98859,39.87373],[-82.98873,39.87373],[-82.98896,39.87374],[-82.9899,39.87378],[-82.99016,39.8738],[-82.99336,39.87395],[-82.99431,39.87399],[-82.99454,39.874],[-82.99569,39.87406],[-82.99628,39.8741],[-82.99734,39.8742],[-82.99881,39.87433],[-82.99989,39.87447],[-83.00186,39.87477],[-83.00201,39.8748],[-83.0033,39.87505],[-83.00355,39.8751],[-83.00361,39.87512],[-83.00372,39.87514],[-83.00379,39.87516],[-83.00381,39.87516],[-83.00476,39.87538],[-83.00603,39.87572],[-83.00647,39.87585],[-83.00728,39.87609],[-83.00759,39.87618],[-83.00779,39.87625],[-83.00872,39.87654],[-83.0094,39.87676],[-83.01017,39.87704],[-83.01146,39.87755],[-83.01252,39.878],[-83.01288,39.87815],[-83.0131,39.87825],[-83.01408,39.8787],[-83.01512,39.87921],[-83.01546,39.87939],[-83.01583,39.87958],[-83.01667,39.88004],[-83.01692,39.88019],[-83.01725,39.88037],[-83.01784,39.88069],[-83.01817,39.88088],[-83.01832,39.88096],[-83.01903,39.88136],[-83.02264,39.88337],[-83.02608,39.88527],[-83.02617,39.88532],[-83.02757,39.8861],[-83.02776,39.8862],[-83.0313,39.88817],[-83.03456,39.88999],[-83.03511,39.89029],[-83.03738,39.89155],[-83.03823,39.89202],[-83.03848,39.89216],[-83.03861,39.89223],[-83.03891,39.89241],[-83.039,39.89245],[-83.03959,39.89279],[-83.03994,39.89297],[-83.04034,39.8932],[-83.04091,39.89352],[-83.04375,39.89509],[-83.04404,39.89526],[-83.04629,39.89645],[-83.04785,39.89721],[-83.04854,39.89754],[-83.04896,39.89772],[-83.05051,39.89835],[-83.05124,39.89865],[-83.05245,39.89907],[-83.05284,39.89921],[-83.05302,39.89927],[-83.05405,39.89959],[-83.05422,39.89964],[-83.05457,39.89974],[-83.05542,39.89999],[-83.05568,39.90006],[-83.05615,39.90019],[-83.05715,39.90043],[-83.0581,39.90065],[-83.05955,39.90094],[-83.06081,39.90118],[-83.06138,39.90129],[-83.06202,39.90141],[-83.06433,39.90185],[-83.06539,39.90205],[-83.06542,39.90205],[-83.06854,39.90265],[-83.0691,39.90275],[-83.06917,39.90277],[-83.06942,39.90281],[-83.07075,39.90306],[-83.07387,39.90366],[-83.07551,39.90397],[-83.0757,39.90401],[-83.07575,39.90402],[-83.07784,39.90441],[-83.07794,39.90443],[-83.07811,39.90447],[-83.07826,39.9045],[-83.07834,39.90451],[-83.07923,39.90468],[-83.0801,39.90485],[-83.08231,39.90526],[-83.08443,39.90566],[-83.08582,39.90592],[-83.08816,39.90637],[-83.08978,39.90668],[-83.09037,39.90679],[-83.09199,39.90709],[-83.09303,39.90729],[-83.09357,39.9074],[-83.0939,39.90746],[-83.09441,39.90756],[-83.09553,39.90777],[-83.09761,39.90816],[-83.09783,39.90821],[-83.09958,39.90859],[-83.10247,39.90954],[-83.1026,39.9096],[-83.10267,39.90963],[-83.1029,39.90973],[-83.10459,39.91051],[-83.10602,39.91134],[-83.10657,39.9117],[-83.10663,39.91175],[-83.10679,39.91185],[-83.10703,39.91202],[-83.10719,39.91215],[-83.10758,39.91246],[-83.10807,39.91284],[-83.10836,39.9131],[-83.10867,39.91338],[-83.10876,39.91345],[-83.10918,39.91384],[-83.11003,39.91463],[-83.11033,39.9149],[-83.11104,39.91555],[-83.11154,39.91602],[-83.11243,39.91684],[-83.11317,39.91752],[-83.11379,39.91809],[-83.11409,39.91837],[-83.11447,39.91872],[-83.11501,39.91922],[-83.11525,39.91944],[-83.1153,39.91949],[-83.11596,39.9201],[-83.11634,39.92046],[-83.11691,39.92098],[-83.11738,39.92142],[-83.11747,39.92151],[-83.11795,39.92194],[-83.11817,39.92214],[-83.11822,39.92219],[-83.11899,39.9229],[-83.11955,39.92342],[-83.11981,39.92368],[-83.12005,39.9239],[-83.12043,39.92427],[-83.12156,39.9256],[-83.12168,39.92577],[-83.12174,39.92586],[-83.12225,39.92663],[-83.12253,39.9271],[-83.12314,39.92839],[-83.12362,39.92995],[-83.12365,39.93008],[-83.12368,39.93036],[-83.12384,39.93151],[-83.12384,39.93308],[-83.12381,39.93338],[-83.12378,39.93354],[-83.12372,39.93396],[-83.12352,39.93484],[-83.12342,39.93525],[-83.12316,39.93618],[-83.12315,39.93623],[-83.12313,39.93629],[-83.12303,39.93664],[-83.12253,39.93841],[-83.12206,39.94005],[-83.12205,39.9401],[-83.12203,39.94014],[-83.12203,39.94016],[-83.122,39.94024],[-83.12196,39.9404],[-83.12174,39.94117],[-83.12095,39.94393],[-83.12053,39.94538],[-83.12013,39.94685],[-83.11989,39.94771],[-83.11958,39.94918],[-83.11934,39.9503],[-83.11925,39.95079],[-83.1192,39.95114],[-83.11907,39.95209],[-83.11902,39.95271],[-83.11888,39.95457],[-83.11886,39.95503],[-83.11886,39.95606],[-83.11893,39.95778],[-83.119,39.95871],[-83.11906,39.95954],[-83.11909,39.96],[-83.11919,39.96384],[-83.11919,39.96388],[-83.11922,39.96526],[-83.11923,39.96563],[-83.11926,39.96735],[-83.11926,39.96777],[-83.11926,39.96789],[-83.11927,39.9682],[-83.11927,39.96874],[-83.11925,39.96922],[-83.11922,39.97001],[-83.11919,39.97068],[-83.11919,39.97089],[-83.11918,39.97105],[-83.11914,39.97231],[-83.11906,39.97451],[-83.11904,39.97516],[-83.11902,39.97561],[-83.11899,39.97627],[-83.11899,39.97634],[-83.11898,39.97658],[-83.11898,39.97664],[-83.1189,39.97908],[-83.11886,39.98015],[-83.11885,39.98049],[-83.11881,39.98169],[-83.1188,39.98205],[-83.11878,39.98236],[-83.11875,39.98313],[-83.11871,39.98401],[-83.11867,39.98518],[-83.11866,39.98528],[-83.11866,39.98532],[-83.11863,39.98597],[-83.1186,39.98632],[-83.11855,39.98701],[-83.11847,39.98889],[-83.1184,39.9907],[-83.11833,39.99285],[-83.11827,39.99456],[-83.11822,39.99576],[-83.11819,39.99651],[-83.11815,39.99751],[-83.11807,39.99975],[-83.11803,40.00073],[-83.11803,40.00204],[-83.11803,40.00244],[-83.11804,40.00262],[-83.11813,40.00384],[-83.1183,40.0054],[-83.11873,40.00782],[-83.11892,40.00887],[-83.11904,40.00948],[-83.11922,40.01048],[-83.11923,40.01052],[-83.11927,40.01073],[-83.12065,40.01839],[-83.12068,40.01854],[-83.12081,40.01922],[-83.12092,40.01984],[-83.12109,40.02076],[-83.12126,40.02167],[-83.12127,40.02175],[-83.12136,40.0222],[-83.12153,40.02319],[-83.12177,40.02453],[-83.12231,40.02747],[-83.12242,40.02804],[-83.12248,40.02834],[-83.12281,40.02999],[-83.12282,40.03005],[-83.12309,40.03115],[-83.12321,40.03167],[-83.12335,40.03215],[-83.12365,40.03319],[-83.12368,40.03329],[-83.12382,40.03377],[-83.12442,40.03597],[-83.12468,40.0369],[-83.12542,40.03957],[-83.12552,40.03994],[-83.12572,40.04069],[-83.12629,40.04273],[-83.12658,40.04375],[-83.12668,40.04415],[-83.12684,40.04471],[-83.12702,40.04538],[-83.1271,40.04567],[-83.12806,40.04913],[-83.12844,40.0505],[-83.12847,40.05061],[-83.12868,40.05136],[-83.12885,40.05198],[-83.12931,40.05364],[-83.1297,40.05504],[-83.12992,40.05585],[-83.13027,40.05711],[-83.13054,40.05809],[-83.13096,40.05957],[-83.13126,40.06069],[-83.13155,40.06171],[-83.13174,40.0624],[-83.13199,40.06332],[-83.13204,40.06349],[-83.13205,40.06352],[-83.1321,40.06369],[-83.13302,40.06702],[-83.13348,40.0687],[-83.13374,40.06962],[-83.13384,40.06998],[-83.13416,40.07116],[-83.13419,40.07125],[-83.13428,40.07156],[-83.13543,40.07571],[-83.13605,40.07796],[-83.13618,40.07842],[-83.13625,40.07868],[-83.1369,40.08102],[-83.13697,40.08127],[-83.13699,40.08135],[-83.13724,40.08224],[-83.13751,40.08313],[-83.1376,40.08346],[-83.13775,40.084],[-83.13796,40.08487],[-83.13818,40.08616],[-83.13824,40.08678],[-83.13827,40.08759],[-83.13831,40.08836],[-83.13821,40.08991],[-83.1381,40.09069],[-83.13795,40.09146],[-83.1379,40.09173],[-83.13782,40.09206],[-83.13762,40.09276],[-83.13749,40.09316],[-83.1368,40.09485],[-83.13675,40.09498],[-83.13657,40.09534],[-83.13651,40.09546],[-83.1362,40.09599],[-83.13538,40.09737],[-83.13465,40.09861],[-83.13441,40.09893],[-83.13422,40.09916],[-83.13404,40.09937],[-83.13375,40.0997],[-83.1334,40.1001],[-83.13297,40.10055],[-83.13252,40.10099],[-83.13172,40.1017],[-83.13127,40.10209],[-83.13057,40.10264],[-83.13056,40.10265],[-83.1305,40.1027],[-83.13042,40.10276],[-83.12985,40.10317],[-83.12902,40.10373],[-83.12862,40.10398],[-83.12759,40.1046],[-83.12584,40.10552],[-83.1256,40.10564],[-83.12198,40.10705],[-83.12085,40.10736],[-83.1208,40.10738],[-83.1196,40.10771],[-83.11669,40.10826],[-83.11606,40.10834],[-83.11541,40.10843],[-83.1149,40.10849],[-83.11472,40.10852],[-83.11297,40.10873],[-83.11251,40.10879],[-83.1123,40.10882],[-83.11116,40.10896],[-83.11014,40.10909],[-83.10776,40.10932],[-83.10424,40.10946],[-83.10062,40.10939],[-83.09964,40.10934],[-83.09882,40.10929],[-83.09724,40.10921],[-83.09653,40.10917],[-83.09454,40.10906],[-83.09291,40.10898],[-83.09189,40.10893],[-83.09169,40.10892],[-83.0915,40.10891],[-83.09121,40.1089],[-83.09111,40.10889],[-83.09107,40.10889],[-83.09104,40.10889],[-83.09098,40.10889],[-83.09091,40.10889],[-83.09039,40.10888],[-83.08989,40.10888],[-83.08929,40.10887],[-83.0888,40.10888],[-83.08834,40.10888],[-83.08799,40.10889],[-83.08683,40.10893],[-83.08589,40.10898],[-83.08555,40.10901],[-83.08434,40.10909],[-83.08182,40.10929],[-83.08125,40.10933],[-83.08095,40.10935],[-83.07889,40.10951],[-83.07721,40.10964],[-83.07535,40.10978],[-83.07484,40.10982],[-83.07437,40.10986],[-83.07321,40.10995],[-83.07202,40.11004],[-83.07175,40.11001],[-83.06731,40.11035],[-83.06652,40.11041],[-83.06554,40.11049],[-83.06244,40.11073],[-83.06016,40.11086],[-83.0596,40.1109],[-83.0573,40.11107],[-83.05706,40.11109],[-83.05702,40.11109],[-83.05509,40.11124],[-83.05415,40.11131],[-83.04882,40.11172],[-83.04601,40.11194],[-83.04521,40.11199],[-83.0432,40.11209],[-83.04241,40.11211],[-83.04218,40.11212],[-83.04115,40.11213],[-83.03919,40.1121],[-83.03901,40.1121],[-83.0385,40.11209],[-83.03787,40.11209],[-83.03533,40.11207],[-83.03513,40.11206],[-83.03476,40.11205],[-83.03402,40.11205],[-83.0327,40.11205],[-83.0325,40.11204],[-83.03235,40.11204],[-83.03229,40.11204],[-83.03207,40.11204],[-83.02946,40.11202],[-83.028,40.112],[-83.02734,40.11199],[-83.02655,40.11199],[-83.0262,40.11199],[-83.02308,40.11196],[-83.02169,40.11195],[-83.02063,40.11193],[-83.0184,40.11192],[-83.01689,40.11189],[-83.01665,40.11188],[-83.01662,40.11188],[-83.01659,40.11188],[-83.01573,40.11186],[-83.01483,40.11183],[-83.01159,40.1117],[-83.00946,40.11162],[-83.00825,40.11156],[-83.00703,40.11148],[-83.00627,40.11146],[-83.00399,40.11137],[-83.00381,40.11136],[-83.0037,40.11135],[-83.00365,40.11135],[-83.00341,40.11134],[-83.00316,40.11133],[-83.00087,40.11124],[-83.00052,40.11123],[-82.99879,40.11115],[-82.99799,40.11112],[-82.9963,40.11105],[-82.99616,40.11105],[-82.99613,40.11105],[-82.99611,40.11104],[-82.99606,40.11104],[-82.99578,40.11103],[-82.99551,40.11102],[-82.99348,40.11094],[-82.99324,40.11093],[-82.99307,40.11092],[-82.99158,40.11089],[-82.99114,40.11086],[-82.98731,40.11071],[-82.98544,40.11064],[-82.98441,40.11059],[-82.98437,40.11058],[-82.9839,40.11056],[-82.98264,40.11053],[-82.98139,40.11048],[-82.98039,40.11045],[-82.98019,40.11044],[-82.97866,40.11037],[-82.97791,40.11032],[-82.97755,40.11031],[-82.97743,40.11031],[-82.97687,40.11028],[-82.97525,40.11015],[-82.97496,40.11012],[-82.97465,40.11009],[-82.9737,40.10998],[-82.97311,40.10991],[-82.97268,40.10985],[-82.97221,40.10978],[-82.97159,40.10968],[-82.9705,40.10949],[-82.97021,40.10943],[-82.96897,40.10919],[-82.96731,40.10887],[-82.96614,40.10863],[-82.96526,40.10847],[-82.96475,40.10837],[-82.96367,40.10815],[-82.96359,40.10814],[-82.96257,40.10794],[-82.96175,40.10778],[-82.96155,40.10774],[-82.95924,40.10727],[-82.95874,40.10717],[-82.95652,40.10674],[-82.9558,40.10661],[-82.95452,40.10637],[-82.95417,40.10629],[-82.95338,40.10614],[-82.95132,40.10573],[-82.9497,40.1054],[-82.94955,40.10538],[-82.94943,40.10535],[-82.9494,40.10535],[-82.949,40.10527],[-82.94889,40.10525],[-82.94769,40.10501],[-82.94684,40.10485],[-82.94645,40.10476],[-82.94491,40.10446],[-82.94384,40.10424],[-82.94358,40.10419],[-82.94186,40.10385],[-82.94064,40.10361],[-82.94008,40.10349],[-82.93975,40.10342],[-82.93877,40.10324],[-82.93799,40.10309],[-82.9379,40.10308],[-82.93786,40.10307],[-82.9376,40.10301],[-82.93597,40.10268],[-82.93517,40.10253],[-82.93459,40.10241],[-82.93401,40.10229],[-82.93211,40.10192],[-82.9303,40.10157],[-82.92894,40.10131],[-82.9283,40.10118],[-82.92795,40.10111],[-82.92511,40.10056],[-82.92233,40.10001],[-82.92151,40.09985],[-82.92001,40.09956],[-82.91986,40.09953],[-82.9178,40.09902],[-82.91666,40.09863],[-82.91568,40.09826],[-82.91433,40.09761],[-82.91381,40.09731],[-82.91321,40.09695],[-82.91314,40.09691],[-82.91242,40.09643],[-82.91156,40.09577],[-82.91104,40.09533],[-82.91078,40.09507],[-82.91064,40.09493],[-82.90993,40.0942],[-82.90895,40.09295],[-82.90881,40.09275],[-82.90867,40.0925],[-82.90809,40.09149],[-82.90764,40.09047],[-82.90741,40.08978],[-82.90738,40.08967],[-82.90732,40.0895],[-82.90708,40.08827],[-82.90701,40.08738],[-82.90699,40.08707],[-82.90699,40.08692],[-82.90699,40.08639],[-82.90702,40.08589],[-82.90703,40.08574],[-82.90717,40.08383],[-82.90721,40.08312],[-82.90722,40.08299],[-82.90725,40.08253],[-82.90726,40.0825],[-82.90726,40.08239],[-82.90727,40.08232],[-82.90728,40.08227],[-82.90729,40.08216],[-82.9074,40.08087],[-82.90741,40.08073],[-82.90747,40.07982],[-82.90753,40.07903],[-82.90759,40.07844],[-82.90766,40.0775],[-82.90767,40.07734],[-82.90771,40.07683],[-82.90775,40.07633],[-82.90786,40.07503],[-82.90788,40.07455],[-82.90797,40.07325],[-82.908,40.07262],[-82.90799,40.07217],[-82.90795,40.07151],[-82.90794,40.07131],[-82.9078,40.0703],[-82.90764,40.06951],[-82.90763,40.06943],[-82.9076,40.06931],[-82.90756,40.0692],[-82.90754,40.06912],[-82.9074,40.06867],[-82.90715,40.06792],[-82.90711,40.06779],[-82.90702,40.06753],[-82.90667,40.06644],[-82.90629,40.06531],[-82.90607,40.06463],[-82.90582,40.06384],[-82.90564,40.06329],[-82.90559,40.06314],[-82.90524,40.0621],[-82.90504,40.0615],[-82.90475,40.0606],[-82.90445,40.05972],[-82.90414,40.05876],[-82.90403,40.05845],[-82.90365,40.05727],[-82.90356,40.05704],[-82.90332,40.05623],[-82.90314,40.05558],[-82.9029,40.05455],[-82.90269,40.05347],[-82.90259,40.0528],[-82.90258,40.05272],[-82.90255,40.05247],[-82.90245,40.0516],[-82.90235,40.05059],[-82.90231,40.04973],[-82.90231,40.04944],[-82.90231,40.04831],[-82.90232,40.0481],[-82.90235,40.04747],[-82.90242,40.04651],[-82.90255,40.04473],[-82.90264,40.04356],[-82.90276,40.042],[-82.90306,40.03811],[-82.90307,40.03801],[-82.90308,40.03787],[-82.9031,40.03765],[-82.90314,40.03708],[-82.90329,40.03504],[-82.90341,40.03343],[-82.90343,40.03314],[-82.90359,40.031],[-82.90364,40.03033],[-82.90376,40.02869],[-82.90386,40.02758],[-82.90386,40.02755],[-82.90388,40.0273],[-82.90388,40.02725],[-82.90392,40.02687],[-82.90398,40.02612],[-82.90402,40.02551],[-82.90403,40.02543],[-82.90404,40.02534],[-82.90412,40.02414],[-82.90417,40.0235],[-82.90425,40.02222],[-82.90437,40.02068],[-82.90442,40.01998],[-82.90443,40.0199],[-82.90441,40.01866],[-82.90428,40.01753],[-82.90422,40.01728],[-82.90408,40.01662],[-82.90389,40.01595],[-82.90381,40.0157],[-82.90379,40.01565],[-82.90374,40.01549],[-82.90365,40.01522],[-82.90364,40.0152],[-82.90344,40.01476],[-82.90322,40.0143],[-82.90285,40.01361],[-82.90272,40.01339],[-82.90229,40.01276],[-82.90225,40.0127],[-82.90212,40.01252],[-82.90162,40.0119],[-82.90087,40.01114]]}},{"type":"Feature","properties":{"layer":"primary","NAME":"Jack Nicklaus Fwy","MTFCC":"S1100"},"geometry":{"type":"LineString","coordinates":[[-83.01839,39.88064],[-83.01911,39.88104],[-83.01922,39.88109],[-83.02103,39.8821],[-83.02306,39.88323],[-83.02607,39.8849],[-83.02617,39.88496],[-83.02758,39.88574],[-83.02775,39.88584],[-83.03217,39.88829],[-83.03456,39.88962],[-83.03511,39.88993],[-83.03763,39.89133],[-83.03872,39.89193],[-83.03884,39.892],[-83.03915,39.89217],[-83.0392,39.8922],[-83.04024,39.89278],[-83.04098,39.89319],[-83.04118,39.8933],[-83.04381,39.89476],[-83.0459,39.89592],[-83.04765,39.89683],[-83.04875,39.89733],[-83.04991,39.89783],[-83.05089,39.89822],[-83.05096,39.89825],[-83.05245,39.89879],[-83.05303,39.89898],[-83.05359,39.89917],[-83.0541,39.89933],[-83.05449,39.89945],[-83.05541,39.89971],[-83.05611,39.8999],[-83.05631,39.89995],[-83.05727,39.90019],[-83.05786,39.90032],[-83.05853,39.90046],[-83.05869,39.9005],[-83.05959,39.90068],[-83.06001,39.90076],[-83.0608,39.90091],[-83.06138,39.90102],[-83.06203,39.90114],[-83.06381,39.90148],[-83.06439,39.90159],[-83.06537,39.90178],[-83.0655,39.9018],[-83.06656,39.902],[-83.06673,39.90203],[-83.06689,39.90206],[-83.06743,39.90216],[-83.06894,39.90245],[-83.06969,39.9026],[-83.0703,39.90271],[-83.07107,39.90285],[-83.07193,39.90301],[-83.07401,39.90339],[-83.07586,39.90374],[-83.07595,39.90375],[-83.0766,39.9039],[-83.07799,39.90417],[-83.07832,39.90423],[-83.07846,39.90426],[-83.08049,39.90464],[-83.0829,39.90509],[-83.08471,39.90544],[-83.08816,39.9061],[-83.08978,39.90641],[-83.09119,39.90668],[-83.0934,39.9071],[-83.09412,39.90723],[-83.09673,39.90772],[-83.09761,39.90789],[-83.09935,39.90825],[-83.10141,39.90886],[-83.10259,39.90932],[-83.10269,39.90936],[-83.1029,39.90944],[-83.10366,39.90974],[-83.10567,39.91079],[-83.10602,39.911],[-83.10657,39.91135],[-83.10706,39.91169],[-83.10714,39.91176],[-83.10727,39.91186],[-83.10764,39.91216],[-83.10781,39.9123],[-83.10808,39.91252],[-83.10837,39.91276],[-83.10899,39.91326],[-83.10921,39.91345],[-83.10943,39.91365],[-83.11036,39.91452],[-83.11052,39.91468],[-83.11113,39.91523],[-83.11198,39.91603],[-83.1128,39.91679],[-83.11312,39.91707],[-83.11446,39.9183],[-83.11455,39.91838],[-83.11464,39.91846],[-83.115,39.91879],[-83.11543,39.91918],[-83.11646,39.92011],[-83.11668,39.92031],[-83.11712,39.92071],[-83.11724,39.92083],[-83.11776,39.92131],[-83.11801,39.92155],[-83.11832,39.92184],[-83.11859,39.92209],[-83.11874,39.92223],[-83.11913,39.9226],[-83.12005,39.92347],[-83.12032,39.92372],[-83.12075,39.92413],[-83.12187,39.92557],[-83.12203,39.92578],[-83.12251,39.92639],[-83.1229,39.92707],[-83.12291,39.9271],[-83.12359,39.92865],[-83.12393,39.92983],[-83.12399,39.9301],[-83.12402,39.93024],[-83.12407,39.93066],[-83.12419,39.93153],[-83.12421,39.93263],[-83.12421,39.93267],[-83.12418,39.93307],[-83.12414,39.9334],[-83.12407,39.93396],[-83.12405,39.93402],[-83.12384,39.93495],[-83.12381,39.93511],[-83.12354,39.93607],[-83.12346,39.93636],[-83.12345,39.9364],[-83.1228,39.93865],[-83.12239,39.94011],[-83.12238,39.94015],[-83.12237,39.9402],[-83.12236,39.94021],[-83.12234,39.94028],[-83.12231,39.94039],[-83.12219,39.94083],[-83.12201,39.94143],[-83.1217,39.94254],[-83.1213,39.94396],[-83.1209,39.94539],[-83.12033,39.94745],[-83.12026,39.9477],[-83.12019,39.94797],[-83.11993,39.94884],[-83.11972,39.94968],[-83.11957,39.9505],[-83.11953,39.9507],[-83.11944,39.95121],[-83.1193,39.95241],[-83.11927,39.95271],[-83.11923,39.95308],[-83.11917,39.95416],[-83.11915,39.95457],[-83.11912,39.95501],[-83.11912,39.95602],[-83.11912,39.95643],[-83.11916,39.9573],[-83.11923,39.95787],[-83.11932,39.95953],[-83.11941,39.96097],[-83.11943,39.96144],[-83.11946,39.96251],[-83.11948,39.9634],[-83.11949,39.96382],[-83.11949,39.96386],[-83.11952,39.96524],[-83.11953,39.96558],[-83.11955,39.96645],[-83.11956,39.96736],[-83.11954,39.96788],[-83.11953,39.9683],[-83.1195,39.96874],[-83.1195,39.96879],[-83.11946,39.96934],[-83.11944,39.97002],[-83.11942,39.97058],[-83.11941,39.97072],[-83.1194,39.97092],[-83.1194,39.97103],[-83.11936,39.9719],[-83.11935,39.97232],[-83.11933,39.97298],[-83.11927,39.97454],[-83.11923,39.97561],[-83.11921,39.97629],[-83.11921,39.97635],[-83.1192,39.97659],[-83.1192,39.97663],[-83.11911,39.97907],[-83.11907,39.98016],[-83.11906,39.98052],[-83.119,39.98203],[-83.11899,39.98236],[-83.11896,39.98315],[-83.11892,39.98396],[-83.11892,39.98406],[-83.11892,39.98447],[-83.11891,39.98514],[-83.11891,39.98524],[-83.1189,39.98531],[-83.11888,39.98695],[-83.11887,39.98733],[-83.11881,39.98893],[-83.11876,39.99063],[-83.11867,39.99257],[-83.11855,39.99652],[-83.11853,39.99682],[-83.11842,39.99973],[-83.11837,40.00073],[-83.11836,40.00176],[-83.11838,40.00246],[-83.11838,40.00262],[-83.11847,40.00385],[-83.11865,40.0054],[-83.1189,40.00683],[-83.11924,40.00867],[-83.11938,40.00948],[-83.1196,40.01065],[-83.11961,40.01069],[-83.11965,40.0109],[-83.12063,40.01633],[-83.121,40.01837],[-83.12101,40.01844],[-83.12109,40.01883],[-83.12143,40.02075],[-83.12168,40.02206],[-83.12169,40.02213],[-83.12176,40.02252],[-83.12188,40.02319],[-83.1221,40.02439],[-83.12261,40.02716],[-83.12267,40.0275],[-83.12275,40.02792],[-83.12303,40.02924],[-83.12321,40.03004],[-83.12348,40.03107],[-83.12357,40.03143],[-83.12374,40.03203],[-83.12404,40.03315],[-83.12407,40.03325],[-83.1242,40.03375],[-83.12481,40.03595],[-83.12493,40.03638],[-83.12507,40.0369],[-83.12556,40.03868],[-83.12581,40.03957],[-83.12611,40.04067],[-83.12656,40.04229],[-83.12697,40.04375],[-83.12745,40.04552],[-83.12845,40.04911],[-83.12883,40.05044],[-83.12906,40.05131],[-83.12946,40.05272],[-83.12987,40.05421],[-83.1303,40.05576],[-83.13037,40.05603],[-83.13065,40.05704],[-83.13151,40.06014],[-83.13194,40.06169],[-83.13213,40.0624],[-83.13237,40.06323],[-83.13241,40.0634],[-83.13242,40.06343],[-83.13249,40.06368],[-83.13267,40.06431],[-83.13301,40.06554],[-83.1334,40.067],[-83.13388,40.0687],[-83.1339,40.06878],[-83.13411,40.06955],[-83.13421,40.06989],[-83.13422,40.06992],[-83.13422,40.06993],[-83.13456,40.07116],[-83.13549,40.0745],[-83.13581,40.07566],[-83.13641,40.07784],[-83.13654,40.07829],[-83.13663,40.07863],[-83.13694,40.07976],[-83.13735,40.08122],[-83.13735,40.08125],[-83.13737,40.08132],[-83.13739,40.08137],[-83.13766,40.08234],[-83.13784,40.08308],[-83.13793,40.0834],[-83.13816,40.08423],[-83.1383,40.08487],[-83.13844,40.08557],[-83.1386,40.08701],[-83.13861,40.08761],[-83.13862,40.08897],[-83.13847,40.09048],[-83.13834,40.09123],[-83.13831,40.09141],[-83.13824,40.09173],[-83.13805,40.09253],[-83.1377,40.09347],[-83.13712,40.09501],[-83.13683,40.09563],[-83.13656,40.09614],[-83.13633,40.09654],[-83.13602,40.09705],[-83.13525,40.09823],[-83.135,40.09856],[-83.13472,40.09893],[-83.13456,40.09915],[-83.13448,40.09925],[-83.1342,40.09953],[-83.13388,40.09989],[-83.13314,40.10064],[-83.1327,40.10103],[-83.1321,40.10155],[-83.13166,40.10194],[-83.13154,40.10205],[-83.1314,40.10215],[-83.13109,40.1024],[-83.13067,40.10272],[-83.13066,40.10273],[-83.13017,40.10311],[-83.12954,40.10354],[-83.12856,40.10419],[-83.12613,40.10552],[-83.12561,40.10577],[-83.12204,40.10716],[-83.12088,40.10747],[-83.12083,40.10748],[-83.11903,40.10796],[-83.11668,40.10838],[-83.11583,40.10849],[-83.11491,40.10862],[-83.11471,40.10864],[-83.11296,40.10886],[-83.11252,40.10891],[-83.11231,40.10894],[-83.11114,40.10908],[-83.10999,40.10922],[-83.10776,40.10944],[-83.10772,40.10944],[-83.10349,40.10959],[-83.10101,40.10953],[-83.09947,40.10945],[-83.09882,40.10941],[-83.09768,40.10934],[-83.09667,40.10931],[-83.09639,40.10929],[-83.09583,40.10925],[-83.09439,40.10918],[-83.09296,40.1091],[-83.09222,40.10906],[-83.09172,40.10904],[-83.09144,40.10903],[-83.0912,40.10903],[-83.09112,40.10902],[-83.09103,40.10902],[-83.09096,40.10902],[-83.09091,40.10902],[-83.09035,40.109],[-83.08988,40.109],[-83.08869,40.109],[-83.0875,40.10902],[-83.08673,40.10905],[-83.08585,40.10911],[-83.08549,40.10913],[-83.08517,40.10915],[-83.08509,40.10915],[-83.08257,40.10935],[-83.08095,40.10947],[-83.07746,40.10974],[-83.07585,40.10986],[-83.07559,40.10988],[-83.07537,40.1099],[-83.07484,40.10994],[-83.07438,40.10997],[-83.07321,40.11006],[-83.0721,40.11015],[-83.07201,40.11016],[-83.07179,40.11022],[-83.07096,40.11028],[-83.06987,40.11036],[-83.06877,40.11045],[-83.06766,40.11053],[-83.06661,40.11062],[-83.06574,40.11068],[-83.06559,40.1107],[-83.06523,40.11072],[-83.06471,40.11076],[-83.06228,40.11095],[-83.06009,40.11117],[-83.0597,40.1112],[-83.05914,40.11124],[-83.05737,40.11138],[-83.05713,40.11139],[-83.05708,40.1114],[-83.05666,40.11143],[-83.05415,40.11162],[-83.05061,40.11189],[-83.04922,40.11199],[-83.04821,40.11207],[-83.04713,40.11216],[-83.04605,40.11224],[-83.04521,40.11229],[-83.04305,40.11237],[-83.04239,40.11238],[-83.04232,40.11238],[-83.04103,40.11237],[-83.03933,40.11236],[-83.03894,40.11235],[-83.03844,40.11235],[-83.03835,40.11235],[-83.03781,40.11234],[-83.03633,40.11234],[-83.03528,40.11232],[-83.03509,40.11232],[-83.03471,40.11232],[-83.03417,40.11231],[-83.03388,40.11231],[-83.03267,40.11229],[-83.03243,40.11229],[-83.03235,40.11228],[-83.03226,40.11228],[-83.03207,40.11228],[-83.03174,40.11227],[-83.02783,40.11223],[-83.02739,40.11225],[-83.02734,40.11226],[-83.02698,40.11226],[-83.0256,40.11225],[-83.02524,40.11224],[-83.02398,40.1122],[-83.0184,40.11214],[-83.0177,40.11213],[-83.01661,40.11212],[-83.01597,40.1121],[-83.01327,40.112],[-83.01206,40.11194],[-83.01158,40.11193],[-83.00946,40.11184],[-83.00875,40.11181],[-83.00782,40.11178],[-83.00654,40.11173],[-83.00491,40.11168],[-83.00396,40.11165],[-83.00382,40.11164],[-83.00372,40.11164],[-83.00367,40.11163],[-83.00343,40.11162],[-83.00318,40.11161],[-83.0016,40.11155],[-83.00085,40.11152],[-83.00052,40.11151],[-82.99888,40.11144],[-82.99618,40.11133],[-82.99609,40.11133],[-82.99601,40.11133],[-82.99548,40.11131],[-82.99526,40.1113],[-82.99389,40.11124],[-82.99322,40.1112],[-82.99253,40.11116],[-82.99158,40.11111],[-82.99106,40.11109],[-82.98736,40.11093],[-82.9873,40.11093],[-82.98561,40.11086],[-82.98452,40.11082],[-82.98435,40.11081],[-82.98329,40.11077],[-82.98264,40.11072],[-82.98151,40.11068],[-82.98058,40.11064],[-82.98034,40.11063],[-82.97876,40.11057],[-82.97777,40.11053],[-82.97742,40.11051],[-82.9773,40.1105],[-82.9767,40.11046],[-82.97647,40.11044],[-82.97522,40.11034],[-82.97492,40.11031],[-82.97414,40.11023],[-82.97371,40.11018],[-82.97297,40.11009],[-82.97267,40.11005],[-82.97093,40.1098],[-82.97016,40.10966],[-82.96862,40.10936],[-82.96778,40.1092],[-82.96716,40.10909],[-82.96659,40.10897],[-82.9659,40.10884],[-82.96475,40.10859],[-82.96303,40.10826],[-82.96301,40.10824],[-82.96214,40.10807],[-82.96161,40.10796],[-82.9614,40.10793],[-82.96121,40.1079],[-82.95984,40.10763],[-82.95947,40.10756],[-82.95928,40.10753],[-82.95882,40.10743],[-82.95745,40.10715],[-82.95574,40.10682],[-82.95358,40.10639],[-82.95174,40.10602],[-82.95104,40.10588],[-82.95056,40.10579],[-82.94991,40.10566],[-82.94953,40.10558],[-82.94942,40.10556],[-82.949,40.10547],[-82.94871,40.10541],[-82.94864,40.1054],[-82.94685,40.10504],[-82.94657,40.10499],[-82.94462,40.1046],[-82.94327,40.10434],[-82.94168,40.10403],[-82.94071,40.10384],[-82.94032,40.10377],[-82.93992,40.10369],[-82.93852,40.10342],[-82.93828,40.10337],[-82.93809,40.10333],[-82.93801,40.10332],[-82.93793,40.1033],[-82.9379,40.10329],[-82.93768,40.10324],[-82.93592,40.1029],[-82.93415,40.10255],[-82.93314,40.10235],[-82.93243,40.1022],[-82.93125,40.10197],[-82.92895,40.10151],[-82.9283,40.10139],[-82.92796,40.10133],[-82.92785,40.10131],[-82.92753,40.10124],[-82.92744,40.10122],[-82.92663,40.10106],[-82.92544,40.10082],[-82.92509,40.10076],[-82.92407,40.10055],[-82.9223,40.10019],[-82.92089,40.09993],[-82.92007,40.09976],[-82.92001,40.09975],[-82.91914,40.09958],[-82.91901,40.09954],[-82.91817,40.09934],[-82.91706,40.09901],[-82.91612,40.09867],[-82.9152,40.09829],[-82.91438,40.09789],[-82.91409,40.09774],[-82.9133,40.09734],[-82.91271,40.09696],[-82.9123,40.09669],[-82.91209,40.09654],[-82.91159,40.09617],[-82.91105,40.09572],[-82.91074,40.09544],[-82.91032,40.09504],[-82.91013,40.09487],[-82.90936,40.09402],[-82.90916,40.09374],[-82.90843,40.09275],[-82.90831,40.09256],[-82.90818,40.09235],[-82.90779,40.09163],[-82.90733,40.09062],[-82.90707,40.08978],[-82.90688,40.08916],[-82.90668,40.08796],[-82.90662,40.08762],[-82.90662,40.08742],[-82.90661,40.08697],[-82.90663,40.08654],[-82.90665,40.08618],[-82.90667,40.0859],[-82.90672,40.08517],[-82.90679,40.08426],[-82.90685,40.08356],[-82.90686,40.08345],[-82.90688,40.08311],[-82.90692,40.08265],[-82.90692,40.08251],[-82.90693,40.08238],[-82.90694,40.08233],[-82.90695,40.08226],[-82.90696,40.08214],[-82.907,40.08157],[-82.90701,40.08146],[-82.90705,40.08095],[-82.90706,40.08073],[-82.90712,40.07993],[-82.90719,40.07903],[-82.90722,40.07857],[-82.90727,40.07795],[-82.90739,40.07642],[-82.90757,40.07393],[-82.90758,40.07377],[-82.90764,40.0729],[-82.90765,40.07262],[-82.90765,40.07217],[-82.90761,40.07149],[-82.90759,40.07128],[-82.90746,40.07034],[-82.90731,40.06964],[-82.90729,40.06953],[-82.90725,40.06937],[-82.90718,40.06911],[-82.90717,40.06908],[-82.90695,40.06839],[-82.90676,40.06778],[-82.90664,40.06743],[-82.90625,40.06624],[-82.90599,40.06547],[-82.90594,40.06531],[-82.90575,40.06474],[-82.9057,40.06456],[-82.90546,40.06383],[-82.9047,40.06156],[-82.90443,40.06073],[-82.90433,40.06042],[-82.90376,40.05872],[-82.90368,40.05845],[-82.90342,40.05766],[-82.90329,40.05729],[-82.90329,40.05726],[-82.9032,40.05701],[-82.90289,40.05593],[-82.90268,40.05511],[-82.90251,40.05434],[-82.90233,40.05338],[-82.90228,40.05307],[-82.90224,40.05279],[-82.90209,40.0516],[-82.90202,40.05075],[-82.90197,40.04973],[-82.90196,40.04903],[-82.90198,40.04812],[-82.90198,40.04809],[-82.90203,40.04713],[-82.90209,40.0463],[-82.90221,40.04474],[-82.90226,40.04403],[-82.90231,40.0434],[-82.90242,40.04198],[-82.90245,40.04162],[-82.90247,40.04138],[-82.90269,40.03842],[-82.90272,40.03799],[-82.90275,40.03765],[-82.90289,40.03591],[-82.90292,40.03542],[-82.90294,40.03504],[-82.90306,40.03343],[-82.90309,40.03313],[-82.90324,40.03101],[-82.90325,40.03077],[-82.90336,40.02923],[-82.90347,40.02769],[-82.90348,40.02755],[-82.9035,40.02729],[-82.9035,40.02724],[-82.90352,40.02697],[-82.90358,40.02625],[-82.90363,40.02542],[-82.90364,40.02533],[-82.90372,40.02414],[-82.90374,40.02395],[-82.90379,40.02339],[-82.90404,40.02059],[-82.90408,40.01996],[-82.90409,40.01983],[-82.90408,40.01881],[-82.904,40.01792],[-82.90389,40.01728],[-82.90363,40.01621],[-82.90352,40.0159],[-82.90346,40.01575],[-82.90321,40.01504],[-82.90303,40.01469],[-82.90276,40.01414],[-82.90245,40.01359],[-82.90228,40.01333],[-82.90205,40.01299],[-82.90181,40.01266],[-82.90163,40.01239],[-82.90056,40.01126],[-82.89964,40.01056],[-82.89954,40.01049],[-82.89946,40.01043],[-82.89939,40.01039],[-82.89894,40.01011],[-82.89806,40.00968],[-82.89698,40.00926],[-82.89675,40.00919],[-82.89585,40.00894],[-82.89497,40.00877],[-82.89453,40.00871],[-82.89353,40.00862],[-82.89268,40.00857],[-82.89215,40.00854],[-82.89106,40.0085],[-82.89041,40.00847],[-82.8888,40.00838],[-82.88773,40.00832],[-82.88766,40.00832],[-82.88651,40.00826],[-82.88592,40.00823],[-82.88544,40.00821],[-82.88483,40.00817],[-82.88436,40.00815],[-82.88375,40.00811],[-82.88326,40.00808],[-82.88315,40.00808],[-82.88065,40.00794],[-82.87936,40.00787],[-82.87823,40.00774],[-82.87726,40.00758],[-82.87628,40.00736],[-82.87562,40.00717],[-82.87498,40.00697],[-82.87482,40.00692],[-82.87469,40.00688],[-82.8744,40.00679],[-82.87434,40.00678],[-82.87428,40.00676],[-82.87372,40.00659],[-82.87343,40.0065],[-82.87066,40.00567],[-82.86962,40.00536],[-82.86879,40.00509],[-82.8677,40.00477],[-82.86736,40.00467],[-82.86654,40.00442],[-82.86588,40.00422],[-82.86411,40.00368],[-82.86279,40.00326],[-82.86212,40.00302],[-82.8612,40.00256],[-82.86032,40.00204],[-82.85939,40.00138],[-82.8588,40.00088],[-82.8583,40.00039],[-82.85785,39.99987],[-82.85775,39.99973],[-82.85738,39.99923],[-82.85693,39.9985],[-82.85689,39.99842],[-82.85677,39.99819],[-82.85648,39.99754],[-82.85627,39.99684],[-82.85616,39.99641],[-82.85607,39.99584],[-82.85602,39.99516],[-82.85603,39.99463],[-82.85605,39.99448],[-82.85613,39.99375],[-82.8562,39.99341],[-82.85622,39.99332],[-82.85627,39.99303],[-82.85641,39.99226],[-82.85682,39.98998],[-82.85688,39.98952],[-82.85697,39.98838],[-82.85696,39.98758],[-82.85693,39.9871],[-82.85692,39.98701],[-82.85689,39.98671],[-82.85689,39.98666],[-82.85687,39.98649],[-82.85684,39.98635],[-82.85679,39.986],[-82.85677,39.98586],[-82.85667,39.98534],[-82.85653,39.98483],[-82.85645,39.98452],[-82.85618,39.98375],[-82.85592,39.98312],[-82.8557,39.98266],[-82.85551,39.98225],[-82.8553,39.98186],[-82.85493,39.98123],[-82.8545,39.9806],[-82.85406,39.98001],[-82.85384,39.97974],[-82.85373,39.97961],[-82.85286,39.97865],[-82.85256,39.97833],[-82.85115,39.97684],[-82.85061,39.97627],[-82.84946,39.97505],[-82.84821,39.97376],[-82.84788,39.9735],[-82.84756,39.97315],[-82.84658,39.97204],[-82.8464,39.97184],[-82.84482,39.96971],[-82.84464,39.96943],[-82.84371,39.9676],[-82.84309,39.96568],[-82.843,39.96509],[-82.84282,39.96379],[-82.84279,39.96257],[-82.84283,39.96177],[-82.84294,39.96094],[-82.84301,39.96043],[-82.84338,39.95858],[-82.84397,39.9557],[-82.84418,39.95465],[-82.84437,39.95369],[-82.84488,39.95121],[-82.84536,39.94884],[-82.84569,39.94717],[-82.84599,39.94573],[-82.84651,39.94312],[-82.84657,39.94285],[-82.84662,39.94262],[-82.84677,39.94197],[-82.84699,39.94125],[-82.84707,39.941],[-82.84722,39.94059],[-82.84771,39.9395],[-82.84874,39.93773],[-82.85025,39.93587],[-82.85102,39.93509],[-82.85142,39.93474],[-82.85185,39.93435],[-82.85198,39.93425],[-82.85202,39.93423],[-82.85218,39.9341],[-82.85245,39.93389],[-82.85248,39.93387],[-82.85251,39.93385],[-82.8528,39.93363],[-82.85308,39.93344],[-82.85397,39.93284],[-82.85441,39.93257],[-82.85465,39.93244],[-82.85485,39.93232],[-82.85659,39.93137],[-82.85748,39.93085],[-82.85768,39.93074],[-82.85815,39.93048],[-82.85848,39.93031],[-82.86023,39.92932],[-82.86224,39.9282],[-82.86481,39.92679],[-82.86498,39.9267]]}},{"type":"Feature","properties":{"layer":"primary","NAME":"I- 270","MTFCC":"S1100"},"geometry":{"type":"LineString","coordinates":[[-83.06554,40.11049],[-83.06244,40.11073],[-83.06016,40.11086],[-83.0596,40.1109],[-83.0573,40.11107],[-83.05706,40.11109],[-83.05702,40.11109],[-83.05509,40.11124],[-83.05415,40.11131],[-83.04882,40.11172],[-83.04601,40.11194],[-83.04521,40.11199],[-83.0432,40.11209],[-83.04241,40.11211],[-83.04218,40.11212],[-83.04115,40.11213],[-83.03919,40.1121],[-83.03901,40.1121],[-83.0385,40.11209],[-83.03787,40.11209],[-83.03533,40.11207],[-83.03513,40.11206],[-83.03476,40.11205],[-83.03402,40.11205],[-83.0327,40.11205],[-83.0325,40.11204],[-83.03235,40.11204],[-83.03229,40.11204],[-83.03207,40.11204],[-83.02946,40.11202],[-83.028,40.112],[-83.02734,40.11199],[-83.02655,40.11199],[-83.0262,40.11199],[-83.02308,40.11196],[-83.02169,40.11195],[-83.02063,40.11193],[-83.0184,40.11192],[-83.01689,40.11189],[-83.01665,40.11188],[-83.01662,40.11188],[-83.01659,40.11188],[-83.01573,40.11186],[-83.01483,40.11183],[-83.01159,40.1117],[-83.00946,40.11162],[-83.00825,40.11156],[-83.00703,40.11148],[-83.00627,40.11146],[-83.00399,40.11137],[-83.00381,40.11136],[-83.0037,40.11135],[-83.00365,40.11135],[-83.00341,40.11134],[-83.00316,40.11133],[-83.00087,40.11124],[-83.00052,40.11123],[-82.99879,40.11115],[-82.99799,40.11112],[-82.9963,40.11105],[-82.99616,40.11105],[-82.99613,40.11105],[-82.99611,40.11104],[-82.99606,40.11104],[-82.99578,40.11103],[-82.99551,40.11102],[-82.99348,40.11094],[-82.99324,40.11093],[-82.99307,40.11092],[-82.99158,40.11089],[-82.99114,40.11086],[-82.98731,40.11071],[-82.98544,40.11064],[-82.98441,40.11059],[-82.98437,40.11058],[-82.9839,40.11056],[-82.98264,40.11053],[-82.98139,40.11048],[-82.98039,40.11045],[-82.98019,40.11044],[-82.97866,40.11037],[-82.97791,40.11032],[-82.97755,40.11031],[-82.97743,40.11031],[-82.97687,40.11028],[-82.97525,40.11015],[-82.97496,40.11012],[-82.97465,40.11009],[-82.9737,40.10998],[-82.97311,40.10991],[-82.97268,40.10985],[-82.97221,40.10978],[-82.97159,40.10968],[-82.9705,40.10949],[-82.97021,40.10943],[-82.96897,40.10919],[-82.96731,40.10887],[-82.96614,40.10863],[-82.96526,40.10847],[-82.96475,40.10837],[-82.96367,40.10815],[-82.96359,40.10814],[-82.96257,40.10794],[-82.96175,40.10778],[-82.96155,40.10774],[-82.95924,40.10727],[-82.95874,40.10717],[-82.95652,40.10674],[-82.9558,40.10661],[-82.95452,40.10637],[-82.95417,40.10629],[-82.95338,40.10614],[-82.95132,40.10573],[-82.9497,40.1054],[-82.94955,40.10538],[-82.94943,40.10535],[-82.9494,40.10535],[-82.949,40.10527],[-82.94889,40.10525],[-82.94769,40.10501],[-82.94684,40.10485],[-82.94645,40.10476],[-82.94491,40.10446],[-82.94384,40.10424],[-82.94358,40.10419],[-82.94186,40.10385],[-82.94064,40.10361],[-82.94008,40.10349],[-82.93975,40.10342],[-82.93877,40.10324],[-82.93799,40.10309],[-82.9379,40.10308],[-82.93786,40.10307],[-82.9376,40.10301],[-82.93597,40.10268],[-82.93517,40.10253],[-82.93459,40.10241],[-82.93401,40.10229],[-82.93211,40.10192],[-82.9303,40.10157],[-82.92894,40.10131],[-82.9283,40.10118],[-82.92795,40.10111],[-82.92511,40.10056],[-82.92233,40.10001],[-82.92151,40.09985],[-82.92001,40.09956],[-82.91986,40.09953],[-82.9178,40.09902],[-82.91666,40.09863],[-82.91568,40.09826],[-82.91433,40.09761],[-82.91381,40.09731],[-82.91321,40.09695],[-82.91314,40.09691],[-82.91242,40.09643],[-82.91156,40.09577],[-82.91104,40.09533],[-82.91078,40.09507],[-82.91064,40.09493],[-82.90993,40.0942],[-82.90895,40.09295],[-82.90881,40.09275],[-82.90867,40.0925],[-82.90809,40.09149],[-82.90764,40.09047],[-82.90741,40.08978],[-82.90738,40.08967],[-82.90732,40.0895],[-82.90708,40.08827],[-82.90701,40.08738],[-82.90699,40.08707],[-82.90699,40.08692],[-82.90699,40.08639],[-82.90702,40.08589],[-82.90703,40.08574],[-82.90717,40.08383],[-82.90721,40.08312],[-82.90722,40.08299],[-82.90725,40.08253],[-82.90726,40.0825],[-82.90726,40.08239],[-82.90727,40.08232],[-82.90728,40.08227],[-82.90729,40.08216],[-82.9074,40.08087],[-82.90741,40.08073],[-82.90747,40.07982],[-82.90753,40.07903],[-82.90759,40.07844],[-82.90766,40.0775],[-82.90767,40.07734],[-82.90771,40.07683],[-82.90775,40.07633],[-82.90786,40.07503],[-82.90788,40.07455],[-82.90797,40.07325],[-82.908,40.07262],[-82.90799,40.07217],[-82.90795,40.07151],[-82.90794,40.07131],[-82.9078,40.0703],[-82.90764,40.06951],[-82.90763,40.06943],[-82.9076,40.06931],[-82.90756,40.0692],[-82.90754,40.06912],[-82.9074,40.06867],[-82.90715,40.06792],[-82.90711,40.06779],[-82.90702,40.06753],[-82.90667,40.06644],[-82.90629,40.06531],[-82.90607,40.06463],[-82.90582,40.06384],[-82.90564,40.06329],[-82.90559,40.06314],[-82.90524,40.0621],[-82.90504,40.0615],[-82.90475,40.0606],[-82.90445,40.05972],[-82.90414,40.05876],[-82.90403,40.05845],[-82.90365,40.05727],[-82.90356,40.05704],[-82.90332,40.05623],[-82.90314,40.05558],[-82.9029,40.05455],[-82.90269,40.05347],[-82.90259,40.0528],[-82.90258,40.05272],[-82.90255,40.05247],[-82.90245,40.0516],[-82.90235,40.05059],[-82.90231,40.04973],[-82.90231,40.04944],[-82.90231,40.04831],[-82.90232,40.0481],[-82.90235,40.04747],[-82.90242,40.04651],[-82.90255,40.04473],[-82.90264,40.04356],[-82.90276,40.042],[-82.90306,40.03811],[-82.90307,40.03801],[-82.90308,40.03787],[-82.9031,40.03765],[-82.90314,40.03708],[-82.90329,40.03504],[-82.90341,40.03343],[-82.90343,40.03314],[-82.90359,40.031],[-82.90364,40.03033],[-82.90376,40.02869],[-82.90386,40.02758],[-82.90386,40.02755],[-82.90388,40.0273],[-82.90388,40.02725],[-82.90392,40.02687],[-82.90398,40.02612],[-82.90402,40.02551],[-82.90403,40.02543],[-82.90404,40.02534],[-82.90412,40.02414],[-82.90417,40.0235],[-82.90425,40.02222],[-82.90437,40.02068],[-82.90442,40.01998],[-82.90443,40.0199],[-82.90441,40.01866],[-82.90428,40.01753],[-82.90422,40.01728],[-82.90408,40.01662],[-82.90389,40.01595],[-82.90381,40.0157],[-82.90379,40.01565],[-82.90374,40.01549],[-82.90365,40.01522],[-82.90364,40.0152],[-82.90344,40.01476],[-82.90322,40.0143],[-82.90285,40.01361],[-82.90272,40.01339],[-82.90229,40.01276],[-82.90225,40.0127],[-82.90212,40.01252],[-82.90162,40.0119],[-82.90087,40.01114],[-82.90074,40.01101],[-82.90042,40.01077],[-82.89998,40.01043],[-82.8997,40.01023],[-82.89963,40.01019],[-82.89959,40.01016],[-82.89957,40.01015],[-82.89944,40.01006],[-82.89898,40.00976],[-82.89865,40.0096],[-82.89776,40.0092],[-82.89677,40.0089],[-82.89618,40.00872],[-82.89477,40.00846],[-82.89456,40.00843],[-82.89408,40.00839],[-82.89274,40.00829],[-82.88856,40.00807],[-82.88701,40.00799],[-82.88654,40.00796],[-82.88594,40.00793],[-82.88508,40.00789],[-82.88324,40.00779],[-82.88178,40.00771],[-82.88061,40.00764],[-82.87988,40.0076],[-82.87877,40.00752],[-82.87781,40.00738],[-82.87691,40.0072],[-82.87607,40.00698],[-82.87577,40.00689],[-82.87498,40.00666],[-82.87482,40.00661],[-82.87469,40.00657],[-82.87439,40.00648],[-82.87435,40.00646],[-82.87429,40.00645],[-82.8742,40.00642],[-82.87376,40.00628],[-82.87359,40.00624],[-82.87343,40.00619],[-82.86904,40.00486],[-82.86773,40.00446],[-82.86739,40.00436],[-82.86661,40.00411],[-82.86588,40.0039],[-82.86515,40.00368],[-82.86413,40.00337],[-82.86318,40.00306],[-82.86271,40.00289],[-82.86227,40.00268],[-82.86116,40.00215],[-82.86018,40.00155],[-82.85948,40.00102],[-82.85882,40.00042],[-82.85837,39.99994],[-82.85808,39.99957],[-82.85779,39.99919],[-82.85735,39.9985],[-82.85715,39.99808],[-82.85693,39.99762],[-82.85682,39.99733],[-82.85666,39.99684],[-82.85652,39.99625],[-82.85645,39.99571],[-82.85641,39.99514],[-82.85642,39.99473],[-82.85642,39.99469],[-82.85645,39.99428],[-82.85656,39.99351],[-82.8566,39.99333],[-82.85668,39.9929],[-82.85673,39.99264],[-82.8568,39.99223],[-82.8569,39.99176],[-82.85721,39.98998],[-82.85724,39.98978],[-82.85732,39.98911],[-82.85735,39.98829],[-82.85735,39.98759],[-82.85731,39.98708],[-82.8573,39.987],[-82.85727,39.98669],[-82.85726,39.98662],[-82.85725,39.98648],[-82.85716,39.98595],[-82.85713,39.98575],[-82.85703,39.98529],[-82.85696,39.98497],[-82.85693,39.98486],[-82.85691,39.98478],[-82.85691,39.98475],[-82.85686,39.98463],[-82.85661,39.98392],[-82.8564,39.9834],[-82.85629,39.98312],[-82.85586,39.98221],[-82.85527,39.98118],[-82.85459,39.98021],[-82.85446,39.98004],[-82.85413,39.97961],[-82.85398,39.97944],[-82.85323,39.9786],[-82.85294,39.9783],[-82.85288,39.97823],[-82.85267,39.978],[-82.85168,39.97695],[-82.8514,39.97665],[-82.85103,39.97627],[-82.84915,39.97428],[-82.84885,39.97392],[-82.84865,39.97367],[-82.84788,39.97287],[-82.84681,39.97176],[-82.8451,39.96963],[-82.84498,39.96943],[-82.84402,39.96757],[-82.84339,39.96569],[-82.84308,39.96387],[-82.84307,39.96368],[-82.843,39.96257],[-82.84308,39.96141],[-82.84324,39.96038],[-82.84418,39.9557],[-82.8444,39.95465],[-82.84509,39.95123],[-82.84558,39.94884],[-82.84586,39.94743],[-82.84592,39.94712],[-82.84623,39.94557],[-82.84673,39.94312],[-82.84699,39.94197],[-82.84722,39.94122],[-82.84735,39.94086],[-82.84771,39.93998],[-82.84897,39.93775],[-82.85043,39.93596],[-82.85131,39.93509],[-82.85169,39.93475],[-82.85215,39.93436],[-82.85226,39.93427],[-82.85231,39.93424],[-82.85247,39.93413],[-82.85275,39.93391],[-82.85281,39.93386],[-82.85336,39.93346],[-82.85431,39.93284],[-82.85485,39.93252],[-82.85507,39.9324],[-82.8553,39.93228],[-82.85659,39.93157],[-82.85749,39.93107],[-82.85771,39.93096],[-82.85792,39.93084],[-82.85865,39.93044],[-82.85893,39.9303],[-82.85978,39.92992],[-82.86094,39.92928],[-82.86287,39.92819],[-82.86483,39.9271],[-82.865,39.92701],[-82.86518,39.92691],[-82.86537,39.92681],[-82.86548,39.92675],[-82.86571,39.92662],[-82.86583,39.92655],[-82.86908,39.92477],[-82.87079,39.92383],[-82.8721,39.92307],[-82.87325,39.92239],[-82.87436,39.92169],[-82.87499,39.92129],[-82.8758,39.92078],[-82.87701,39.91996],[-82.87764,39.91952],[-82.87858,39.91885],[-82.88045,39.91748],[-82.88076,39.91726],[-82.88237,39.91609],[-82.88296,39.91567],[-82.88306,39.9156],[-82.88324,39.91547],[-82.88471,39.9144],[-82.88938,39.91083],[-82.89019,39.91015],[-82.89081,39.90963],[-82.89085,39.9096],[-82.89087,39.90957],[-82.89089,39.90956],[-82.89094,39.90952],[-82.89126,39.90923],[-82.89212,39.90846],[-82.89335,39.90731],[-82.89427,39.90642],[-82.89464,39.90605],[-82.89474,39.90595],[-82.89514,39.90555],[-82.89525,39.90544],[-82.89529,39.90539],[-82.89612,39.90453],[-82.8963,39.90434],[-82.89647,39.90417],[-82.89735,39.90329],[-82.89832,39.90233],[-82.89842,39.90222],[-82.89844,39.9022],[-82.89861,39.90201],[-82.89915,39.90146],[-82.89999,39.90062],[-82.9024,39.89816],[-82.90302,39.89755],[-82.90304,39.89753],[-82.90417,39.89636],[-82.90592,39.89459],[-82.90676,39.89374],[-82.90984,39.89061],[-82.91144,39.88898],[-82.91147,39.88896],[-82.91179,39.88863],[-82.91186,39.88856],[-82.91202,39.88839],[-82.91303,39.88737],[-82.91309,39.88731],[-82.91316,39.88724],[-82.91354,39.88685],[-82.91515,39.88521],[-82.91869,39.88163],[-82.91997,39.88033],[-82.92013,39.88016],[-82.92033,39.87996],[-82.92037,39.87992],[-82.9212,39.87906],[-82.92143,39.87884],[-82.92243,39.87782],[-82.92283,39.87742],[-82.92407,39.87632],[-82.92502,39.8756],[-82.92603,39.87495],[-82.92656,39.87461],[-82.927,39.87435],[-82.92762,39.87403],[-82.92985,39.87306],[-82.93131,39.87257],[-82.93147,39.87253],[-82.93258,39.87225],[-82.93329,39.87207],[-82.93341,39.87204],[-82.93353,39.87202],[-82.93377,39.87197],[-82.9348,39.87182],[-82.93644,39.87159],[-82.93711,39.87157],[-82.93973,39.8715],[-82.94139,39.87158],[-82.94176,39.87159],[-82.94363,39.87168],[-82.94535,39.87175],[-82.94645,39.87181],[-82.95005,39.87197],[-82.95059,39.872],[-82.95064,39.872],[-82.95079,39.87201],[-82.95426,39.87217],[-82.95904,39.87238],[-82.95959,39.87241],[-82.95965,39.87241],[-82.95987,39.87242],[-82.96188,39.87251],[-82.96317,39.87257],[-82.96577,39.87269],[-82.96887,39.87284],[-82.96931,39.87285],[-82.97068,39.87291],[-82.97208,39.87298],[-82.97343,39.87304],[-82.97798,39.87324],[-82.98099,39.87339],[-82.98122,39.8734],[-82.98158,39.87341],[-82.9833,39.87349],[-82.98336,39.87349],[-82.98859,39.87373],[-82.98873,39.87373],[-82.98896,39.87374],[-82.9899,39.87378],[-82.99016,39.8738],[-82.99336,39.87395],[-82.99431,39.87399],[-82.99454,39.874],[-82.99569,39.87406],[-82.99628,39.8741],[-82.99734,39.8742],[-82.99881,39.87433],[-82.99989,39.87447],[-83.00186,39.87477],[-83.00201,39.8748],[-83.0033,39.87505],[-83.00355,39.8751],[-83.00361,39.87512],[-83.00372,39.87514],[-83.00379,39.87516],[-83.00381,39.87516],[-83.00476,39.87538],[-83.00603,39.87572],[-83.00647,39.87585],[-83.00728,39.87609],[-83.00759,39.87618],[-83.00779,39.87625],[-83.00872,39.87654],[-83.0094,39.87676],[-83.01017,39.87704],[-83.01146,39.87755],[-83.01252,39.878],[-83.01288,39.87815],[-83.0131,39.87825],[-83.01408,39.8787],[-83.01512,39.87921],[-83.01546,39.87939],[-83.01583,39.87958],[-83.01667,39.88004],[-83.01692,39.88019],[-83.01725,39.88037],[-83.01784,39.88069],[-83.01817,39.88088],[-83.01832,39.88096],[-83.01903,39.88136],[-83.02264,39.88337],[-83.02608,39.88527],[-83.02617,39.88532],[-83.02757,39.8861],[-83.02776,39.8862],[-83.0313,39.88817],[-83.03456,39.88999],[-83.03511,39.89029],[-83.03738,39.89155],[-83.03823,39.89202],[-83.03848,39.89216],[-83.03861,39.89223],[-83.03891,39.89241],[-83.039,39.89245],[-83.03959,39.89279],[-83.03994,39.89297],[-83.04034,39.8932],[-83.04091,39.89352],[-83.04375,39.89509],[-83.04404,39.89526],[-83.04629,39.89645],[-83.04785,39.89721],[-83.04854,39.89754],[-83.04896,39.89772],[-83.05051,39.89835],[-83.05124,39.89865],[-83.05245,39.89907],[-83.05284,39.89921],[-83.05302,39.89927],[-83.05405,39.89959],[-83.05422,39.89964],[-83.05457,39.89974],[-83.05542,39.89999],[-83.05568,39.90006],[-83.05615,39.90019],[-83.05715,39.90043],[-83.0581,39.90065],[-83.05955,39.90094],[-83.06081,39.90118],[-83.06138,39.90129],[-83.06202,39.90141],[-83.06433,39.90185],[-83.06539,39.90205],[-83.06542,39.90205],[-83.06854,39.90265],[-83.0691,39.90275],[-83.06917,39.90277],[-83.06942,39.90281],[-83.07075,39.90306],[-83.07387,39.90366],[-83.07551,39.90397],[-83.0757,39.90401],[-83.07575,39.90402],[-83.07784,39.90441],[-83.07794,39.90443],[-83.07811,39.90447],[-83.07826,39.9045],[-83.07834,39.90451],[-83.07923,39.90468],[-83.0801,39.90485],[-83.08231,39.90526],[-83.08443,39.90566],[-83.08582,39.90592],[-83.08816,39.90637],[-83.08978,39.90668],[-83.09037,39.90679],[-83.09199,39.90709],[-83.09303,39.90729],[-83.09357,39.9074],[-83.0939,39.90746],[-83.09441,39.90756],[-83.09553,39.90777],[-83.09761,39.90816],[-83.09783,39.90821],[-83.09958,39.90859],[-83.10247,39.90954],[-83.1026,39.9096],[-83.10267,39.90963],[-83.1029,39.90973],[-83.10459,39.91051],[-83.10602,39.91134],[-83.10657,39.9117],[-83.10663,39.91175],[-83.10679,39.91185],[-83.10703,39.91202],[-83.10719,39.91215],[-83.10758,39.91246],[-83.10807,39.91284],[-83.10836,39.9131],[-83.10867,39.91338],[-83.10876,39.91345],[-83.10918,39.91384],[-83.11003,39.91463],[-83.11033,39.9149],[-83.11104,39.91555],[-83.11154,39.91602],[-83.11243,39.91684],[-83.11317,39.91752],[-83.11379,39.91809],[-83.11409,39.91837],[-83.11447,39.91872],[-83.11501,39.91922],[-83.11525,39.91944],[-83.1153,39.91949],[-83.11596,39.9201],[-83.11634,39.92046],[-83.11691,39.92098],[-83.11738,39.92142],[-83.11747,39.92151],[-83.11795,39.92194],[-83.11817,39.92214],[-83.11822,39.92219],[-83.11899,39.9229],[-83.11955,39.92342],[-83.11981,39.92368],[-83.12005,39.9239],[-83.12043,39.92427],[-83.12156,39.9256],[-83.12168,39.92577],[-83.12174,39.92586],[-83.12225,39.92663],[-83.12253,39.9271],[-83.12314,39.92839],[-83.12362,39.92995],[-83.12365,39.93008],[-83.12368,39.93036],[-83.12384,39.93151],[-83.12384,39.93308],[-83.12381,39.93338],[-83.12378,39.93354],[-83.12372,39.93396],[-83.12352,39.93484],[-83.12342,39.93525],[-83.12316,39.93618],[-83.12315,39.93623],[-83.12313,39.93629],[-83.12303,39.93664],[-83.12253,39.93841],[-83.12206,39.94005],[-83.12205,39.9401],[-83.12203,39.94014],[-83.12203,39.94016],[-83.122,39.94024],[-83.12196,39.9404],[-83.12174,39.94117],[-83.12095,39.94393],[-83.12053,39.94538],[-83.12013,39.94685],[-83.11989,39.94771],[-83.11958,39.94918],[-83.11934,39.9503],[-83.11925,39.95079],[-83.1192,39.95114],[-83.11907,39.95209],[-83.11902,39.95271],[-83.11888,39.95457],[-83.11886,39.95503],[-83.11886,39.95606],[-83.11893,39.95778],[-83.119,39.95871],[-83.11906,39.95954],[-83.11909,39.96],[-83.11919,39.96384],[-83.11919,39.96388],[-83.11922,39.96526],[-83.11923,39.96563],[-83.11926,39.96735],[-83.11926,39.96777],[-83.11926,39.96789],[-83.11927,39.9682],[-83.11927,39.96874],[-83.11925,39.96922],[-83.11922,39.97001],[-83.11919,39.97068],[-83.11919,39.97089],[-83.11918,39.97105],[-83.11914,39.97231],[-83.11906,39.97451],[-83.11904,39.97516],[-83.11902,39.97561],[-83.11899,39.97627],[-83.11899,39.97634],[-83.11898,39.97658],[-83.11898,39.97664],[-83.1189,39.97908],[-83.11886,39.98015],[-83.11885,39.98049],[-83.11881,39.98169],[-83.1188,39.98205],[-83.11878,39.98236],[-83.11875,39.98313],[-83.11871,39.98401],[-83.11867,39.98518],[-83.11866,39.98528],[-83.11866,39.98532],[-83.11863,39.98597],[-83.1186,39.98632],[-83.11855,39.98701],[-83.11847,39.98889],[-83.1184,39.9907],[-83.11833,39.99285],[-83.11827,39.99456],[-83.11822,39.99576],[-83.11819,39.99651],[-83.11815,39.99751],[-83.11807,39.99975],[-83.11803,40.00073],[-83.11803,40.00204],[-83.11803,40.00244],[-83.11804,40.00262],[-83.11813,40.00384],[-83.1183,40.0054],[-83.11873,40.00782],[-83.11892,40.00887],[-83.11904,40.00948],[-83.11922,40.01048],[-83.11923,40.01052],[-83.11927,40.01073],[-83.12065,40.01839],[-83.12068,40.01854],[-83.12081,40.01922],[-83.12092,40.01984],[-83.12109,40.02076],[-83.12126,40.02167],[-83.12127,40.02175],[-83.12136,40.0222],[-83.12153,40.02319],[-83.12177,40.02453],[-83.12231,40.02747],[-83.12242,40.02804],[-83.12248,40.02834],[-83.12281,40.02999],[-83.12282,40.03005],[-83.12309,40.03115],[-83.12321,40.03167],[-83.12335,40.03215],[-83.12365,40.03319],[-83.12368,40.03329],[-83.12382,40.03377],[-83.12442,40.03597],[-83.12468,40.0369],[-83.12542,40.03957],[-83.12552,40.03994],[-83.12572,40.04069],[-83.12629,40.04273],[-83.12658,40.04375],[-83.12668,40.04415],[-83.12684,40.04471],[-83.12702,40.04538],[-83.1271,40.04567],[-83.12806,40.04913],[-83.12844,40.0505],[-83.12847,40.05061],[-83.12868,40.05136],[-83.12885,40.05198],[-83.12931,40.05364],[-83.1297,40.05504],[-83.12992,40.05585],[-83.13027,40.05711],[-83.13054,40.05809],[-83.13096,40.05957],[-83.13126,40.06069],[-83.13155,40.06171],[-83.13174,40.0624],[-83.13199,40.06332],[-83.13204,40.06349],[-83.13205,40.06352],[-83.1321,40.06369],[-83.13302,40.06702],[-83.13348,40.0687],[-83.13374,40.06962],[-83.13384,40.06998],[-83.13416,40.07116],[-83.13419,40.07125],[-83.13428,40.07156],[-83.13543,40.07571],[-83.13605,40.07796],[-83.13618,40.07842],[-83.13625,40.07868],[-83.1369,40.08102],[-83.13697,40.08127],[-83.13699,40.08135],[-83.13724,40.08224],[-83.13751,40.08313],[-83.1376,40.08346],[-83.13775,40.084],[-83.13796,40.08487],[-83.13818,40.08616],[-83.13824,40.08678],[-83.13827,40.08759],[-83.13831,40.08836],[-83.13821,40.08991],[-83.1381,40.09069],[-83.13795,40.09146],[-83.1379,40.09173],[-83.13782,40.09206],[-83.13762,40.09276],[-83.13749,40.09316],[-83.1368,40.09485],[-83.13675,40.09498],[-83.13657,40.09534],[-83.13651,40.09546],[-83.1362,40.09599],[-83.13538,40.09737],[-83.13465,40.09861],[-83.13441,40.09893],[-83.13422,40.09916],[-83.13404,40.09937],[-83.13375,40.0997],[-83.1334,40.1001],[-83.13297,40.10055],[-83.13252,40.10099],[-83.13172,40.1017],[-83.13127,40.10209],[-83.13057,40.10264],[-83.13056,40.10265],[-83.1305,40.1027],[-83.13042,40.10276],[-83.12985,40.10317],[-83.12902,40.10373],[-83.12862,40.10398],[-83.12759,40.1046],[-83.12584,40.10552],[-83.1256,40.10564],[-83.12198,40.10705],[-83.12085,40.10736],[-83.1208,40.10738],[-83.1196,40.10771],[-83.11669,40.10826],[-83.11606,40.10834],[-83.11541,40.10843],[-83.1149,40.10849],[-83.11472,40.10852],[-83.11297,40.10873],[-83.11251,40.10879],[-83.1123,40.10882],[-83.11116,40.10896],[-83.11014,40.10909],[-83.10776,40.10932],[-83.10424,40.10946],[-83.10062,40.10939],[-83.09964,40.10934],[-83.09882,40.10929],[-83.09724,40.10921],[-83.09653,40.10917],[-83.09454,40.10906],[-83.09291,40.10898],[-83.09189,40.10893],[-83.09169,40.10892],[-83.0915,40.10891],[-83.09121,40.1089],[-83.09111,40.10889],[-83.09107,40.10889],[-83.09104,40.10889],[-83.09098,40.10889],[-83.09091,40.10889],[-83.09039,40.10888],[-83.08989,40.10888],[-83.08929,40.10887],[-83.0888,40.10888],[-83.08834,40.10888],[-83.08799,40.10889],[-83.08683,40.10893],[-83.08589,40.10898],[-83.08555,40.10901],[-83.08434,40.10909],[-83.08182,40.10929],[-83.08125,40.10933],[-83.08095,40.10935],[-83.07889,40.10951],[-83.07721,40.10964],[-83.07535,40.10978],[-83.07484,40.10982],[-83.07437,40.10986],[-83.07321,40.10995],[-83.07202,40.11004],[-83.07175,40.11001],[-83.06731,40.11035],[-83.06652,40.11041],[-83.06554,40.11049]]}},{"type":"Feature","properties":{"layer":"primary","NAME":"I- 270","MTFCC":"S1100"},"geometry":{"type":"LineString","coordinates":[[-82.98058,40.11064],[-82.98034,40.11063],[-82.97876,40.11057],[-82.97777,40.11053],[-82.97742,40.11051],[-82.9773,40.1105],[-82.9767,40.11046],[-82.97647,40.11044],[-82.97522,40.11034],[-82.97492,40.11031],[-82.97414,40.11023],[-82.97371,40.11018],[-82.97297,40.11009],[-82.97267,40.11005],[-82.97093,40.1098],[-82.97016,40.10966],[-82.96862,40.10936],[-82.96778,40.1092],[-82.96716,40.10909],[-82.96659,40.10897],[-82.9659,40.10884],[-82.96475,40.10859],[-82.96303,40.10826],[-82.96301,40.10824],[-82.96214,40.10807],[-82.96161,40.10796],[-82.9614,40.10793],[-82.96121,40.1079],[-82.95984,40.10763],[-82.95947,40.10756],[-82.95928,40.10753],[-82.95882,40.10743],[-82.95745,40.10715],[-82.95574,40.10682],[-82.95358,40.10639],[-82.95174,40.10602],[-82.95104,40.10588],[-82.95056,40.10579],[-82.94991,40.10566],[-82.94953,40.10558],[-82.94942,40.10556],[-82.949,40.10547],[-82.94871,40.10541],[-82.94864,40.1054],[-82.94685,40.10504],[-82.94657,40.10499],[-82.94462,40.1046],[-82.94327,40.10434],[-82.94168,40.10403],[-82.94071,40.10384],[-82.94032,40.10377],[-82.93992,40.10369],[-82.93852,40.10342],[-82.93828,40.10337],[-82.93809,40.10333],[-82.93801,40.10332],[-82.93793,40.1033],[-82.9379,40.10329],[-82.93768,40.10324],[-82.93592,40.1029],[-82.93415,40.10255],[-82.93314,40.10235],[-82.93243,40.1022],[-82.93125,40.10197],[-82.92895,40.10151],[-82.9283,40.10139],[-82.92796,40.10133],[-82.92785,40.10131],[-82.92753,40.10124],[-82.92744,40.10122],[-82.92663,40.10106],[-82.92544,40.10082],[-82.92509,40.10076],[-82.92407,40.10055],[-82.9223,40.10019],[-82.92089,40.09993],[-82.92007,40.09976],[-82.92001,40.09975],[-82.91914,40.09958],[-82.91901,40.09954],[-82.91817,40.09934],[-82.91706,40.09901],[-82.91612,40.09867],[-82.9152,40.09829],[-82.91438,40.09789],[-82.91409,40.09774],[-82.9133,40.09734],[-82.91271,40.09696],[-82.9123,40.09669],[-82.91209,40.09654],[-82.91159,40.09617],[-82.91105,40.09572],[-82.91074,40.09544],[-82.91032,40.09504],[-82.91013,40.09487],[-82.90936,40.09402],[-82.90916,40.09374],[-82.90843,40.09275],[-82.90831,40.09256],[-82.90818,40.09235],[-82.90779,40.09163],[-82.90733,40.09062],[-82.90707,40.08978],[-82.90688,40.08916],[-82.90668,40.08796],[-82.90662,40.08762],[-82.90662,40.08742],[-82.90661,40.08697],[-82.90663,40.08654],[-82.90665,40.08618],[-82.90667,40.0859],[-82.90672,40.08517],[-82.90679,40.08426],[-82.90685,40.08356],[-82.90686,40.08345],[-82.90688,40.08311],[-82.90692,40.08265],[-82.90692,40.08251],[-82.90693,40.08238],[-82.90694,40.08233],[-82.90695,40.08226],[-82.90696,40.08214],[-82.907,40.08157],[-82.90701,40.08146],[-82.90705,40.08095],[-82.90706,40.08073],[-82.90712,40.07993],[-82.90719,40.07903],[-82.90722,40.07857],[-82.90727,40.07795],[-82.90739,40.07642],[-82.90757,40.07393],[-82.90758,40.07377],[-82.90764,40.0729],[-82.90765,40.07262],[-82.90765,40.07217],[-82.90761,40.07149],[-82.90759,40.07128],[-82.90746,40.07034],[-82.90731,40.06964],[-82.90729,40.06953],[-82.90725,40.06937],[-82.90718,40.06911],[-82.90717,40.06908],[-82.90695,40.06839],[-82.90676,40.06778],[-82.90664,40.06743],[-82.90625,40.06624],[-82.90599,40.06547],[-82.90594,40.06531],[-82.90575,40.06474],[-82.9057,40.06456],[-82.90546,40.06383],[-82.9047,40.06156],[-82.90443,40.06073],[-82.90433,40.06042],[-82.90376,40.05872],[-82.90368,40.05845],[-82.90342,40.05766],[-82.90329,40.05729],[-82.90329,40.05726],[-82.9032,40.05701],[-82.90289,40.05593],[-82.90268,40.05511],[-82.90251,40.05434],[-82.90233,40.05338],[-82.90228,40.05307],[-82.90224,40.05279],[-82.90209,40.0516],[-82.90202,40.05075],[-82.90197,40.04973],[-82.90196,40.04903],[-82.90198,40.04812],[-82.90198,40.04809],[-82.90203,40.04713],[-82.90209,40.0463],[-82.90221,40.04474],[-82.90226,40.04403],[-82.90231,40.0434],[-82.90242,40.04198],[-82.90245,40.04162],[-82.90247,40.04138],[-82.90269,40.03842],[-82.90272,40.03799],[-82.90275,40.03765],[-82.90289,40.03591],[-82.90292,40.03542],[-82.90294,40.03504],[-82.90306,40.03343],[-82.90309,40.03313],[-82.90324,40.03101],[-82.90325,40.03077],[-82.90336,40.02923],[-82.90347,40.02769],[-82.90348,40.02755],[-82.9035,40.02729],[-82.9035,40.02724],[-82.90352,40.02697],[-82.90358,40.02625],[-82.90363,40.02542],[-82.90364,40.02533],[-82.90372,40.02414],[-82.90374,40.02395],[-82.90379,40.02339],[-82.90404,40.02059],[-82.90408,40.01996],[-82.90409,40.01983],[-82.90408,40.01881],[-82.904,40.01792],[-82.90389,40.01728],[-82.90363,40.01621],[-82.90352,40.0159],[-82.90346,40.01575],[-82.90321,40.01504],[-82.90303,40.01469],[-82.90276,40.01414],[-82.90245,40.01359],[-82.90228,40.01333],[-82.90205,40.01299],[-82.90181,40.01266],[-82.90163,40.01239],[-82.90056,40.01126],[-82.89964,40.01056],[-82.89954,40.01049],[-82.89946,40.01043],[-82.89939,40.01039],[-82.89894,40.01011],[-82.89806,40.00968],[-82.89698,40.00926],[-82.89675,40.00919],[-82.89585,40.00894],[-82.89497,40.00877],[-82.89453,40.00871],[-82.89353,40.00862],[-82.89268,40.00857],[-82.89215,40.00854],[-82.89106,40.0085],[-82.89041,40.00847],[-82.8888,40.00838],[-82.88773,40.00832],[-82.88766,40.00832],[-82.88651,40.00826],[-82.88592,40.00823],[-82.88544,40.00821],[-82.88483,40.00817],[-82.88436,40.00815],[-82.88375,40.00811],[-82.88326,40.00808],[-82.88315,40.00808],[-82.88065,40.00794],[-82.87936,40.00787],[-82.87823,40.00774],[-82.87726,40.00758],[-82.87628,40.00736],[-82.87562,40.00717],[-82.87498,40.00697],[-82.87482,40.00692],[-82.87469,40.00688],[-82.8744,40.00679],[-82.87434,40.00678],[-82.87428,40.00676],[-82.87372,40.00659],[-82.87343,40.0065],[-82.87066,40.00567],[-82.86962,40.00536],[-82.86879,40.00509],[-82.8677,40.00477],[-82.86736,40.00467],[-82.86654,40.00442],[-82.86588,40.00422],[-82.86411,40.00368],[-82.86279,40.00326],[-82.86212,40.00302],[-82.8612,40.00256],[-82.86032,40.00204],[-82.85939,40.00138],[-82.8588,40.00088],[-82.8583,40.00039],[-82.85785,39.99987],[-82.85775,39.99973],[-82.85738,39.99923],[-82.85693,39.9985],[-82.85689,39.99842],[-82.85677,39.99819],[-82.85648,39.99754],[-82.85627,39.99684],[-82.85616,39.99641],[-82.85607,39.99584],[-82.85602,39.99516],[-82.85603,39.99463],[-82.85605,39.99448],[-82.85613,39.99375],[-82.8562,39.99341],[-82.85622,39.99332],[-82.85627,39.99303],[-82.85641,39.99226],[-82.85682,39.98998],[-82.85688,39.98952],[-82.85697,39.98838],[-82.85696,39.98758],[-82.85693,39.9871],[-82.85692,39.98701],[-82.85689,39.98671],[-82.85689,39.98666],[-82.85687,39.98649],[-82.85684,39.98635],[-82.85679,39.986],[-82.85677,39.98586],[-82.85667,39.98534],[-82.85653,39.98483],[-82.85645,39.98452],[-82.85618,39.98375],[-82.85592,39.98312],[-82.8557,39.98266],[-82.85551,39.98225],[-82.8553,39.98186],[-82.85493,39.98123],[-82.8545,39.9806],[-82.85406,39.98001],[-82.85384,39.97974],[-82.85373,39.97961],[-82.85286,39.97865],[-82.85256,39.97833],[-82.85115,39.97684],[-82.85061,39.97627],[-82.84946,39.97505],[-82.84821,39.97376],[-82.84788,39.9735],[-82.84756,39.97315],[-82.84658,39.97204],[-82.8464,39.97184],[-82.84482,39.96971],[-82.84464,39.96943],[-82.84371,39.9676],[-82.84309,39.96568],[-82.843,39.96509],[-82.84282,39.96379],[-82.84279,39.96257],[-82.84283,39.96177],[-82.84294,39.96094],[-82.84301,39.96043],[-82.84338,39.95858],[-82.84397,39.9557],[-82.84418,39.95465],[-82.84437,39.95369],[-82.84488,39.95121],[-82.84536,39.94884],[-82.84569,39.94717],[-82.84599,39.94573],[-82.84651,39.94312],[-82.84657,39.94285],[-82.84662,39.94262],[-82.84677,39.94197],[-82.84699,39.94125],[-82.84707,39.941],[-82.84722,39.94059],[-82.84771,39.9395],[-82.84874,39.93773],[-82.85025,39.93587],[-82.85102,39.93509],[-82.85142,39.93474],[-82.85185,39.93435],[-82.85198,39.93425],[-82.85202,39.93423],[-82.85218,39.9341],[-82.85245,39.93389],[-82.85248,39.93387],[-82.85251,39.93385],[-82.8528,39.93363],[-82.85308,39.93344],[-82.85397,39.93284],[-82.85441,39.93257],[-82.85465,39.93244],[-82.85485,39.93232],[-82.85659,39.93137],[-82.85748,39.93085],[-82.85768,39.93074],[-82.85815,39.93048],[-82.85848,39.93031],[-82.86023,39.92932],[-82.86224,39.9282],[-82.86481,39.92679],[-82.86498,39.9267],[-82.86511,39.92663],[-82.86524,39.92655],[-82.86547,39.92642],[-82.86579,39.92625],[-82.86951,39.9242],[-82.87064,39.92357],[-82.87196,39.92282],[-82.873,39.9222],[-82.87436,39.92136],[-82.87446,39.92129],[-82.87519,39.92082],[-82.87563,39.92054],[-82.87608,39.92024],[-82.87681,39.91974],[-82.87755,39.91923],[-82.87804,39.91888],[-82.87849,39.91855],[-82.87901,39.91817],[-82.88005,39.91741],[-82.88049,39.91709],[-82.88215,39.91589],[-82.88248,39.91565],[-82.88262,39.91554],[-82.88324,39.9151],[-82.8842,39.9144],[-82.88898,39.91077],[-82.8898,39.91008],[-82.89057,39.90942],[-82.89064,39.90937],[-82.89084,39.9092],[-82.89088,39.90916],[-82.89096,39.9091],[-82.89111,39.90896],[-82.89211,39.90806],[-82.89283,39.90741],[-82.89343,39.90683],[-82.89418,39.90609],[-82.89423,39.90605],[-82.89486,39.90541],[-82.895,39.90527],[-82.89501,39.90525],[-82.89602,39.90424],[-82.89724,39.90299],[-82.89813,39.90208],[-82.89834,39.90187],[-82.89957,39.90062],[-82.90097,39.8992],[-82.90201,39.89814],[-82.90262,39.89753],[-82.90315,39.89697],[-82.90428,39.89582],[-82.90633,39.89373],[-82.90983,39.89017],[-82.91104,39.88895],[-82.91108,39.8889],[-82.91137,39.88861],[-82.91145,39.88853],[-82.9115,39.88848],[-82.91206,39.88791],[-82.91274,39.88722],[-82.91282,39.88714],[-82.91289,39.88707],[-82.91311,39.88685],[-82.91869,39.88119],[-82.9194,39.88045],[-82.91963,39.88022],[-82.91973,39.88012],[-82.91989,39.87996],[-82.91995,39.8799],[-82.92111,39.87871],[-82.92218,39.87763],[-82.92282,39.87701],[-82.92372,39.87622],[-82.92477,39.87541],[-82.92605,39.87458],[-82.92648,39.87433],[-82.92652,39.8743],[-82.92723,39.87391],[-82.92755,39.87375],[-82.92793,39.87358],[-82.92907,39.87307],[-82.93105,39.87236],[-82.93144,39.87226],[-82.93255,39.87199],[-82.93343,39.87177],[-82.93363,39.87172],[-82.93441,39.8716],[-82.93553,39.87142],[-82.93644,39.87132],[-82.93947,39.87123],[-82.94146,39.87131],[-82.94331,39.8714],[-82.94535,39.87149],[-82.94634,39.87154],[-82.95002,39.87171],[-82.95061,39.87174],[-82.95066,39.87174],[-82.95081,39.87175],[-82.95426,39.8719],[-82.9595,39.87214],[-82.95955,39.87214],[-82.95987,39.87216],[-82.96188,39.87225],[-82.96246,39.87228],[-82.96317,39.87231],[-82.96575,39.87243],[-82.9689,39.87257],[-82.96933,39.87259],[-82.97148,39.87269],[-82.97797,39.87298],[-82.9816,39.87315],[-82.98346,39.87323],[-82.98429,39.87327],[-82.98581,39.87334],[-82.98689,39.87339],[-82.98861,39.87347],[-82.9899,39.87353],[-82.99036,39.87355],[-82.99192,39.87362],[-82.99432,39.87373],[-82.99482,39.87375],[-82.99585,39.8738],[-82.99669,39.87387],[-82.99738,39.87392],[-82.9985,39.87403],[-82.99881,39.87407],[-82.99944,39.87415],[-83.00047,39.87429],[-83.00188,39.87452],[-83.003,39.87473],[-83.00363,39.87486],[-83.00371,39.87487],[-83.00381,39.8749],[-83.00389,39.87491],[-83.00539,39.87527],[-83.00576,39.87536],[-83.00661,39.87559],[-83.00728,39.87577],[-83.00773,39.87591],[-83.00775,39.87591],[-83.00846,39.87613],[-83.00909,39.87634],[-83.00978,39.87657],[-83.01035,39.87678],[-83.01127,39.87713],[-83.01239,39.87758],[-83.0125,39.87763],[-83.01305,39.87787],[-83.01379,39.87821],[-83.01399,39.87831],[-83.0142,39.87841],[-83.01533,39.87897],[-83.01562,39.87912],[-83.01648,39.87958],[-83.01667,39.87968],[-83.0174,39.88009],[-83.01793,39.88038],[-83.01825,39.88056],[-83.01839,39.88064],[-83.01911,39.88104],[-83.01922,39.88109],[-83.02103,39.8821],[-83.02306,39.88323],[-83.02607,39.8849],[-83.02617,39.88496],[-83.02758,39.88574],[-83.02775,39.88584],[-83.03217,39.88829],[-83.03456,39.88962],[-83.03511,39.88993],[-83.03763,39.89133],[-83.03872,39.89193],[-83.03884,39.892],[-83.03915,39.89217],[-83.0392,39.8922],[-83.04024,39.89278],[-83.04098,39.89319],[-83.04118,39.8933],[-83.04381,39.89476],[-83.0459,39.89592],[-83.04765,39.89683],[-83.04875,39.89733],[-83.04991,39.89783],[-83.05089,39.89822],[-83.05096,39.89825],[-83.05245,39.89879],[-83.05303,39.89898],[-83.05359,39.89917],[-83.0541,39.89933],[-83.05449,39.89945],[-83.05541,39.89971],[-83.05611,39.8999],[-83.05631,39.89995],[-83.05727,39.90019],[-83.05786,39.90032],[-83.05853,39.90046],[-83.05869,39.9005],[-83.05959,39.90068],[-83.06001,39.90076],[-83.0608,39.90091],[-83.06138,39.90102],[-83.06203,39.90114],[-83.06381,39.90148],[-83.06439,39.90159],[-83.06537,39.90178],[-83.0655,39.9018],[-83.06656,39.902],[-83.06673,39.90203],[-83.06689,39.90206],[-83.06743,39.90216],[-83.06894,39.90245],[-83.06969,39.9026],[-83.0703,39.90271],[-83.07107,39.90285],[-83.07193,39.90301],[-83.07401,39.90339],[-83.07586,39.90374],[-83.07595,39.90375],[-83.0766,39.9039],[-83.07799,39.90417],[-83.07832,39.90423],[-83.07846,39.90426],[-83.08049,39.90464],[-83.0829,39.90509],[-83.08471,39.90544],[-83.08816,39.9061],[-83.08978,39.90641],[-83.09119,39.90668],[-83.0934,39.9071],[-83.09412,39.90723],[-83.09673,39.90772],[-83.09761,39.90789],[-83.09935,39.90825],[-83.10141,39.90886],[-83.10259,39.90932],[-83.10269,39.90936],[-83.1029,39.90944],[-83.10366,39.90974],[-83.10567,39.91079],[-83.10602,39.911],[-83.10657,39.91135],[-83.10706,39.91169],[-83.10714,39.91176],[-83.10727,39.91186],[-83.10764,39.91216],[-83.10781,39.9123],[-83.10808,39.91252],[-83.10837,39.91276],[-83.10899,39.91326],[-83.10921,39.91345],[-83.10943,39.91365],[-83.11036,39.91452],[-83.11052,39.91468],[-83.11113,39.91523],[-83.11198,39.91603],[-83.1128,39.91679],[-83.11312,39.91707],[-83.11446,39.9183],[-83.11455,39.91838],[-83.11464,39.91846],[-83.115,39.91879],[-83.11543,39.91918],[-83.11646,39.92011],[-83.11668,39.92031],[-83.11712,39.92071],[-83.11724,39.92083],[-83.11776,39.92131],[-83.11801,39.92155],[-83.11832,39.92184],[-83.11859,39.92209],[-83.11874,39.92223],[-83.11913,39.9226],[-83.12005,39.92347],[-83.12032,39.92372],[-83.12075,39.92413],[-83.12187,39.92557],[-83.12203,39.92578],[-83.12251,39.92639],[-83.1229,39.92707],[-83.12291,39.9271],[-83.12359,39.92865],[-83.12393,39.92983],[-83.12399,39.9301],[-83.12402,39.93024],[-83.12407,39.93066],[-83.12419,39.93153],[-83.12421,39.93263],[-83.12421,39.93267],[-83.12418,39.93307],[-83.12414,39.9334],[-83.12407,39.93396],[-83.12405,39.93402],[-83.12384,39.93495],[-83.12381,39.93511],[-83.12354,39.93607],[-83.12346,39.93636],[-83.12345,39.9364],[-83.1228,39.93865],[-83.12239,39.94011],[-83.12238,39.94015],[-83.12237,39.9402],[-83.12236,39.94021],[-83.12234,39.94028],[-83.12231,39.94039],[-83.12219,39.94083],[-83.12201,39.94143],[-83.1217,39.94254],[-83.1213,39.94396],[-83.1209,39.94539],[-83.12033,39.94745],[-83.12026,39.9477],[-83.12019,39.94797],[-83.11993,39.94884],[-83.11972,39.94968],[-83.11957,39.9505],[-83.11953,39.9507],[-83.11944,39.95121],[-83.1193,39.95241],[-83.11927,39.95271],[-83.11923,39.95308],[-83.11917,39.95416],[-83.11915,39.95457],[-83.11912,39.95501],[-83.11912,39.95602],[-83.11912,39.95643],[-83.11916,39.9573],[-83.11923,39.95787],[-83.11932,39.95953],[-83.11941,39.96097],[-83.11943,39.96144],[-83.11946,39.96251],[-83.11948,39.9634],[-83.11949,39.96382],[-83.11949,39.96386],[-83.11952,39.96524],[-83.11953,39.96558],[-83.11955,39.96645],[-83.11956,39.96736],[-83.11954,39.96788],[-83.11953,39.9683],[-83.1195,39.96874],[-83.1195,39.96879],[-83.11946,39.96934],[-83.11944,39.97002],[-83.11942,39.97058],[-83.11941,39.97072],[-83.1194,39.97092],[-83.1194,39.97103],[-83.11936,39.9719],[-83.11935,39.97232],[-83.11933,39.97298],[-83.11927,39.97454],[-83.11923,39.97561],[-83.11921,39.97629],[-83.11921,39.97635],[-83.1192,39.97659],[-83.1192,39.97663],[-83.11911,39.97907],[-83.11907,39.98016],[-83.11906,39.98052],[-83.119,39.98203],[-83.11899,39.98236],[-83.11896,39.98315],[-83.11892,39.98396],[-83.11892,39.98406],[-83.11892,39.98447],[-83.11891,39.98514],[-83.11891,39.98524],[-83.1189,39.98531],[-83.11888,39.98695],[-83.11887,39.98733],[-83.11881,39.98893],[-83.11876,39.99063],[-83.11867,39.99257],[-83.11855,39.99652],[-83.11853,39.99682],[-83.11842,39.99973],[-83.11837,40.00073],[-83.11836,40.00176],[-83.11838,40.00246],[-83.11838,40.00262],[-83.11847,40.00385],[-83.11865,40.0054],[-83.1189,40.00683],[-83.11924,40.00867],[-83.11938,40.00948],[-83.1196,40.01065],[-83.11961,40.01069],[-83.11965,40.0109],[-83.12063,40.01633],[-83.121,40.01837],[-83.12101,40.01844],[-83.12109,40.01883],[-83.12143,40.02075],[-83.12168,40.02206],[-83.12169,40.02213],[-83.12176,40.02252],[-83.12188,40.02319],[-83.1221,40.02439],[-83.12261,40.02716],[-83.12267,40.0275],[-83.12275,40.02792],[-83.12303,40.02924],[-83.12321,40.03004],[-83.12348,40.03107],[-83.12357,40.03143],[-83.12374,40.03203],[-83.12404,40.03315],[-83.12407,40.03325],[-83.1242,40.03375],[-83.12481,40.03595],[-83.12493,40.03638],[-83.12507,40.0369],[-83.12556,40.03868],[-83.12581,40.03957],[-83.12611,40.04067],[-83.12656,40.04229],[-83.12697,40.04375],[-83.12745,40.04552],[-83.12845,40.04911],[-83.12883,40.05044],[-83.12906,40.05131],[-83.12946,40.05272],[-83.12987,40.05421],[-83.1303,40.05576],[-83.13037,40.05603],[-83.13065,40.05704],[-83.13151,40.06014],[-83.13194,40.06169],[-83.13213,40.0624],[-83.13237,40.06323],[-83.13241,40.0634],[-83.13242,40.06343],[-83.13249,40.06368],[-83.13267,40.06431],[-83.13301,40.06554],[-83.1334,40.067],[-83.13388,40.0687],[-83.1339,40.06878],[-83.13411,40.06955],[-83.13421,40.06989],[-83.13422,40.06992],[-83.13422,40.06993],[-83.13456,40.07116],[-83.13549,40.0745],[-83.13581,40.07566],[-83.13641,40.07784],[-83.13654,40.07829],[-83.13663,40.07863],[-83.13694,40.07976],[-83.13735,40.08122],[-83.13735,40.08125],[-83.13737,40.08132],[-83.13739,40.08137],[-83.13766,40.08234],[-83.13784,40.08308],[-83.13793,40.0834],[-83.13816,40.08423],[-83.1383,40.08487],[-83.13844,40.08557],[-83.1386,40.08701],[-83.13861,40.08761],[-83.13862,40.08897],[-83.13847,40.09048],[-83.13834,40.09123],[-83.13831,40.09141],[-83.13824,40.09173],[-83.13805,40.09253],[-83.1377,40.09347],[-83.13712,40.09501],[-83.13683,40.09563],[-83.13656,40.09614],[-83.13633,40.09654],[-83.13602,40.09705],[-83.13525,40.09823],[-83.135,40.09856],[-83.13472,40.09893],[-83.13456,40.09915],[-83.13448,40.09925],[-83.1342,40.09953],[-83.13388,40.09989],[-83.13314,40.10064],[-83.1327,40.10103],[-83.1321,40.10155],[-83.13166,40.10194],[-83.13154,40.10205],[-83.1314,40.10215],[-83.13109,40.1024],[-83.13067,40.10272],[-83.13066,40.10273],[-83.13017,40.10311],[-83.12954,40.10354],[-83.12856,40.10419],[-83.12613,40.10552],[-83.12561,40.10577],[-83.12204,40.10716],[-83.12088,40.10747],[-83.12083,40.10748],[-83.11903,40.10796],[-83.11668,40.10838],[-83.11583,40.10849],[-83.11491,40.10862],[-83.11471,40.10864],[-83.11296,40.10886],[-83.11252,40.10891],[-83.11231,40.10894],[-83.11114,40.10908],[-83.10999,40.10922],[-83.10776,40.10944],[-83.10772,40.10944],[-83.10349,40.10959],[-83.10101,40.10953],[-83.09947,40.10945],[-83.09882,40.10941],[-83.09768,40.10934],[-83.09667,40.10931],[-83.09639,40.10929],[-83.09583,40.10925],[-83.09439,40.10918],[-83.09296,40.1091],[-83.09222,40.10906],[-83.09172,40.10904],[-83.09144,40.10903],[-83.0912,40.10903],[-83.09112,40.10902],[-83.09103,40.10902],[-83.09096,40.10902],[-83.09091,40.10902],[-83.09035,40.109],[-83.08988,40.109],[-83.08869,40.109],[-83.0875,40.10902],[-83.08673,40.10905],[-83.08585,40.10911],[-83.08549,40.10913],[-83.08517,40.10915],[-83.08509,40.10915],[-83.08257,40.10935],[-83.08095,40.10947],[-83.07746,40.10974],[-83.07585,40.10986],[-83.07559,40.10988],[-83.07537,40.1099],[-83.07484,40.10994],[-83.07438,40.10997],[-83.07321,40.11006],[-83.0721,40.11015],[-83.07201,40.11016],[-83.07179,40.11022],[-83.07096,40.11028],[-83.06987,40.11036],[-83.06877,40.11045],[-83.06766,40.11053],[-83.06661,40.11062],[-83.06574,40.11068],[-83.06559,40.1107],[-83.06523,40.11072],[-83.06471,40.11076],[-83.06228,40.11095],[-83.06009,40.11117],[-83.0597,40.1112],[-83.05914,40.11124],[-83.05737,40.11138],[-83.05713,40.11139],[-83.05708,40.1114],[-83.05666,40.11143],[-83.05415,40.11162],[-83.05061,40.11189],[-83.04922,40.11199],[-83.04821,40.11207],[-83.04713,40.11216],[-83.04605,40.11224],[-83.04521,40.11229],[-83.04305,40.11237],[-83.04239,40.11238],[-83.04232,40.11238],[-83.04103,40.11237],[-83.03933,40.11236],[-83.03894,40.11235],[-83.03844,40.11235],[-83.03835,40.11235],[-83.03781,40.11234],[-83.03633,40.11234],[-83.03528,40.11232],[-83.03509,40.11232],[-83.03471,40.11232],[-83.03417,40.11231],[-83.03388,40.11231],[-83.03267,40.11229],[-83.03243,40.11229],[-83.03235,40.11228],[-83.03226,40.11228],[-83.03207,40.11228],[-83.03174,40.11227],[-83.02783,40.11223],[-83.02739,40.11225],[-83.02734,40.11226],[-83.02698,40.11226],[-83.0256,40.11225],[-83.02524,40.11224],[-83.02398,40.1122],[-83.0184,40.11214],[-83.0177,40.11213],[-83.01661,40.11212],[-83.01597,40.1121],[-83.01327,40.112],[-83.01206,40.11194],[-83.01158,40.11193],[-83.00946,40.11184],[-83.00875,40.11181],[-83.00782,40.11178],[-83.00654,40.11173],[-83.00491,40.11168],[-83.00396,40.11165],[-83.00382,40.11164],[-83.00372,40.11164],[-83.00367,40.11163],[-83.00343,40.11162],[-83.00318,40.11161],[-83.0016,40.11155],[-83.00085,40.11152],[-83.00052,40.11151],[-82.99888,40.11144],[-82.99618,40.11133],[-82.99609,40.11133],[-82.99601,40.11133],[-82.99548,40.11131],[-82.99526,40.1113],[-82.99389,40.11124],[-82.99322,40.1112],[-82.99253,40.11116],[-82.99158,40.11111],[-82.99106,40.11109],[-82.98736,40.11093],[-82.9873,40.11093],[-82.98561,40.11086],[-82.98452,40.11082],[-82.98435,40.11081],[-82.98329,40.11077],[-82.98264,40.11072],[-82.98151,40.11068],[-82.98058,40.11064]]}},{"type":"Feature","properties":{"layer":"primary","NAME":"Outerbelt","MTFCC":"S1100"},"geometry":{"type":"LineString","coordinates":[[-82.93809,40.10333],[-82.93801,40.10332],[-82.93793,40.1033]]}},{"type":"Feature","properties":{"layer":"secondary","NAME":"N State St","MTFCC":"S1200"},"geometry":{"type":"LineString","coordinates":[[-82.9325,40.13338],[-82.93243,40.13356],[-82.93233,40.13376],[-82.93228,40.13384],[-82.93216,40.13402],[-82.93208,40.13413],[-82.93174,40.13466],[-82.93155,40.13493],[-82.93116,40.13553],[-82.9309,40.13593],[-82.93081,40.13609],[-82.93072,40.13621],[-82.93049,40.13658],[-82.93037,40.13675],[-82.93027,40.13693],[-82.93017,40.13709],[-82.93006,40.13727],[-82.92981,40.13767],[-82.92962,40.13798],[-82.92847,40.13977],[-82.9279,40.14066],[-82.92678,40.14241],[-82.92616,40.14337],[-82.9252,40.14485],[-82.924,40.14671],[-82.92388,40.1469],[-82.92358,40.14736],[-82.92252,40.14904],[-82.92228,40.14941],[-82.92203,40.14979],[-82.92181,40.15014],[-82.92137,40.15085],[-82.92123,40.15109],[-82.9212,40.15114],[-82.92102,40.15146],[-82.92085,40.15179],[-82.92069,40.15211],[-82.92063,40.15225],[-82.92051,40.15253],[-82.92043,40.15273],[-82.92041,40.15276],[-82.92039,40.15283],[-82.92022,40.15327],[-82.92008,40.15368],[-82.91996,40.1541],[-82.91973,40.15491],[-82.91952,40.15569],[-82.91921,40.15679],[-82.91901,40.15751],[-82.91895,40.15769],[-82.91892,40.15781],[-82.91884,40.15808],[-82.91864,40.15875],[-82.91803,40.16086],[-82.91758,40.1625],[-82.91742,40.16309],[-82.91736,40.16327],[-82.9172,40.16383],[-82.91716,40.16395],[-82.91707,40.16427],[-82.91667,40.16564],[-82.91664,40.16574],[-82.91594,40.16815],[-82.91557,40.16947],[-82.91556,40.1695],[-82.91516,40.17087],[-82.91467,40.17263],[-82.91443,40.17343],[-82.91424,40.1741],[-82.91411,40.17457],[-82.91385,40.17548],[-82.91375,40.17583],[-82.91364,40.17623],[-82.91354,40.17658],[-82.91351,40.17666],[-82.9135,40.17671],[-82.91305,40.17827],[-82.91284,40.179],[-82.91267,40.17959],[-82.91261,40.17981],[-82.91256,40.17999],[-82.91196,40.18208],[-82.9105,40.18721],[-82.90973,40.18989],[-82.9095,40.19068],[-82.90816,40.19536],[-82.90797,40.19603],[-82.90779,40.19665],[-82.90679,40.20016],[-82.90673,40.20036],[-82.90646,40.20132],[-82.90471,40.20741],[-82.9045,40.20818],[-82.90439,40.20854],[-82.90431,40.20876],[-82.90418,40.20911],[-82.90405,40.20943],[-82.90383,40.20988],[-82.90363,40.21025],[-82.90352,40.21044],[-82.90339,40.21065],[-82.90321,40.21092],[-82.90293,40.2113],[-82.90265,40.21166],[-82.90234,40.21201],[-82.90206,40.21231],[-82.90163,40.21273],[-82.90143,40.21292],[-82.90141,40.21293],[-82.90098,40.21332],[-82.90044,40.2138],[-82.89934,40.21477],[-82.89894,40.21513],[-82.89844,40.21557],[-82.89797,40.216],[-82.89744,40.21645],[-82.8972,40.21668],[-82.89708,40.21678],[-82.89705,40.21681],[-82.89673,40.21709],[-82.89658,40.21722],[-82.89542,40.21827],[-82.89538,40.2183],[-82.89458,40.219],[-82.89396,40.21956],[-82.89234,40.22099],[-82.89128,40.22193],[-82.89002,40.22306],[-82.88842,40.22448],[-82.88774,40.22508],[-82.88773,40.22509],[-82.88764,40.22517],[-82.88752,40.22528],[-82.88715,40.22561],[-82.88679,40.22593],[-82.88673,40.22598],[-82.88651,40.22617],[-82.88643,40.22624],[-82.88636,40.2263],[-82.88504,40.22747],[-82.88379,40.22858],[-82.88361,40.22875],[-82.88344,40.2289],[-82.88308,40.22922],[-82.88166,40.23048],[-82.8814,40.23071],[-82.88109,40.23098],[-82.88022,40.23174],[-82.88021,40.23176],[-82.87836,40.2334],[-82.87811,40.23363],[-82.87681,40.23478],[-82.87623,40.2353],[-82.87445,40.23687],[-82.87429,40.23701],[-82.87425,40.23705],[-82.8742,40.23709],[-82.87255,40.23856],[-82.8722,40.23887],[-82.87142,40.23956],[-82.87101,40.23992],[-82.86807,40.24253],[-82.86755,40.24299],[-82.86509,40.24517],[-82.86476,40.24547],[-82.86467,40.24554]]}},{"type":"Feature","properties":{"layer":"secondary","NAME":"State Rte 3","MTFCC":"S1200"},"geometry":{"type":"LineString","coordinates":[[-82.9325,40.13338],[-82.93243,40.13356],[-82.93233,40.13376],[-82.93228,40.13384],[-82.93216,40.13402],[-82.93208,40.13413],[-82.93174,40.13466],[-82.93155,40.13493],[-82.93116,40.13553],[-82.9309,40.13593],[-82.93081,40.13609],[-82.93072,40.13621],[-82.93049,40.13658],[-82.93037,40.13675],[-82.93027,40.13693],[-82.93017,40.13709],[-82.93006,40.13727],[-82.92981,40.13767],[-82.92962,40.13798],[-82.92847,40.13977],[-82.9279,40.14066],[-82.92678,40.14241],[-82.92616,40.14337],[-82.9252,40.14485],[-82.924,40.14671],[-82.92388,40.1469],[-82.92358,40.14736],[-82.92252,40.14904],[-82.92228,40.14941],[-82.92203,40.14979],[-82.92181,40.15014],[-82.92137,40.15085],[-82.92123,40.15109],[-82.9212,40.15114],[-82.92102,40.15146],[-82.92085,40.15179],[-82.92069,40.15211],[-82.92063,40.15225],[-82.92051,40.15253],[-82.92043,40.15273],[-82.92041,40.15276],[-82.92039,40.15283],[-82.92022,40.15327],[-82.92008,40.15368],[-82.91996,40.1541],[-82.91973,40.15491],[-82.91952,40.15569],[-82.91921,40.15679],[-82.91901,40.15751],[-82.91895,40.15769],[-82.91892,40.15781],[-82.91884,40.15808],[-82.91864,40.15875],[-82.91803,40.16086],[-82.91758,40.1625],[-82.91742,40.16309],[-82.91736,40.16327],[-82.9172,40.16383],[-82.91716,40.16395],[-82.91707,40.16427],[-82.91667,40.16564],[-82.91664,40.16574],[-82.91594,40.16815],[-82.91557,40.16947],[-82.91556,40.1695],[-82.91516,40.17087],[-82.91467,40.17263],[-82.91443,40.17343],[-82.91424,40.1741],[-82.91411,40.17457],[-82.91385,40.17548],[-82.91375,40.17583],[-82.91364,40.17623],[-82.91354,40.17658],[-82.91351,40.17666],[-82.9135,40.17671],[-82.91305,40.17827],[-82.91284,40.179],[-82.91267,40.17959],[-82.91261,40.17981],[-82.91256,40.17999],[-82.91196,40.18208],[-82.9105,40.18721],[-82.90973,40.18989],[-82.9095,40.19068],[-82.90816,40.19536],[-82.90797,40.19603],[-82.90779,40.19665],[-82.90679,40.20016],[-82.90673,40.20036],[-82.90646,40.20132],[-82.90471,40.20741],[-82.9045,40.20818],[-82.90439,40.20854],[-82.90431,40.20876],[-82.90418,40.20911],[-82.90405,40.20943],[-82.90383,40.20988],[-82.90363,40.21025],[-82.90352,40.21044],[-82.90339,40.21065],[-82.90321,40.21092],[-82.90293,40.2113],[-82.90265,40.21166],[-82.90234,40.21201],[-82.90206,40.21231],[-82.90163,40.21273],[-82.90143,40.21292],[-82.90141,40.21293],[-82.90098,40.21332],[-82.90044,40.2138],[-82.89934,40.21477],[-82.89894,40.21513],[-82.89844,40.21557],[-82.89797,40.216],[-82.89744,40.21645],[-82.8972,40.21668],[-82.89708,40.21678],[-82.89705,40.21681],[-82.89673,40.21709],[-82.89658,40.21722],[-82.89542,40.21827],[-82.89538,40.2183],[-82.89458,40.219],[-82.89396,40.21956],[-82.89234,40.22099],[-82.89128,40.22193],[-82.89002,40.22306],[-82.88842,40.22448],[-82.88774,40.22508],[-82.88773,40.22509],[-82.88764,40.22517],[-82.88752,40.22528],[-82.88715,40.22561],[-82.88679,40.22593],[-82.88673,40.22598],[-82.88651,40.22617],[-82.88643,40.22624],[-82.88636,40.2263],[-82.88504,40.22747],[-82.88379,40.22858],[-82.88361,40.22875],[-82.88344,40.2289],[-82.88308,40.22922],[-82.88166,40.23048],[-82.8814,40.23071],[-82.88109,40.23098],[-82.88022,40.23174],[-82.88021,40.23176],[-82.87836,40.2334],[-82.87811,40.23363],[-82.87681,40.23478],[-82.87623,40.2353],[-82.87445,40.23687],[-82.87429,40.23701],[-82.87425,40.23705],[-82.8742,40.23709],[-82.87255,40.23856],[-82.8722,40.23887],[-82.87142,40.23956],[-82.87101,40.23992],[-82.86807,40.24253],[-82.86755,40.24299],[-82.86509,40.24517],[-82.86476,40.24547],[-82.86467,40.24554],[-82.86435,40.24582],[-82.86415,40.24601],[-82.86408,40.24607],[-82.86382,40.24629],[-82.86329,40.2467],[-82.86306,40.24688],[-82.86292,40.24698],[-82.86264,40.24718],[-82.86232,40.2474],[-82.8618,40.24773],[-82.86175,40.24776],[-82.86129,40.24804],[-82.86075,40.24835],[-82.86006,40.24871],[-82.85949,40.24898],[-82.85919,40.24911],[-82.85889,40.24924],[-82.85884,40.24926],[-82.85849,40.24941],[-82.85839,40.24946],[-82.85816,40.24955],[-82.85811,40.24957],[-82.85721,40.24991],[-82.85687,40.25003],[-82.8562,40.25023],[-82.85589,40.25032],[-82.85525,40.25049],[-82.8546,40.25065],[-82.8541,40.25075],[-82.85376,40.25082],[-82.85347,40.25087],[-82.85308,40.25094],[-82.85271,40.251],[-82.85207,40.25109],[-82.85174,40.25112],[-82.8511,40.25118],[-82.85067,40.25122],[-82.84995,40.25126],[-82.84954,40.25127],[-82.8489,40.25128],[-82.84866,40.25128],[-82.84825,40.25127],[-82.84765,40.25125],[-82.84661,40.2512],[-82.84639,40.25119],[-82.84618,40.25118],[-82.84588,40.25117],[-82.84569,40.25116],[-82.84519,40.25113],[-82.84262,40.251],[-82.83655,40.25069],[-82.83362,40.25054],[-82.83134,40.25044],[-82.83109,40.25043],[-82.83052,40.25042],[-82.8299,40.25044],[-82.82958,40.25046],[-82.829,40.25051],[-82.82848,40.25056],[-82.82813,40.25061],[-82.82741,40.25074],[-82.82702,40.25081],[-82.82603,40.25104],[-82.82484,40.25132],[-82.82426,40.25145],[-82.82221,40.25194],[-82.82003,40.25244],[-82.8197,40.25252],[-82.81844,40.25281],[-82.81396,40.25386],[-82.81216,40.25428],[-82.81153,40.25443],[-82.8108,40.2546],[-82.81023,40.25473],[-82.80948,40.25491],[-82.80825,40.2552],[-82.80759,40.25536],[-82.80494,40.25597],[-82.80192,40.25668],[-82.80131,40.25682],[-82.79984,40.25716],[-82.79758,40.25769],[-82.79521,40.25825],[-82.79417,40.25849],[-82.79155,40.2591],[-82.79023,40.25942],[-82.78969,40.25957],[-82.78915,40.25974],[-82.78888,40.25984],[-82.78835,40.26005],[-82.78798,40.2602],[-82.78732,40.26051],[-82.78713,40.2606],[-82.78676,40.2608],[-82.78651,40.26094],[-82.78572,40.26142],[-82.78388,40.2626],[-82.78366,40.26275],[-82.78317,40.26305],[-82.78259,40.26343],[-82.78245,40.26351],[-82.78192,40.26385],[-82.78142,40.26417],[-82.78088,40.26452],[-82.77916,40.26561],[-82.77864,40.26595],[-82.77765,40.26658],[-82.77479,40.2684],[-82.7741,40.26885],[-82.77239,40.26993],[-82.77186,40.27028],[-82.77134,40.27061],[-82.76972,40.27164],[-82.76931,40.2719],[-82.76734,40.27316],[-82.76554,40.27431],[-82.76459,40.27492],[-82.76364,40.27552],[-82.76271,40.27612],[-82.76228,40.27639],[-82.76088,40.27729],[-82.76079,40.27734],[-82.75425,40.28152],[-82.7531,40.28225],[-82.75242,40.28268],[-82.75109,40.28352],[-82.75087,40.28367],[-82.75023,40.28409]]}},{"type":"Feature","properties":{"layer":"secondary","NAME":"State Rte 3","MTFCC":"S1200"},"geometry":{"type":"LineString","coordinates":[[-82.99625,39.96272],[-82.99538,39.96282],[-82.99438,39.96293],[-82.99436,39.96294],[-82.9927,39.96313],[-82.99182,39.96323],[-82.99106,39.96332],[-82.99053,39.96338],[-82.98995,39.96345],[-82.99011,39.96431],[-82.99021,39.96484],[-82.99027,39.96516],[-82.99036,39.96564],[-82.99047,39.9662],[-82.99056,39.96663],[-82.99063,39.967],[-82.99065,39.96717],[-82.99063,39.96744],[-82.9906,39.96784],[-82.99057,39.96834],[-82.99055,39.96858],[-82.99052,39.96891],[-82.99048,39.96925],[-82.99044,39.96981],[-82.9904,39.97037],[-82.99039,39.9705],[-82.99033,39.97133],[-82.99032,39.9714],[-82.99031,39.97149],[-82.99031,39.97154],[-82.9903,39.97162],[-82.9903,39.9717],[-82.99029,39.97174],[-82.99029,39.97176],[-82.99029,39.97179],[-82.99028,39.97183],[-82.99027,39.97196],[-82.99024,39.97229],[-82.99023,39.9725],[-82.99001,39.97547],[-82.98998,39.97577],[-82.98986,39.97735],[-82.98984,39.97778],[-82.98981,39.97804],[-82.98977,39.97853],[-82.98976,39.97877],[-82.98975,39.97885],[-82.98968,39.97976],[-82.98967,39.97981],[-82.98967,39.97985],[-82.98963,39.98037],[-82.98958,39.98101],[-82.98952,39.9818],[-82.98945,39.98264],[-82.98944,39.98276],[-82.98939,39.98347],[-82.98932,39.98433],[-82.98923,39.98548],[-82.98915,39.98644],[-82.98885,39.98675],[-82.98863,39.98697],[-82.98817,39.98742],[-82.98785,39.98774],[-82.9876,39.988],[-82.98672,39.98885],[-82.98656,39.98901],[-82.98604,39.98951],[-82.98561,39.98993],[-82.98536,39.99018],[-82.985,39.99052],[-82.98487,39.99064],[-82.98414,39.99136],[-82.98411,39.99139],[-82.98361,39.99188],[-82.98357,39.99193],[-82.98266,39.99279],[-82.98256,39.99288],[-82.98212,39.99329],[-82.98182,39.99359],[-82.9817,39.9937],[-82.98167,39.99373],[-82.98048,39.99484],[-82.98024,39.99507],[-82.97988,39.99542],[-82.97931,39.99597],[-82.97927,39.996],[-82.97885,39.99641],[-82.9786,39.99664],[-82.9784,39.99684],[-82.97825,39.99697],[-82.97787,39.99732],[-82.97731,39.99788],[-82.97716,39.99805],[-82.97682,39.99857],[-82.97672,39.99873],[-82.9765,39.99909],[-82.97629,39.99943],[-82.97619,39.99957],[-82.97618,39.99958],[-82.97569,40.00034],[-82.97548,40.00067],[-82.97507,40.0013],[-82.97506,40.00132],[-82.97466,40.00192],[-82.97447,40.00224],[-82.97441,40.00233],[-82.97423,40.00261],[-82.97395,40.00304],[-82.97386,40.00317],[-82.97377,40.00332],[-82.97345,40.00383],[-82.97337,40.00394],[-82.97326,40.00411],[-82.97293,40.00463],[-82.97286,40.00475],[-82.97245,40.00542],[-82.97243,40.00545],[-82.9722,40.00582],[-82.97193,40.00627],[-82.97142,40.0071],[-82.97134,40.00723],[-82.97084,40.00804],[-82.97083,40.00806],[-82.97034,40.00885],[-82.97032,40.00888],[-82.96998,40.00944],[-82.96982,40.00971],[-82.96953,40.01017],[-82.96946,40.0103],[-82.96932,40.01053],[-82.96894,40.01114],[-82.96882,40.01135],[-82.96832,40.01216],[-82.96788,40.01289],[-82.96781,40.01299],[-82.9674,40.01367],[-82.96683,40.01457],[-82.96668,40.01479],[-82.96627,40.01547],[-82.96572,40.01636],[-82.96529,40.01705],[-82.96528,40.01707],[-82.96515,40.01731],[-82.96512,40.01779],[-82.96506,40.01868],[-82.96503,40.01901],[-82.96498,40.0197],[-82.96497,40.0198],[-82.96493,40.02016],[-82.96488,40.02072],[-82.96487,40.02083],[-82.96472,40.02116],[-82.96417,40.02177],[-82.96398,40.02202],[-82.96347,40.02269],[-82.96277,40.02357],[-82.9625,40.02392],[-82.9621,40.02445],[-82.96176,40.0249],[-82.96157,40.02514],[-82.96135,40.02544],[-82.96101,40.02589],[-82.96076,40.02623],[-82.96044,40.02666],[-82.96003,40.02722],[-82.95995,40.02734],[-82.9592,40.02839],[-82.95856,40.02925],[-82.95821,40.02974],[-82.95795,40.0301],[-82.95775,40.03038],[-82.95743,40.03081],[-82.95735,40.03093],[-82.95666,40.0319],[-82.95662,40.03195],[-82.95641,40.03225],[-82.95619,40.03255],[-82.95604,40.03275],[-82.95597,40.03286],[-82.95572,40.03321],[-82.95564,40.03333],[-82.95528,40.03382],[-82.95516,40.034],[-82.95471,40.03462],[-82.95462,40.03474],[-82.95441,40.03503],[-82.95419,40.03535],[-82.95413,40.03542],[-82.95413,40.03543],[-82.95405,40.03554],[-82.95404,40.03556],[-82.95353,40.03628],[-82.95349,40.03634],[-82.95344,40.0364],[-82.95324,40.03667],[-82.95308,40.03689],[-82.95287,40.03721],[-82.95262,40.03757],[-82.95259,40.03762],[-82.95254,40.03769],[-82.95224,40.03813],[-82.95172,40.03887],[-82.95152,40.03915],[-82.95122,40.03957],[-82.95058,40.04047],[-82.95049,40.0406],[-82.95033,40.04082],[-82.95025,40.04093],[-82.94936,40.04224],[-82.94906,40.04267],[-82.94887,40.04294],[-82.94885,40.04297],[-82.94878,40.04307],[-82.94853,40.04343],[-82.94848,40.04351],[-82.94844,40.04356],[-82.94841,40.0436],[-82.94834,40.0437],[-82.94813,40.04402],[-82.94808,40.04408],[-82.948,40.0442],[-82.94794,40.04428],[-82.94774,40.04457],[-82.94716,40.04538],[-82.94706,40.04552],[-82.94696,40.04567],[-82.94689,40.04576],[-82.94681,40.04586],[-82.94676,40.04595],[-82.94663,40.04611],[-82.94647,40.04634],[-82.9457,40.04742],[-82.94516,40.04817],[-82.94473,40.04877],[-82.94447,40.04915],[-82.94437,40.04929],[-82.94417,40.04958],[-82.9441,40.04968],[-82.94398,40.04986],[-82.9439,40.04996],[-82.94379,40.05012],[-82.94336,40.05075],[-82.94299,40.05128],[-82.94292,40.05138],[-82.94287,40.05145],[-82.94286,40.05147],[-82.94275,40.05163],[-82.94267,40.05173],[-82.9426,40.05184],[-82.94234,40.05218],[-82.94198,40.05269],[-82.94165,40.05314],[-82.9416,40.05319],[-82.9413,40.0536],[-82.94097,40.05405],[-82.94078,40.05431],[-82.94062,40.05452],[-82.93983,40.05559],[-82.93965,40.05583],[-82.93954,40.05598],[-82.93953,40.056],[-82.93948,40.05607],[-82.93945,40.0561],[-82.93924,40.05638],[-82.93916,40.05648],[-82.93857,40.05727],[-82.93823,40.05773],[-82.93796,40.05808],[-82.93794,40.05811],[-82.93777,40.05833],[-82.93762,40.05854],[-82.93754,40.05864],[-82.93742,40.05882],[-82.9373,40.05899],[-82.9369,40.05955],[-82.93672,40.05979],[-82.93659,40.05996],[-82.93658,40.05997],[-82.93646,40.06015],[-82.93639,40.06023],[-82.93615,40.06056],[-82.93609,40.06064],[-82.93576,40.06108],[-82.93493,40.06223],[-82.93475,40.06246],[-82.93449,40.06282],[-82.93415,40.06329],[-82.93381,40.06374],[-82.93372,40.06387],[-82.93358,40.06406],[-82.93314,40.06465],[-82.93284,40.06506],[-82.93272,40.06521],[-82.93237,40.06569],[-82.93221,40.06592],[-82.93149,40.06689],[-82.93104,40.0675],[-82.93074,40.0679],[-82.9306,40.06809],[-82.92963,40.06939],[-82.92947,40.06961],[-82.92923,40.06997],[-82.92903,40.07031],[-82.92887,40.07066],[-82.92886,40.07068],[-82.92885,40.0707],[-82.92876,40.07103],[-82.9287,40.0715],[-82.92867,40.07196],[-82.92867,40.07209],[-82.92867,40.07214],[-82.92867,40.07222],[-82.92867,40.0725],[-82.92865,40.07355],[-82.92864,40.07384],[-82.92863,40.07474],[-82.92862,40.07549],[-82.92859,40.07637],[-82.92855,40.07745],[-82.92856,40.07818],[-82.92856,40.0783],[-82.92856,40.0786],[-82.92856,40.07895],[-82.92855,40.07902],[-82.92854,40.0799],[-82.92851,40.08075],[-82.9285,40.08114],[-82.92844,40.08169],[-82.92836,40.08241],[-82.92829,40.08302],[-82.92813,40.08366],[-82.92787,40.08461],[-82.92747,40.08582],[-82.92695,40.0874],[-82.92689,40.08757],[-82.92669,40.0882],[-82.92625,40.0895],[-82.92601,40.09024],[-82.9258,40.09087],[-82.92576,40.09099],[-82.92564,40.09143],[-82.92563,40.09149],[-82.92562,40.09151],[-82.9256,40.09165],[-82.92554,40.09201],[-82.92553,40.09209],[-82.92551,40.09223],[-82.9255,40.09233],[-82.92549,40.09243],[-82.92549,40.09269],[-82.92545,40.09392],[-82.92542,40.09467],[-82.92538,40.09559],[-82.92537,40.09576],[-82.92537,40.09588],[-82.92536,40.09606],[-82.92532,40.09694],[-82.92521,40.09876],[-82.92521,40.09883],[-82.92517,40.09955],[-82.92514,40.10019],[-82.92512,40.1004],[-82.92511,40.10054],[-82.92511,40.10056],[-82.92509,40.10076],[-82.9251,40.10078],[-82.92508,40.10114],[-82.92506,40.10186],[-82.92503,40.10218],[-82.925,40.10258],[-82.92497,40.10312],[-82.92495,40.1034],[-82.92491,40.10395],[-82.92491,40.10406],[-82.92491,40.10412],[-82.92492,40.1045],[-82.92492,40.10466],[-82.92492,40.10501],[-82.92492,40.10561],[-82.92492,40.10607],[-82.92492,40.10642],[-82.92492,40.10657],[-82.92492,40.10687],[-82.92491,40.10708],[-82.92493,40.10752],[-82.92521,40.10868],[-82.92559,40.10972],[-82.92592,40.11059],[-82.92629,40.11157],[-82.92642,40.11191],[-82.92673,40.11277],[-82.92679,40.11293],[-82.92692,40.11327],[-82.92728,40.11422],[-82.92741,40.11459],[-82.92749,40.1148],[-82.92761,40.11512],[-82.92765,40.11523],[-82.92782,40.11567],[-82.92816,40.1166],[-82.9283,40.11698],[-82.92855,40.11765],[-82.92872,40.11813],[-82.92906,40.11901],[-82.92908,40.11906],[-82.92947,40.12013],[-82.92961,40.1205],[-82.92991,40.12133],[-82.93004,40.12166],[-82.93005,40.12167],[-82.93013,40.12191],[-82.93027,40.1223],[-82.93039,40.12263],[-82.9305,40.12292],[-82.93068,40.12339],[-82.93091,40.12401],[-82.93092,40.12403],[-82.93129,40.12507],[-82.93147,40.12554],[-82.9315,40.12563],[-82.93161,40.12593],[-82.93189,40.12667],[-82.932,40.12698],[-82.93218,40.12746],[-82.93234,40.12785],[-82.93268,40.12882],[-82.9328,40.12933],[-82.9328,40.12947],[-82.9328,40.13006],[-82.9328,40.13009],[-82.93279,40.1308],[-82.93276,40.13122],[-82.93271,40.13197],[-82.93269,40.1324],[-82.93268,40.13258],[-82.93258,40.13309],[-82.93253,40.13326],[-82.9325,40.13338]]}},{"type":"Feature","properties":{"layer":"secondary","NAME":"State Rte 710","MTFCC":"S1200"},"geometry":{"type":"LineString","coordinates":[[-83.00876,40.10091],[-83.00836,40.10087],[-83.0079,40.10084],[-83.00709,40.10081],[-83.00695,40.10081],[-83.00548,40.10075],[-83.00538,40.10075],[-83.00469,40.10073],[-83.00413,40.10079],[-83.00408,40.10079],[-83.00337,40.10091],[-83.00295,40.10098],[-83.00291,40.10099],[-83.00267,40.10103],[-83.00162,40.10121],[-83.00151,40.10122],[-83.00117,40.10128],[-83.00045,40.10142],[-82.99951,40.10163],[-82.99797,40.10199],[-82.99746,40.10212],[-82.9971,40.10217],[-82.9968,40.10221],[-82.99647,40.10224],[-82.99617,40.10224],[-82.9958,40.10223],[-82.99566,40.10223],[-82.99551,40.10222],[-82.99324,40.10212],[-82.99256,40.1021],[-82.99151,40.10209],[-82.99001,40.10243],[-82.98833,40.10315],[-82.98521,40.10449],[-82.98355,40.10519],[-82.9826,40.10546],[-82.98176,40.10547],[-82.98141,40.10546],[-82.98132,40.10546],[-82.98122,40.10546],[-82.98083,40.10544],[-82.98043,40.10543],[-82.98021,40.10542],[-82.97836,40.1054],[-82.97758,40.10539],[-82.97753,40.10538],[-82.9767,40.10535],[-82.97605,40.10532],[-82.97527,40.10529],[-82.97457,40.10527],[-82.9744,40.10527],[-82.97366,40.10525],[-82.97357,40.10526],[-82.97334,40.10528],[-82.97312,40.10529],[-82.973,40.10531],[-82.97276,40.10535],[-82.97259,40.10539],[-82.97234,40.10546],[-82.972,40.10554],[-82.97194,40.10556],[-82.97094,40.10584],[-82.97079,40.10588],[-82.97019,40.10604],[-82.96967,40.10619],[-82.96946,40.10625],[-82.96798,40.10665],[-82.9676,40.10676],[-82.96736,40.10682],[-82.9667,40.10691],[-82.96633,40.10697],[-82.96593,40.10697],[-82.96581,40.10698],[-82.96474,40.10695],[-82.96442,40.10695],[-82.96371,40.10704],[-82.96365,40.10705],[-82.96315,40.10719],[-82.96298,40.10724],[-82.96272,40.10735],[-82.96175,40.10778],[-82.9614,40.10793],[-82.961,40.10812],[-82.96019,40.10841],[-82.95942,40.10854],[-82.95852,40.10862],[-82.9585,40.10862],[-82.95814,40.10866],[-82.95806,40.10868],[-82.95747,40.10881],[-82.95674,40.10904],[-82.9559,40.10928],[-82.95581,40.10931],[-82.95537,40.10943],[-82.95462,40.10965],[-82.95446,40.10969],[-82.95401,40.10981],[-82.95331,40.10993],[-82.95186,40.11018],[-82.95157,40.11022],[-82.9514,40.11025],[-82.95027,40.11042],[-82.94999,40.11047],[-82.94993,40.11048],[-82.94988,40.11049],[-82.94976,40.11051],[-82.94917,40.1106]]}},{"type":"Feature","properties":{"layer":"secondary","NAME":"N State St","MTFCC":"S1200"},"geometry":{"type":"LineString","coordinates":[[-82.93161,40.12593],[-82.93189,40.12667],[-82.932,40.12698],[-82.93218,40.12746],[-82.93234,40.12785],[-82.93268,40.12882],[-82.9328,40.12933],[-82.9328,40.12947],[-82.9328,40.13006],[-82.9328,40.13009],[-82.93279,40.1308],[-82.93276,40.13122],[-82.93271,40.13197],[-82.93269,40.1324],[-82.93268,40.13258],[-82.93258,40.13309],[-82.93253,40.13326],[-82.9325,40.13338]]}},{"type":"Feature","properties":{"layer":"secondary","NAME":"S State St","MTFCC":"S1200"},"geometry":{"type":"LineString","coordinates":[[-82.93161,40.12593],[-82.9315,40.12563],[-82.93147,40.12554],[-82.93129,40.12507],[-82.93092,40.12403],[-82.93091,40.12401],[-82.93068,40.12339],[-82.9305,40.12292],[-82.93039,40.12263],[-82.93027,40.1223],[-82.93013,40.12191],[-82.93005,40.12167],[-82.93004,40.12166],[-82.92991,40.12133],[-82.92961,40.1205],[-82.92947,40.12013],[-82.92908,40.11906],[-82.92906,40.11901],[-82.92872,40.11813],[-82.92855,40.11765],[-82.9283,40.11698],[-82.92816,40.1166],[-82.92782,40.11567],[-82.92765,40.11523],[-82.92761,40.11512],[-82.92749,40.1148],[-82.92741,40.11459],[-82.92728,40.11422],[-82.92692,40.11327],[-82.92679,40.11293],[-82.92673,40.11277],[-82.92642,40.11191],[-82.92629,40.11157],[-82.92592,40.11059],[-82.92559,40.10972],[-82.92521,40.10868],[-82.92493,40.10752],[-82.92491,40.10708],[-82.92492,40.10687],[-82.92492,40.10657],[-82.92492,40.10642],[-82.92492,40.10607],[-82.92492,40.10561],[-82.92492,40.10501],[-82.92492,40.10466],[-82.92492,40.1045],[-82.92491,40.10412],[-82.92491,40.10406],[-82.92491,40.10395],[-82.92495,40.1034],[-82.92497,40.10312],[-82.925,40.10258],[-82.92503,40.10218],[-82.92506,40.10186],[-82.92508,40.10114],[-82.9251,40.10078],[-82.92509,40.10076],[-82.92511,40.10056],[-82.92511,40.10054],[-82.92512,40.1004],[-82.92514,40.10019],[-82.92517,40.09955],[-82.92521,40.09883],[-82.92521,40.09876],[-82.92532,40.09694]]}},{"type":"Feature","properties":{"layer":"secondary","NAME":"W Schrock Rd","MTFCC":"S1200"},"geometry":{"type":"LineString","coordinates":[[-83.00876,40.10091],[-83.00836,40.10087],[-83.0079,40.10084],[-83.00709,40.10081],[-83.00695,40.10081],[-83.00548,40.10075],[-83.00538,40.10075],[-83.00469,40.10073],[-83.00413,40.10079],[-83.00408,40.10079],[-83.00337,40.10091],[-83.00295,40.10098],[-83.00291,40.10099],[-83.00267,40.10103],[-83.00162,40.10121],[-83.00151,40.10122],[-83.00117,40.10128],[-83.00045,40.10142],[-82.99951,40.10163],[-82.99797,40.10199],[-82.99746,40.10212],[-82.9971,40.10217],[-82.9968,40.10221],[-82.99647,40.10224],[-82.99617,40.10224],[-82.9958,40.10223],[-82.99566,40.10223],[-82.99551,40.10222],[-82.99324,40.10212],[-82.99256,40.1021],[-82.99151,40.10209],[-82.99001,40.10243],[-82.98833,40.10315],[-82.98521,40.10449],[-82.98355,40.10519],[-82.9826,40.10546],[-82.98176,40.10547],[-82.98141,40.10546],[-82.98132,40.10546],[-82.98122,40.10546],[-82.98083,40.10544],[-82.98043,40.10543],[-82.98021,40.10542],[-82.97836,40.1054],[-82.97758,40.10539],[-82.97753,40.10538],[-82.9767,40.10535],[-82.97605,40.10532],[-82.97527,40.10529],[-82.97457,40.10527],[-82.9744,40.10527],[-82.97366,40.10525],[-82.97357,40.10526],[-82.97334,40.10528],[-82.97312,40.10529],[-82.973,40.10531],[-82.97276,40.10535],[-82.97259,40.10539],[-82.97234,40.10546],[-82.972,40.10554],[-82.97194,40.10556],[-82.97094,40.10584],[-82.97079,40.10588],[-82.97019,40.10604],[-82.96967,40.10619],[-82.96946,40.10625],[-82.96798,40.10665],[-82.9676,40.10676],[-82.96736,40.10682],[-82.9667,40.10691],[-82.96633,40.10697],[-82.96593,40.10697],[-82.96581,40.10698],[-82.96474,40.10695],[-82.96442,40.10695],[-82.96371,40.10704],[-82.96365,40.10705],[-82.96315,40.10719],[-82.96298,40.10724],[-82.96272,40.10735],[-82.96175,40.10778],[-82.9614,40.10793],[-82.961,40.10812],[-82.96019,40.10841],[-82.95942,40.10854],[-82.95852,40.10862],[-82.9585,40.10862],[-82.95814,40.10866],[-82.95806,40.10868],[-82.95747,40.10881],[-82.95674,40.10904],[-82.9559,40.10928],[-82.95581,40.10931],[-82.95537,40.10943],[-82.95462,40.10965],[-82.95446,40.10969],[-82.95401,40.10981],[-82.95331,40.10993],[-82.95186,40.11018],[-82.95157,40.11022],[-82.9514,40.11025],[-82.95027,40.11042],[-82.94999,40.11047],[-82.94993,40.11048],[-82.94988,40.11049],[-82.94976,40.11051],[-82.94917,40.1106]]}},{"type":"Feature","properties":{"layer":"secondary","NAME":"Tussic Street Rd","MTFCC":"S1200"},"geometry":{"type":"LineString","coordinates":[[-82.89894,40.18555],[-82.89886,40.18551],[-82.8988,40.18547],[-82.89875,40.18541],[-82.89872,40.18534],[-82.8987,40.18526],[-82.89871,40.18516],[-82.89875,40.18476],[-82.89879,40.1841],[-82.89884,40.18347],[-82.89886,40.18317],[-82.89889,40.18279],[-82.89891,40.18248],[-82.89898,40.18178],[-82.899,40.18151],[-82.89903,40.18118],[-82.89911,40.18006],[-82.8992,40.17914],[-82.89923,40.17901],[-82.89924,40.17892],[-82.89925,40.17874],[-82.89929,40.17829],[-82.89931,40.17805],[-82.89934,40.17753],[-82.89944,40.1763],[-82.89971,40.17279],[-82.89975,40.17238],[-82.89981,40.1716],[-82.89989,40.17059],[-82.89989,40.17049],[-82.89989,40.17039],[-82.89988,40.17029],[-82.89986,40.17017],[-82.89969,40.16933],[-82.89954,40.16862],[-82.89943,40.16807],[-82.89947,40.16766],[-82.8996,40.16635],[-82.89968,40.16559],[-82.89969,40.16545],[-82.89975,40.16486],[-82.89987,40.16365],[-82.89996,40.16275],[-82.90012,40.16111],[-82.90021,40.16021],[-82.90026,40.15971],[-82.90026,40.15967],[-82.90027,40.15962],[-82.90032,40.15909],[-82.90033,40.15897],[-82.90038,40.15838],[-82.90061,40.15602],[-82.90086,40.15344],[-82.90095,40.15252],[-82.90106,40.15131],[-82.90106,40.15125],[-82.90107,40.1512],[-82.90111,40.15075],[-82.90116,40.15022],[-82.90126,40.14917],[-82.90129,40.14886],[-82.90136,40.14797],[-82.90152,40.14627],[-82.90154,40.14593],[-82.90155,40.14585],[-82.90156,40.14575]]}},{"type":"Feature","properties":{"layer":"secondary","NAME":"E Powell Rd","MTFCC":"S1200"},"geometry":{"type":"LineString","coordinates":[[-83.00286,40.15665],[-83.00274,40.15675],[-83.00257,40.15684],[-83.00235,40.15694],[-83.00211,40.15702],[-83.00186,40.15708],[-83.00179,40.15709],[-83.00163,40.1571],[-83.00138,40.15712],[-83.00007,40.15714],[-82.99883,40.15716],[-82.99862,40.15715],[-82.99846,40.15715],[-82.99682,40.15718],[-82.99585,40.15719],[-82.99498,40.15721],[-82.9946,40.15723],[-82.99365,40.15731],[-82.99341,40.15733],[-82.99312,40.15734],[-82.99306,40.15735],[-82.99268,40.15735],[-82.99253,40.15734],[-82.99241,40.15734],[-82.99221,40.15733],[-82.99187,40.15732],[-82.99127,40.15729],[-82.99116,40.15729],[-82.98989,40.15723],[-82.98953,40.15722],[-82.98897,40.1572],[-82.98863,40.15719],[-82.98835,40.15718],[-82.98789,40.15715],[-82.98784,40.15715],[-82.98736,40.15713],[-82.98626,40.15708],[-82.98601,40.15707],[-82.98525,40.15705],[-82.98461,40.15702],[-82.98335,40.15696],[-82.98311,40.15695],[-82.98153,40.15689],[-82.97985,40.15683],[-82.97887,40.15679],[-82.97692,40.1567],[-82.97686,40.1567],[-82.97677,40.1567],[-82.97609,40.15667],[-82.97576,40.15665],[-82.97492,40.15662],[-82.9741,40.15659],[-82.97376,40.15657],[-82.97366,40.15657],[-82.97299,40.15654],[-82.97262,40.15651],[-82.97231,40.15648],[-82.9721,40.15646],[-82.97189,40.15642],[-82.97168,40.15638],[-82.97146,40.15633],[-82.97102,40.1562],[-82.97074,40.1561],[-82.9704,40.15597],[-82.97007,40.15582],[-82.96997,40.15576],[-82.96971,40.15562],[-82.96966,40.15559],[-82.96955,40.15552],[-82.9694,40.15543],[-82.96914,40.15524],[-82.96889,40.15504],[-82.96867,40.15483],[-82.96844,40.1546],[-82.96807,40.15415],[-82.96793,40.15401],[-82.96779,40.1539],[-82.96771,40.15384],[-82.96754,40.15375],[-82.96749,40.15372],[-82.96734,40.15366],[-82.96716,40.1536],[-82.96697,40.15356],[-82.96677,40.15353],[-82.96592,40.15349],[-82.96446,40.15343],[-82.96408,40.15341],[-82.962,40.15333],[-82.96137,40.1533],[-82.95975,40.15323],[-82.95946,40.1532],[-82.95923,40.15317],[-82.95904,40.15312],[-82.95893,40.15309],[-82.9587,40.15302],[-82.95854,40.15295],[-82.95835,40.15286],[-82.95821,40.15277],[-82.95781,40.15251],[-82.95738,40.15222],[-82.95688,40.15188],[-82.95666,40.15172],[-82.95591,40.15119],[-82.95561,40.15102],[-82.95537,40.15082],[-82.95527,40.15073]]}},{"type":"Feature","properties":{"layer":"secondary","NAME":"Worthington Rd","MTFCC":"S1200"},"geometry":{"type":"LineString","coordinates":[[-82.90521,40.20822],[-82.90526,40.20806],[-82.90535,40.20781],[-82.90542,40.20761],[-82.90545,40.20753],[-82.90552,40.20737],[-82.90557,40.2073],[-82.90568,40.20716],[-82.90592,40.20687],[-82.90613,40.20665],[-82.90642,40.20631],[-82.90675,40.20589],[-82.90726,40.20524],[-82.90737,40.2051],[-82.90859,40.20354],[-82.90923,40.20274],[-82.90967,40.20221],[-82.90982,40.20199],[-82.9102,40.20152],[-82.91069,40.20089],[-82.91096,40.20055],[-82.9115,40.19987],[-82.91241,40.19877],[-82.91259,40.19856],[-82.91299,40.19808],[-82.91312,40.19792],[-82.91322,40.19782],[-82.91332,40.19771],[-82.91376,40.19716],[-82.91427,40.19652],[-82.91563,40.19479],[-82.9157,40.19469],[-82.9171,40.19295],[-82.9175,40.19246],[-82.91783,40.19206],[-82.91867,40.19105],[-82.91938,40.19014],[-82.91968,40.18976],[-82.92023,40.18907],[-82.92075,40.18841],[-82.92106,40.18801],[-82.92154,40.1874],[-82.92205,40.18677],[-82.9221,40.1867],[-82.92246,40.18625],[-82.92332,40.18516],[-82.92433,40.18389],[-82.92445,40.18374],[-82.9245,40.18369],[-82.92451,40.18367],[-82.92454,40.18363],[-82.92465,40.18349],[-82.92513,40.1829],[-82.92527,40.18273],[-82.92546,40.1825],[-82.92562,40.18228],[-82.92634,40.18139],[-82.92704,40.18052],[-82.92743,40.18004],[-82.92757,40.17986],[-82.92851,40.1787],[-82.92924,40.17782],[-82.92966,40.17732],[-82.93016,40.17671],[-82.93083,40.17591],[-82.93097,40.17574],[-82.93207,40.17443],[-82.93318,40.17315],[-82.93327,40.17305],[-82.93363,40.17265],[-82.93424,40.17196],[-82.93444,40.17172],[-82.93449,40.17167],[-82.9345,40.17166],[-82.93496,40.17115],[-82.93532,40.17069],[-82.93585,40.17005],[-82.93647,40.16933],[-82.93685,40.16889],[-82.93795,40.16762],[-82.93831,40.16722],[-82.93849,40.16701],[-82.93936,40.16601],[-82.93957,40.16577],[-82.93967,40.16566],[-82.93994,40.16533],[-82.94016,40.16508],[-82.94038,40.16483],[-82.94048,40.16473],[-82.94074,40.16444],[-82.94126,40.16383],[-82.94148,40.16356],[-82.94165,40.16336],[-82.94191,40.16307],[-82.94202,40.16293],[-82.94234,40.16256],[-82.94254,40.16233],[-82.9431,40.1617],[-82.94373,40.16099],[-82.94422,40.16043],[-82.94428,40.16035],[-82.94432,40.1603],[-82.9444,40.1602],[-82.94479,40.15975],[-82.94503,40.15947],[-82.94516,40.15931],[-82.94542,40.15902],[-82.94552,40.1589],[-82.94576,40.15861],[-82.9459,40.15844],[-82.94636,40.15791],[-82.94677,40.15746],[-82.94686,40.15735],[-82.94726,40.15692],[-82.94762,40.1565],[-82.94782,40.15628],[-82.94806,40.15601],[-82.94821,40.15583],[-82.94909,40.15454],[-82.94954,40.15386],[-82.94973,40.15358],[-82.94978,40.15351],[-82.95009,40.15304],[-82.95074,40.15205],[-82.95091,40.15182],[-82.95113,40.15157],[-82.95126,40.15143],[-82.95148,40.15127],[-82.95165,40.15116],[-82.95198,40.15095],[-82.9522,40.15083],[-82.95256,40.15059],[-82.95276,40.15048],[-82.953,40.15035],[-82.9531,40.1503],[-82.95327,40.15021],[-82.95344,40.15013],[-82.95366,40.15],[-82.95387,40.14988]]}},{"type":"Feature","properties":{"layer":"secondary","NAME":"Africa Rd","MTFCC":"S1200"},"geometry":{"type":"LineString","coordinates":[[-82.94447,40.26725],[-82.94448,40.26715],[-82.94452,40.26663],[-82.94454,40.26611],[-82.94459,40.26557],[-82.94459,40.26554],[-82.94461,40.26542],[-82.94466,40.26511],[-82.94473,40.26487],[-82.9448,40.26468],[-82.94484,40.26459],[-82.94492,40.26445],[-82.94495,40.26439],[-82.94502,40.26427],[-82.9451,40.26416],[-82.94527,40.26395],[-82.94538,40.26382],[-82.94597,40.26323],[-82.94638,40.26283],[-82.94663,40.26255],[-82.94703,40.26206],[-82.9473,40.26169],[-82.94838,40.2602],[-82.94932,40.25891],[-82.94939,40.25882],[-82.94956,40.25864],[-82.94974,40.25848],[-82.94981,40.25842],[-82.95018,40.25817],[-82.95134,40.25743],[-82.95139,40.2574],[-82.95277,40.2565],[-82.954,40.25567],[-82.95432,40.25545],[-82.95472,40.25518],[-82.95498,40.25499],[-82.95503,40.25493],[-82.95516,40.25471],[-82.95529,40.25448],[-82.95574,40.25353],[-82.95603,40.25293],[-82.95608,40.25283],[-82.95656,40.25182],[-82.95658,40.25178],[-82.95666,40.25159],[-82.95679,40.25132],[-82.95697,40.25095],[-82.95777,40.24922],[-82.95797,40.24882],[-82.9581,40.24854],[-82.95823,40.24826],[-82.959,40.24661],[-82.95929,40.24597],[-82.95983,40.2448],[-82.95998,40.24447],[-82.96012,40.24419],[-82.96047,40.2435],[-82.96053,40.24337],[-82.96076,40.24298],[-82.96121,40.24222],[-82.96152,40.24168],[-82.96175,40.24123],[-82.96192,40.24088],[-82.96208,40.24043],[-82.96222,40.23994],[-82.96227,40.23972],[-82.96239,40.23917],[-82.96249,40.2388],[-82.96265,40.23807],[-82.96266,40.23799],[-82.96269,40.23778],[-82.96271,40.23753],[-82.9627,40.23725],[-82.96264,40.23689],[-82.96258,40.23662],[-82.96248,40.23635],[-82.96241,40.23618],[-82.96208,40.23551],[-82.96135,40.23408],[-82.96089,40.2332],[-82.96014,40.23172],[-82.95995,40.23137],[-82.95942,40.23035],[-82.95918,40.22986],[-82.95857,40.22866],[-82.95845,40.22845],[-82.95833,40.22822],[-82.95818,40.22791],[-82.95792,40.22739],[-82.95707,40.22572],[-82.95683,40.22524],[-82.95639,40.22434],[-82.95603,40.22356],[-82.95562,40.22267],[-82.95475,40.22077],[-82.95315,40.21729],[-82.95275,40.21639],[-82.95183,40.21442],[-82.95171,40.21415],[-82.95084,40.21224],[-82.95062,40.21177],[-82.95013,40.21069],[-82.9499,40.21018],[-82.9498,40.20998],[-82.94692,40.2037],[-82.94605,40.20182],[-82.94604,40.20178],[-82.94579,40.20122],[-82.94456,40.19855],[-82.94435,40.19804],[-82.94431,40.19795],[-82.94417,40.19757],[-82.94399,40.19702],[-82.94391,40.19679],[-82.94383,40.19647],[-82.94375,40.19614],[-82.94369,40.19589],[-82.9436,40.1954],[-82.94355,40.19506],[-82.94352,40.19481],[-82.94347,40.19429],[-82.94345,40.19389],[-82.94344,40.19347],[-82.94344,40.1931],[-82.94346,40.19278],[-82.94352,40.192],[-82.94361,40.19125],[-82.94369,40.19055],[-82.94374,40.19031],[-82.94379,40.19012],[-82.94387,40.18988],[-82.94392,40.18976],[-82.94404,40.18952],[-82.94417,40.18931],[-82.94433,40.18908],[-82.9445,40.18886],[-82.9447,40.18865],[-82.9448,40.18854],[-82.94503,40.18835],[-82.94514,40.18825],[-82.94532,40.18813],[-82.94556,40.18796],[-82.94569,40.18788],[-82.94596,40.18774],[-82.94617,40.18764],[-82.9464,40.18755],[-82.94663,40.18746],[-82.94711,40.18729],[-82.94785,40.18705],[-82.95017,40.18629],[-82.95285,40.1854],[-82.95338,40.18522],[-82.95408,40.185],[-82.95465,40.18481],[-82.95521,40.18462],[-82.9554,40.18455],[-82.95562,40.18446],[-82.95577,40.18438],[-82.95595,40.18427],[-82.95611,40.18415],[-82.95624,40.18402],[-82.95637,40.18388],[-82.95647,40.18373],[-82.95655,40.18359],[-82.95662,40.18343],[-82.95665,40.18332],[-82.95668,40.1832],[-82.95669,40.1831],[-82.9567,40.18292],[-82.9567,40.18283],[-82.95664,40.18224],[-82.95653,40.18144],[-82.95648,40.18113],[-82.95643,40.18087],[-82.95635,40.1806],[-82.95627,40.18037],[-82.95602,40.17978],[-82.95561,40.17885],[-82.95515,40.17782],[-82.95513,40.17777],[-82.95512,40.17775],[-82.95461,40.17662],[-82.95446,40.17628],[-82.95399,40.17519],[-82.95391,40.17498],[-82.9538,40.17468],[-82.95374,40.17448],[-82.95371,40.17434],[-82.95364,40.17375],[-82.95356,40.17304],[-82.95351,40.17239],[-82.95348,40.17212],[-82.95344,40.17154],[-82.95333,40.16979],[-82.95326,40.16871],[-82.95325,40.16849],[-82.9532,40.16818],[-82.95312,40.16777],[-82.95287,40.16669],[-82.95273,40.16614],[-82.95242,40.16486],[-82.9524,40.16475],[-82.95236,40.16462],[-82.95233,40.16449],[-82.9522,40.16394],[-82.95217,40.16384],[-82.95215,40.16375],[-82.95206,40.16338],[-82.95202,40.16324],[-82.95194,40.16294],[-82.9518,40.16238],[-82.95152,40.16122],[-82.95139,40.16069],[-82.9513,40.1604],[-82.95126,40.16028],[-82.95115,40.16008],[-82.9509,40.15964],[-82.95079,40.15946],[-82.95033,40.15877],[-82.95012,40.15846],[-82.94974,40.15788],[-82.94926,40.15717],[-82.94916,40.15705],[-82.94906,40.15694],[-82.94899,40.15689],[-82.94893,40.15684],[-82.94866,40.15669],[-82.94849,40.1566],[-82.94796,40.15635],[-82.94782,40.15628],[-82.94767,40.15623],[-82.94721,40.15612],[-82.94618,40.15588],[-82.94597,40.15582],[-82.9459,40.15579],[-82.94578,40.15573],[-82.94572,40.15569],[-82.94555,40.15557],[-82.94542,40.15545],[-82.94529,40.15531],[-82.94494,40.15497],[-82.94475,40.15478],[-82.94457,40.15461],[-82.94402,40.15405],[-82.94386,40.15391],[-82.94383,40.15387],[-82.9437,40.15375],[-82.94332,40.15334],[-82.94307,40.1531],[-82.943,40.15302],[-82.94271,40.15274],[-82.94197,40.15193],[-82.94173,40.15167],[-82.9414,40.15132],[-82.94095,40.15086],[-82.94087,40.15076],[-82.94018,40.15007],[-82.9401,40.14998],[-82.93976,40.14964],[-82.93967,40.1495],[-82.93948,40.14935],[-82.93913,40.14889],[-82.93905,40.14873],[-82.939,40.14863],[-82.93895,40.14843],[-82.93888,40.14826]]}},{"type":"Feature","properties":{"layer":"local","NAME":"Gemini Pl","MTFCC":"S1400"},"geometry":{"type":"LineString","coordinates":[[-82.95643,40.14868],[-82.95689,40.14859],[-82.95734,40.14852],[-82.95791,40.14849],[-82.95876,40.14849],[-82.95961,40.14845],[-82.96046,40.14841],[-82.9618,40.14836],[-82.9622,40.14833],[-82.96285,40.14829],[-82.96344,40.14825],[-82.96395,40.14817],[-82.96427,40.14813],[-82.96515,40.148],[-82.96556,40.14797],[-82.96631,40.14801]]}},{"type":"Feature","properties":{"layer":"local","NAME":"Presidential Gateway","MTFCC":"S1400"},"geometry":{"type":"LineString","coordinates":[[-82.94115,40.10148],[-82.94117,40.10112],[-82.94121,40.10051],[-82.94127,40.10029],[-82.94135,40.10016],[-82.94148,40.1],[-82.94157,40.09991],[-82.94167,40.09978],[-82.94171,40.09962],[-82.9417,40.09945],[-82.94164,40.09927],[-82.94159,40.0991],[-82.94154,40.09897],[-82.94152,40.09887],[-82.94152,40.09873],[-82.94154,40.09852],[-82.94159,40.09799],[-82.94155,40.09771],[-82.9414,40.09745],[-82.94131,40.09735],[-82.94125,40.09722],[-82.94126,40.09708],[-82.94134,40.09695]]}},{"type":"Feature","properties":{"layer":"local","NAME":"Nicole Dr","MTFCC":"S1400"},"geometry":{"type":"LineString","coordinates":[[-82.8986,40.12377],[-82.89855,40.12436],[-82.89853,40.12469],[-82.89845,40.12556],[-82.89845,40.12563],[-82.89845,40.12594],[-82.89851,40.12623],[-82.89858,40.12635],[-82.89869,40.12655],[-82.89907,40.12689],[-82.89945,40.12706],[-82.89952,40.1271],[-82.90011,40.1272],[-82.90101,40.12723],[-82.90109,40.12724],[-82.90135,40.12728],[-82.90159,40.12736],[-82.90177,40.12747],[-82.90191,40.1276],[-82.90201,40.12771],[-82.90214,40.12785],[-82.90221,40.12791],[-82.9023,40.12797],[-82.90241,40.12804],[-82.9027,40.12814],[-82.90294,40.12817],[-82.90315,40.12818]]}},{"type":"Feature","properties":{"layer":"local","NAME":"Glacier Pass","MTFCC":"S1400"},"geometry":{"type":"LineString","coordinates":[[-82.95688,40.12907],[-82.95613,40.12905],[-82.95594,40.12905],[-82.95553,40.12912],[-82.95397,40.1296],[-82.95346,40.12976],[-82.95297,40.12987],[-82.95233,40.12993],[-82.95192,40.12993],[-82.95132,40.1299]]}},{"type":"Feature","properties":{"layer":"local","NAME":"Boehm Ct","MTFCC":"S1400"},"geometry":{"type":"LineString","coordinates":[[-82.90214,40.13093],[-82.9021,40.13149]]}},{"type":"Feature","properties":{"layer":"local","NAME":"Michael Ave","MTFCC":"S1400"},"geometry":{"type":"LineString","coordinates":[[-82.91315,40.12738],[-82.9131,40.12899],[-82.91308,40.12922],[-82.91303,40.12937],[-82.91291,40.1295],[-82.91257,40.12983],[-82.91239,40.13012],[-82.91238,40.13042],[-82.91242,40.1309],[-82.9124,40.13103],[-82.91228,40.13114],[-82.91218,40.13119],[-82.91205,40.1312],[-82.91134,40.13118],[-82.91126,40.13117],[-82.91122,40.13117],[-82.91012,40.13113],[-82.90985,40.13112],[-82.90971,40.13113],[-82.90958,40.13117],[-82.90915,40.13133]]}},{"type":"Feature","properties":{"layer":"local","NAME":"Zumstein Ln","MTFCC":"S1400"},"geometry":{"type":"LineString","coordinates":[[-82.95611,40.14276],[-82.95475,40.14288]]}},{"type":"Feature","properties":{"layer":"local","NAME":"Peach St","MTFCC":"S1400"},"geometry":{"type":"LineString","coordinates":[[-82.91157,40.1363],[-82.9104,40.13625],[-82.91031,40.13625],[-82.91012,40.13628],[-82.91003,40.1363]]}},{"type":"Feature","properties":{"layer":"local","NAME":"Sherbrook Dr","MTFCC":"S1400"},"geometry":{"type":"LineString","coordinates":[[-82.90171,40.15128],[-82.90191,40.15129],[-82.90202,40.1513],[-82.90216,40.15132],[-82.90232,40.15136],[-82.90244,40.15141],[-82.90258,40.15148],[-82.90269,40.15155],[-82.90291,40.15171],[-82.90304,40.15182],[-82.90316,40.1519],[-82.90328,40.15197],[-82.90344,40.15204],[-82.90357,40.15208],[-82.90371,40.15211],[-82.90387,40.15213],[-82.90451,40.15215],[-82.90587,40.15221],[-82.90636,40.15223],[-82.90647,40.15224],[-82.90661,40.15226],[-82.90676,40.15231],[-82.90689,40.15236],[-82.90752,40.15271],[-82.90779,40.15285],[-82.90793,40.1529],[-82.90808,40.15295],[-82.90825,40.15298],[-82.90846,40.15301]]}},{"type":"Feature","properties":{"layer":"local","NAME":"McCutcheon Aly","MTFCC":"S1730"},"geometry":{"type":"LineString","coordinates":[[-82.92369,40.12731],[-82.92372,40.1269],[-82.92377,40.12621]]}},{"type":"Feature","properties":{"layer":"local","NAME":"Laketree Ct E","MTFCC":"S1400"},"geometry":{"type":"LineString","coordinates":[[-82.89593,40.12952],[-82.89497,40.12948],[-82.89463,40.12946],[-82.89435,40.12952]]}},{"type":"Feature","properties":{"layer":"local","NAME":"Harbor View Dr","MTFCC":"S1400"},"geometry":{"type":"LineString","coordinates":[[-82.89931,40.11726],[-82.89824,40.11721],[-82.89602,40.1171],[-82.89568,40.1171],[-82.8955,40.11706],[-82.89517,40.11698],[-82.89467,40.11694]]}},{"type":"Feature","properties":{"layer":"local","NAME":"Circle Ct","MTFCC":"S1400"},"geometry":{"type":"LineString","coordinates":[[-82.9168,40.12251],[-82.91719,40.12227],[-82.91747,40.12202],[-82.91753,40.12181],[-82.9175,40.12159],[-82.91739,40.12141],[-82.91721,40.12126],[-82.91682,40.12115],[-82.91569,40.1211]]}},{"type":"Feature","properties":{"layer":"local","NAME":"Henderson Rd","MTFCC":"S1740"},"geometry":{"type":"LineString","coordinates":[[-82.94253,40.14577],[-82.94251,40.14602],[-82.94253,40.14625],[-82.94256,40.14649],[-82.94258,40.14661]]}},{"type":"Feature","properties":{"layer":"local","NAME":"Sweetgum Way","MTFCC":"S1400"},"geometry":{"type":"LineString","coordinates":[[-82.91632,40.13159],[-82.91625,40.13162],[-82.91617,40.13163],[-82.91588,40.13161],[-82.91471,40.13157]]}},{"type":"Feature","properties":{"layer":"local","NAME":"Tottenham Blvd","MTFCC":"S1400"},"geometry":{"type":"LineString","coordinates":[[-82.95872,40.1382],[-82.95873,40.13805],[-82.95877,40.13745]]}},{"type":"Feature","properties":{"layer":"local","NAME":"Hampton Park E","MTFCC":"S1400"},"geometry":{"type":"LineString","coordinates":[[-82.91713,40.12808],[-82.91707,40.12816],[-82.91704,40.12825],[-82.91701,40.1288],[-82.91699,40.12912],[-82.91699,40.12935],[-82.917,40.12944],[-82.91706,40.12952]]}},{"type":"Feature","properties":{"layer":"local","NAME":"Fisher Pond Dr","MTFCC":"S1400"},"geometry":{"type":"LineString","coordinates":[[-82.90126,40.14917],[-82.90214,40.14926]]}},{"type":"Feature","properties":{"layer":"local","NAME":"Trail's End","MTFCC":"S1400"},"geometry":{"type":"LineString","coordinates":[[-82.92564,40.13537],[-82.92569,40.13537],[-82.92576,40.13538],[-82.92587,40.1354],[-82.92591,40.13543],[-82.92597,40.13548],[-82.92603,40.1355],[-82.92609,40.1355],[-82.9264,40.13549]]}},{"type":"Feature","properties":{"layer":"local","NAME":"Flags Center Dr","MTFCC":"S1400"},"geometry":{"type":"LineString","coordinates":[[-82.95,40.10943],[-82.94996,40.10978]]}},{"type":"Feature","properties":{"layer":"local","NAME":"Village Green Dr","MTFCC":"S1400"},"geometry":{"type":"LineString","coordinates":[[-82.92941,40.14015],[-82.92935,40.14015],[-82.92932,40.14015],[-82.9293,40.14017],[-82.92912,40.14044],[-82.92911,40.14049],[-82.92911,40.14054]]}},{"type":"Feature","properties":{"layer":"local","NAME":"Harrogate Loop E","MTFCC":"S1400"},"geometry":{"type":"LineString","coordinates":[[-82.91895,40.13495],[-82.91885,40.13512],[-82.9187,40.13541],[-82.91864,40.13558],[-82.91863,40.13567],[-82.91862,40.1358],[-82.91864,40.13591],[-82.91872,40.136]]}},{"type":"Feature","properties":{"layer":"local","NAME":"Olde Worthington Rd","MTFCC":"S1400"},"geometry":{"type":"LineString","coordinates":[[-82.96524,40.14027],[-82.96506,40.14028],[-82.96486,40.1403],[-82.96469,40.14033],[-82.96452,40.14037],[-82.96435,40.14043],[-82.96415,40.14052],[-82.96405,40.14059],[-82.96393,40.1407],[-82.96391,40.14072],[-82.96356,40.14105],[-82.96305,40.14115],[-82.96301,40.14139],[-82.96297,40.14155],[-82.96283,40.14173],[-82.96262,40.14191],[-82.96246,40.14207],[-82.96229,40.14222],[-82.96034,40.14403],[-82.96024,40.14412],[-82.96001,40.14434],[-82.95985,40.14449],[-82.95967,40.14465],[-82.9596,40.14472],[-82.95945,40.14487],[-82.95939,40.14494],[-82.95932,40.14509],[-82.95931,40.14511],[-82.95926,40.14526],[-82.95925,40.14534],[-82.95922,40.14551],[-82.95924,40.14564],[-82.95924,40.14579]]}},{"type":"Feature","properties":{"layer":"local","NAME":"Cross Wind Dr","MTFCC":"S1400"},"geometry":{"type":"LineString","coordinates":[[-82.91393,40.1022],[-82.91318,40.10216],[-82.9131,40.10214],[-82.91305,40.10211],[-82.91281,40.1017],[-82.9127,40.10155],[-82.91258,40.10143],[-82.91242,40.10137],[-82.91206,40.10123],[-82.91187,40.10114],[-82.91169,40.10104],[-82.91153,40.10092],[-82.91145,40.10085],[-82.91134,40.10075],[-82.91115,40.10054]]}},{"type":"Feature","properties":{"layer":"local","NAME":"Mainsail Dr","MTFCC":"S1400"},"geometry":{"type":"LineString","coordinates":[[-82.8971,40.12042],[-82.89713,40.12024],[-82.89729,40.11951],[-82.89734,40.11933],[-82.89746,40.1192],[-82.89752,40.11913],[-82.89772,40.11902],[-82.89832,40.11883],[-82.89854,40.11876],[-82.89882,40.11867],[-82.89903,40.11857],[-82.89917,40.1184],[-82.89923,40.11824],[-82.89931,40.11726],[-82.89935,40.11669],[-82.89946,40.11634],[-82.89969,40.11607],[-82.90014,40.11571],[-82.90053,40.11538],[-82.90064,40.11522],[-82.90068,40.11503],[-82.90073,40.1144],[-82.90071,40.11425],[-82.90068,40.11417],[-82.90048,40.11389],[-82.90013,40.1137],[-82.89973,40.11364],[-82.89945,40.11362],[-82.89778,40.11356],[-82.89738,40.11348],[-82.89704,40.11334]]}},{"type":"Feature","properties":{"layer":"local","NAME":"Foxtrail Cir E","MTFCC":"S1400"},"geometry":{"type":"LineString","coordinates":[[-82.93298,40.11375],[-82.93289,40.11376],[-82.93265,40.11371],[-82.93252,40.1136],[-82.93246,40.11345],[-82.93246,40.11325],[-82.93246,40.11288],[-82.93242,40.11272],[-82.93239,40.1124],[-82.9324,40.11223]]}},{"type":"Feature","properties":{"layer":"local","NAME":"Village Green Ln","MTFCC":"S1400"},"geometry":{"type":"LineString","coordinates":[[-82.92875,40.14056],[-82.92871,40.14042],[-82.9287,40.14036],[-82.92871,40.14031],[-82.92905,40.13978]]}},{"type":"Feature","properties":{"layer":"local","NAME":"Helenhurst Ct","MTFCC":"S1400"},"geometry":{"type":"LineString","coordinates":[[-82.90109,40.12827],[-82.90101,40.12819],[-82.90086,40.12809],[-82.90068,40.12806],[-82.89977,40.12801]]}},{"type":"Feature","properties":{"layer":"local","NAME":"North Aly","MTFCC":"S1730"},"geometry":{"type":"LineString","coordinates":[[-82.92905,40.12931],[-82.93156,40.12942]]}},{"type":"Feature","properties":{"layer":"local","NAME":null,"MTFCC":"S1630"},"geometry":{"type":"LineString","coordinates":[[-82.92424,40.09879],[-82.92451,40.09885],[-82.92473,40.09898],[-82.92493,40.09923],[-82.92497,40.0994],[-82.92498,40.09958],[-82.92498,40.10004],[-82.92504,40.10029],[-82.92507,40.10039]]}},{"type":"Feature","properties":{"layer":"local","NAME":"Landings Ct","MTFCC":"S1400"},"geometry":{"type":"LineString","coordinates":[[-82.8946,40.13795],[-82.89413,40.13793]]}},{"type":"Feature","properties":{"layer":"local","NAME":"Caldwell Dr","MTFCC":"S1400"},"geometry":{"type":"LineString","coordinates":[[-82.9556,40.13806],[-82.95561,40.13812],[-82.95561,40.13813],[-82.9556,40.13831],[-82.95555,40.13853],[-82.95548,40.13872],[-82.9554,40.13892],[-82.95531,40.13923],[-82.9553,40.13939],[-82.9553,40.13945],[-82.95532,40.13949],[-82.95535,40.13953],[-82.9554,40.13958]]}},{"type":"Feature","properties":{"layer":"local","NAME":"Cherry Ravine Ct","MTFCC":"S1400"},"geometry":{"type":"LineString","coordinates":[[-82.92439,40.11439],[-82.92442,40.11405],[-82.92445,40.11396],[-82.92458,40.11383],[-82.92467,40.11371],[-82.92466,40.11357],[-82.9246,40.11351],[-82.92451,40.11348],[-82.92441,40.11349]]}},{"type":"Feature","properties":{"layer":"local","NAME":null,"MTFCC":"S1400"},"geometry":{"type":"LineString","coordinates":[[-82.92342,40.15192],[-82.92338,40.15234],[-82.92337,40.15264],[-82.92335,40.15286]]}},{"type":"Feature","properties":{"layer":"local","NAME":"Brandywine Dr","MTFCC":"S1400"},"geometry":{"type":"LineString","coordinates":[[-82.94925,40.12042],[-82.94874,40.12041]]}},{"type":"Feature","properties":{"layer":"local","NAME":"Brandywine Dr","MTFCC":"S1400"},"geometry":{"type":"LineString","coordinates":[[-82.94919,40.12134],[-82.94966,40.12137]]}},{"type":"Feature","properties":{"layer":"local","NAME":"Palermo Pl","MTFCC":"S1400"},"geometry":{"type":"LineString","coordinates":[[-82.92173,40.10541],[-82.92209,40.10503]]}},{"type":"Feature","properties":{"layer":"local","NAME":"Club Dr","MTFCC":"S1400"},"geometry":{"type":"LineString","coordinates":[[-82.92819,40.10501],[-82.92816,40.10465],[-82.92492,40.1045]]}},{"type":"Feature","properties":{"layer":"local","NAME":"Old Dover Rd","MTFCC":"S1400"},"geometry":{"type":"LineString","coordinates":[[-82.9104,40.1443],[-82.91076,40.14382],[-82.91084,40.14369],[-82.91088,40.1436],[-82.91092,40.1431],[-82.91095,40.14242]]}},{"type":"Feature","properties":{"layer":"local","NAME":"Kingfisher Ct","MTFCC":"S1400"},"geometry":{"type":"LineString","coordinates":[[-82.90836,40.13924],[-82.90823,40.1393],[-82.90811,40.13935],[-82.90787,40.13943]]}},{"type":"Feature","properties":{"layer":"local","NAME":"Mossman Ave","MTFCC":"S1400"},"geometry":{"type":"LineString","coordinates":[[-82.92898,40.13075],[-82.92843,40.13072],[-82.92658,40.13064]]}},{"type":"Feature","properties":{"layer":"local","NAME":"McVay Aly","MTFCC":"S1730"},"geometry":{"type":"LineString","coordinates":[[-82.92658,40.13064],[-82.92659,40.13105],[-82.92659,40.13147],[-82.92656,40.13188],[-82.92652,40.13229],[-82.92649,40.13272],[-82.92646,40.13313]]}},{"type":"Feature","properties":{"layer":"local","NAME":"Whitehead St","MTFCC":"S1400"},"geometry":{"type":"LineString","coordinates":[[-82.92472,40.12625],[-82.92472,40.12626],[-82.92466,40.12701],[-82.92464,40.12736]]}},{"type":"Feature","properties":{"layer":"local","NAME":"Willowick Dr","MTFCC":"S1400"},"geometry":{"type":"LineString","coordinates":[[-82.96235,40.10083],[-82.96184,40.10095],[-82.96168,40.101]]}},{"type":"Feature","properties":{"layer":"local","NAME":"Nature Trl","MTFCC":"S1400"},"geometry":{"type":"LineString","coordinates":[[-82.92561,40.13566],[-82.92563,40.13548],[-82.92564,40.13537],[-82.92561,40.13529],[-82.92561,40.13523],[-82.92561,40.13518],[-82.92563,40.13507],[-82.92564,40.13503],[-82.92568,40.13496],[-82.92571,40.13491],[-82.9258,40.13479],[-82.92591,40.1347],[-82.92598,40.13465],[-82.9261,40.1346],[-82.92622,40.13456],[-82.9264,40.13454],[-82.92663,40.13452],[-82.927,40.1345]]}},{"type":"Feature","properties":{"layer":"local","NAME":"Lexington Ct","MTFCC":"S1400"},"geometry":{"type":"LineString","coordinates":[[-82.90272,40.10875],[-82.90218,40.10872],[-82.90193,40.10871],[-82.90161,40.10867],[-82.90133,40.10854]]}},{"type":"Feature","properties":{"layer":"local","NAME":"Mulberry Way N","MTFCC":"S1400"},"geometry":{"type":"LineString","coordinates":[[-82.91147,40.13704],[-82.91142,40.13705],[-82.91134,40.13706],[-82.91118,40.13706],[-82.91069,40.13703],[-82.91056,40.13703],[-82.91041,40.13706],[-82.91031,40.13708]]}},{"type":"Feature","properties":{"layer":"local","NAME":"Greenhurst Dr","MTFCC":"S1400"},"geometry":{"type":"LineString","coordinates":[[-82.95856,40.13517],[-82.9583,40.13515],[-82.95815,40.13515],[-82.95742,40.13512],[-82.95693,40.1351],[-82.95686,40.1351],[-82.95674,40.13512],[-82.95662,40.13515],[-82.95657,40.13518],[-82.95646,40.13523],[-82.95638,40.1353],[-82.95631,40.13539],[-82.95627,40.13548],[-82.95625,40.13552],[-82.95623,40.13562]]}},{"type":"Feature","properties":{"layer":"local","NAME":"Patti Dr","MTFCC":"S1400"},"geometry":{"type":"LineString","coordinates":[[-82.9085,40.12112],[-82.90834,40.12102],[-82.90801,40.1209],[-82.90743,40.12087],[-82.90635,40.12081],[-82.90589,40.12078],[-82.90538,40.12082],[-82.90471,40.12086],[-82.9044,40.12083],[-82.90369,40.12079]]}},{"type":"Feature","properties":{"layer":"local","NAME":"Canmore Ct","MTFCC":"S1400"},"geometry":{"type":"LineString","coordinates":[[-82.91963,40.13611],[-82.91965,40.13577]]}},{"type":"Feature","properties":{"layer":"local","NAME":null,"MTFCC":"S1730"},"geometry":{"type":"LineString","coordinates":[[-82.90619,40.14476],[-82.90621,40.14456],[-82.90621,40.1445],[-82.90619,40.14445],[-82.90615,40.14443],[-82.90609,40.14442],[-82.90602,40.14442],[-82.90587,40.14442]]}},{"type":"Feature","properties":{"layer":"local","NAME":"Berkeley Pl N","MTFCC":"S1400"},"geometry":{"type":"LineString","coordinates":[[-82.95129,40.12351],[-82.95128,40.12358],[-82.95128,40.12379],[-82.95131,40.12385],[-82.95136,40.12389],[-82.95142,40.12392],[-82.95154,40.12394],[-82.95237,40.12397],[-82.95259,40.12398],[-82.95309,40.12396],[-82.95352,40.12387],[-82.95398,40.1237],[-82.95426,40.12352]]}},{"type":"Feature","properties":{"layer":"local","NAME":"Cologne Pl","MTFCC":"S1400"},"geometry":{"type":"LineString","coordinates":[[-82.90584,40.10773],[-82.90625,40.10718]]}},{"type":"Feature","properties":{"layer":"local","NAME":"Nothgate Ct","MTFCC":"S1400"},"geometry":{"type":"LineString","coordinates":[[-82.91067,40.10093],[-82.91073,40.10101],[-82.91085,40.10112],[-82.911,40.10125],[-82.91108,40.10128],[-82.91119,40.10133],[-82.91157,40.10149]]}},{"type":"Feature","properties":{"layer":"local","NAME":"Foxtrail Cir W","MTFCC":"S1400"},"geometry":{"type":"LineString","coordinates":[[-82.9324,40.11223],[-82.93281,40.11225],[-82.93354,40.11236],[-82.93369,40.11244],[-82.93384,40.11253],[-82.93392,40.11266],[-82.93393,40.11279],[-82.93388,40.11325],[-82.93383,40.11345],[-82.93373,40.11355],[-82.93358,40.11361],[-82.93337,40.11367],[-82.93335,40.11368],[-82.93315,40.11373],[-82.93298,40.11375]]}},{"type":"Feature","properties":{"layer":"local","NAME":"Cherri Park Sq","MTFCC":"S1400"},"geometry":{"type":"LineString","coordinates":[[-82.92761,40.11512],[-82.92802,40.11501],[-82.92787,40.11469],[-82.92749,40.1148]]}},{"type":"Feature","properties":{"layer":"local","NAME":"River Trce","MTFCC":"S1400"},"geometry":{"type":"LineString","coordinates":[[-82.95384,40.12894],[-82.9536,40.12887],[-82.95312,40.12881],[-82.95247,40.12878],[-82.95186,40.1288],[-82.95123,40.12887],[-82.95059,40.129],[-82.95008,40.12916],[-82.94947,40.12939],[-82.94914,40.12952],[-82.94873,40.12968]]}},{"type":"Feature","properties":{"layer":"local","NAME":"Mill Wind Ct E","MTFCC":"S1400"},"geometry":{"type":"LineString","coordinates":[[-82.90464,40.13413],[-82.90373,40.1341]]}},{"type":"Feature","properties":{"layer":"local","NAME":"Connely Aly","MTFCC":"S1730"},"geometry":{"type":"LineString","coordinates":[[-82.9285,40.12987],[-82.92849,40.12989],[-82.92843,40.13072],[-82.92841,40.13115],[-82.92841,40.13154],[-82.92839,40.13197],[-82.92835,40.13238],[-82.92832,40.13281],[-82.92831,40.1332]]}},{"type":"Feature","properties":{"layer":"local","NAME":null,"MTFCC":"S1400"},"geometry":{"type":"LineString","coordinates":[[-82.92102,40.1523],[-82.92114,40.15227],[-82.92125,40.15224],[-82.92131,40.15221],[-82.92136,40.15218],[-82.92152,40.15208],[-82.9217,40.15197]]}},{"type":"Feature","properties":{"layer":"local","NAME":"Mathile Aly","MTFCC":"S1730"},"geometry":{"type":"LineString","coordinates":[[-82.92911,40.12807],[-82.92856,40.12805]]}},{"type":"Feature","properties":{"layer":"local","NAME":"Landis Aly","MTFCC":"S1730"},"geometry":{"type":"LineString","coordinates":[[-82.92649,40.13272],[-82.92832,40.13281]]}},{"type":"Feature","properties":{"layer":"local","NAME":"Corbin Aly","MTFCC":"S1730"},"geometry":{"type":"LineString","coordinates":[[-82.92562,40.12146],[-82.92555,40.12254],[-82.92546,40.12375]]}},{"type":"Feature","properties":{"layer":"local","NAME":"Leacrest Pl S","MTFCC":"S1400"},"geometry":{"type":"LineString","coordinates":[[-82.91726,40.11024],[-82.91723,40.11023],[-82.91651,40.11019]]}},{"type":"Feature","properties":{"layer":"local","NAME":"Marlborough Ct","MTFCC":"S1400"},"geometry":{"type":"LineString","coordinates":[[-82.95442,40.10954],[-82.95436,40.10938],[-82.95437,40.10934],[-82.95439,40.10931],[-82.95442,40.10928],[-82.95443,40.10925],[-82.95434,40.10894],[-82.95432,40.1089],[-82.95428,40.10888],[-82.95423,40.10887],[-82.95374,40.10895]]}},{"type":"Feature","properties":{"layer":"local","NAME":"Tami Sue Ct","MTFCC":"S1400"},"geometry":{"type":"LineString","coordinates":[[-82.90546,40.13761],[-82.90637,40.13764],[-82.90694,40.13766]]}},{"type":"Feature","properties":{"layer":"local","NAME":"Peachtree Ct","MTFCC":"S1400"},"geometry":{"type":"LineString","coordinates":[[-82.91219,40.1029],[-82.91236,40.10299]]}},{"type":"Feature","properties":{"layer":"local","NAME":"Somerton Dr","MTFCC":"S1400"},"geometry":{"type":"LineString","coordinates":[[-82.91431,40.13532],[-82.9146,40.13547],[-82.91474,40.13552],[-82.91485,40.13554],[-82.91503,40.13555],[-82.91571,40.13558],[-82.91582,40.13558],[-82.91594,40.13556],[-82.91609,40.13552],[-82.91612,40.1355]]}},{"type":"Feature","properties":{"layer":"local","NAME":"Park Bend Dr","MTFCC":"S1400"},"geometry":{"type":"LineString","coordinates":[[-82.90116,40.15022],[-82.901,40.15021]]}},{"type":"Feature","properties":{"layer":"local","NAME":"Birmingham Rd","MTFCC":"S1400"},"geometry":{"type":"LineString","coordinates":[[-82.92048,40.10751],[-82.92053,40.10699],[-82.92054,40.10669],[-82.92055,40.10654],[-82.92058,40.10567],[-82.92059,40.10524],[-82.92063,40.10507],[-82.92072,40.10489],[-82.92084,40.10477],[-82.9212,40.10444]]}},{"type":"Feature","properties":{"layer":"local","NAME":null,"MTFCC":"S1730"},"geometry":{"type":"LineString","coordinates":[[-82.90853,40.14443],[-82.90801,40.14441],[-82.90779,40.1444],[-82.90754,40.14438]]}},{"type":"Feature","properties":{"layer":"local","NAME":"Abbeycross Ln","MTFCC":"S1400"},"geometry":{"type":"LineString","coordinates":[[-82.92855,40.13592],[-82.92851,40.13618],[-82.9285,40.13632],[-82.92848,40.13646],[-82.92848,40.13648]]}},{"type":"Feature","properties":{"layer":"local","NAME":"Grangefield Ct","MTFCC":"S1400"},"geometry":{"type":"LineString","coordinates":[[-82.91665,40.12453],[-82.91667,40.12422]]}},{"type":"Feature","properties":{"layer":"local","NAME":"Smith Aly","MTFCC":"S1730"},"geometry":{"type":"LineString","coordinates":[[-82.92656,40.13188],[-82.92839,40.13197]]}},{"type":"Feature","properties":{"layer":"local","NAME":"Riddle Aly","MTFCC":"S1730"},"geometry":{"type":"LineString","coordinates":[[-82.93062,40.13155],[-82.93066,40.13174],[-82.93066,40.13178],[-82.93064,40.1319],[-82.93061,40.1325]]}},{"type":"Feature","properties":{"layer":"local","NAME":"Schenck Aly","MTFCC":"S1730"},"geometry":{"type":"LineString","coordinates":[[-82.93816,40.1259],[-82.93828,40.12652],[-82.93831,40.12665],[-82.93843,40.12711]]}},{"type":"Feature","properties":{"layer":"local","NAME":"Morningstar Loop","MTFCC":"S1400"},"geometry":{"type":"LineString","coordinates":[[-82.89724,40.14594],[-82.89721,40.14594],[-82.89717,40.14594],[-82.89714,40.14594],[-82.8971,40.14595],[-82.89707,40.14597],[-82.89705,40.14599],[-82.89702,40.14602],[-82.89701,40.14605],[-82.89699,40.14608],[-82.89698,40.14625],[-82.89697,40.14645],[-82.89699,40.1465],[-82.89702,40.14654],[-82.8971,40.14659],[-82.89716,40.14661],[-82.89736,40.14661],[-82.89822,40.14664],[-82.89858,40.14665],[-82.89866,40.14662],[-82.89871,40.14657],[-82.89874,40.14649],[-82.89876,40.14612],[-82.89875,40.14608],[-82.89871,40.14605],[-82.89867,40.14602],[-82.89862,40.14601]]}},{"type":"Feature","properties":{"layer":"local","NAME":"Kim Ct W","MTFCC":"S1400"},"geometry":{"type":"LineString","coordinates":[[-82.8975,40.12372],[-82.89746,40.12437],[-82.89744,40.12471]]}},{"type":"Feature","properties":{"layer":"local","NAME":"Marie Lou Dr","MTFCC":"S1400"},"geometry":{"type":"LineString","coordinates":[[-82.89214,40.12848],[-82.8933,40.12854],[-82.89336,40.12855],[-82.89386,40.12857],[-82.89431,40.12859],[-82.89472,40.12857],[-82.89474,40.12857],[-82.89501,40.12848],[-82.8953,40.12833],[-82.89546,40.12817]]}},{"type":"Feature","properties":{"layer":"local","NAME":null,"MTFCC":"S1630"},"geometry":{"type":"LineString","coordinates":[[-82.95574,40.10682],[-82.95364,40.10647],[-82.95275,40.10631],[-82.9523,40.10623],[-82.95078,40.10596],[-82.95024,40.10586],[-82.94969,40.10575],[-82.94952,40.10573]]}},{"type":"Feature","properties":{"layer":"local","NAME":"Wycliff Pl","MTFCC":"S1400"},"geometry":{"type":"LineString","coordinates":[[-82.90451,40.15215],[-82.90461,40.15102]]}},{"type":"Feature","properties":{"layer":"local","NAME":"Allview Rd","MTFCC":"S1400"},"geometry":{"type":"LineString","coordinates":[[-82.92196,40.11206],[-82.92068,40.11199],[-82.92008,40.11195],[-82.91958,40.11192],[-82.91897,40.11189],[-82.91843,40.11185],[-82.9173,40.11179],[-82.91616,40.11172],[-82.91561,40.11169],[-82.91501,40.11172],[-82.91459,40.11179],[-82.91418,40.11175],[-82.91366,40.11156],[-82.91339,40.11134],[-82.9132,40.11109],[-82.91313,40.11093],[-82.91308,40.1108],[-82.91304,40.1105],[-82.91308,40.11032],[-82.91312,40.11022],[-82.91321,40.11003]]}},{"type":"Feature","properties":{"layer":"local","NAME":"E Home St","MTFCC":"S1400"},"geometry":{"type":"LineString","coordinates":[[-82.92571,40.12741],[-82.92464,40.12736],[-82.92418,40.12733],[-82.92386,40.12732],[-82.92369,40.12731],[-82.92366,40.12731],[-82.92336,40.12729]]}},{"type":"Feature","properties":{"layer":"local","NAME":"Bering Ct","MTFCC":"S1400"},"geometry":{"type":"LineString","coordinates":[[-82.95682,40.13003],[-82.95652,40.13011],[-82.95634,40.13013],[-82.95595,40.13012],[-82.95577,40.13012],[-82.95544,40.13018]]}},{"type":"Feature","properties":{"layer":"local","NAME":"Triesta Pl","MTFCC":"S1400"},"geometry":{"type":"LineString","coordinates":[[-82.92364,40.11274],[-82.92312,40.11272],[-82.92269,40.11263],[-82.92246,40.1126],[-82.92193,40.11257]]}},{"type":"Feature","properties":{"layer":"local","NAME":"Cross Country Dr S","MTFCC":"S1400"},"geometry":{"type":"LineString","coordinates":[[-82.91296,40.09999],[-82.91301,40.1],[-82.91305,40.10001],[-82.91341,40.10033],[-82.91361,40.10051],[-82.91409,40.10093],[-82.91425,40.10107]]}},{"type":"Feature","properties":{"layer":"local","NAME":"Lauffer Rd","MTFCC":"S1400"},"geometry":{"type":"LineString","coordinates":[[-82.94671,40.11001],[-82.94661,40.10991],[-82.94659,40.10983],[-82.9466,40.10961],[-82.94663,40.10932],[-82.94665,40.10913]]}},{"type":"Feature","properties":{"layer":"local","NAME":"E Broad St","MTFCC":"S1400"},"geometry":{"type":"LineString","coordinates":[[-82.92375,40.13097],[-82.92356,40.13096],[-82.92303,40.13094],[-82.92195,40.1309],[-82.92128,40.13089]]}},{"type":"Feature","properties":{"layer":"local","NAME":"Cherokee Dr","MTFCC":"S1400"},"geometry":{"type":"LineString","coordinates":[[-82.9242,40.11678],[-82.92424,40.11634],[-82.92425,40.11616],[-82.92421,40.11608],[-82.92414,40.11603],[-82.92404,40.116],[-82.92186,40.11586]]}},{"type":"Feature","properties":{"layer":"local","NAME":"Chertsey Ct","MTFCC":"S1400"},"geometry":{"type":"LineString","coordinates":[[-82.89672,40.11501],[-82.89644,40.11545]]}},{"type":"Feature","properties":{"layer":"local","NAME":"Copeland Mill Rd","MTFCC":"S1400"},"geometry":{"type":"LineString","coordinates":[[-82.94902,40.11282],[-82.94802,40.11278],[-82.94754,40.11275],[-82.9469,40.11271],[-82.94519,40.11264],[-82.94294,40.11254],[-82.94278,40.11253]]}},{"type":"Feature","properties":{"layer":"local","NAME":"Westerview Dr","MTFCC":"S1400"},"geometry":{"type":"LineString","coordinates":[[-82.94697,40.12455],[-82.94699,40.12471],[-82.947,40.12485]]}},{"type":"Feature","properties":{"layer":"local","NAME":"Maple Canyon Ave","MTFCC":"S1400"},"geometry":{"type":"LineString","coordinates":[[-82.9654,40.07733],[-82.96454,40.0779],[-82.96399,40.07828],[-82.96319,40.07882],[-82.96238,40.07938],[-82.96228,40.07945],[-82.96186,40.07991],[-82.96165,40.08044],[-82.96159,40.08127],[-82.96156,40.08178],[-82.96144,40.08222],[-82.9614,40.08229],[-82.96126,40.08254],[-82.96091,40.08298],[-82.96054,40.08375],[-82.96052,40.08376],[-82.96051,40.08378],[-82.96046,40.08417],[-82.96045,40.08435],[-82.96045,40.08437],[-82.96045,40.08441],[-82.96041,40.08484],[-82.9604,40.08501],[-82.96035,40.0857],[-82.96029,40.0865],[-82.9601,40.08898],[-82.96006,40.08951],[-82.96004,40.08985],[-82.96001,40.09017],[-82.96,40.09024],[-82.95997,40.09069],[-82.95993,40.09112],[-82.95991,40.09146],[-82.95991,40.09149],[-82.95987,40.09191],[-82.95981,40.09271],[-82.9598,40.09292],[-82.95975,40.09352],[-82.95967,40.09433],[-82.95965,40.0945],[-82.95942,40.09511],[-82.95924,40.09542],[-82.95896,40.09576],[-82.9587,40.09604],[-82.95865,40.09611],[-82.95843,40.09641],[-82.95832,40.0967],[-82.9583,40.09682],[-82.95828,40.09713],[-82.95826,40.09749],[-82.95823,40.09769],[-82.95822,40.09795],[-82.95821,40.09809],[-82.95819,40.09831],[-82.95818,40.09842],[-82.95818,40.09843],[-82.95818,40.0985],[-82.95815,40.09888],[-82.95814,40.09894],[-82.95813,40.09915],[-82.95811,40.09943],[-82.95807,40.09988],[-82.95806,40.10006],[-82.95806,40.10009],[-82.95804,40.10037],[-82.95804,40.10041],[-82.95801,40.10076],[-82.95799,40.1009],[-82.95797,40.10139],[-82.95797,40.10148],[-82.95796,40.10152],[-82.95795,40.10154],[-82.95794,40.10156],[-82.95793,40.10157],[-82.95791,40.1016],[-82.95791,40.10196]]}},{"type":"Feature","properties":{"layer":"local","NAME":"Meadcrest Ct","MTFCC":"S1400"},"geometry":{"type":"LineString","coordinates":[[-82.95623,40.13562],[-82.9562,40.13608],[-82.95619,40.13627]]}},{"type":"Feature","properties":{"layer":"local","NAME":"Kingfisher Dr","MTFCC":"S1400"},"geometry":{"type":"LineString","coordinates":[[-82.90835,40.13858],[-82.90832,40.13905],[-82.90832,40.13914],[-82.90835,40.13922],[-82.90836,40.13924],[-82.90839,40.13929],[-82.90847,40.13937],[-82.90863,40.13945],[-82.90873,40.13951],[-82.90881,40.13957],[-82.90888,40.13966],[-82.90894,40.13977],[-82.90896,40.13985],[-82.90897,40.13995],[-82.90892,40.14069],[-82.90891,40.14085],[-82.90889,40.14092],[-82.90886,40.141],[-82.90882,40.14105],[-82.90877,40.1411],[-82.90875,40.14111]]}},{"type":"Feature","properties":{"layer":"local","NAME":"Hilmar Ct","MTFCC":"S1400"},"geometry":{"type":"LineString","coordinates":[[-82.91066,40.14835],[-82.91063,40.14839],[-82.9106,40.14841],[-82.91054,40.14844],[-82.91048,40.14845],[-82.91042,40.14843],[-82.91038,40.14841],[-82.91035,40.14838],[-82.91034,40.14834],[-82.91035,40.14832],[-82.91035,40.14829],[-82.91039,40.14824],[-82.91043,40.14822],[-82.91051,40.14822],[-82.91057,40.14824],[-82.91061,40.14827],[-82.91065,40.1483],[-82.91066,40.14835]]}},{"type":"Feature","properties":{"layer":"local","NAME":"Wake Dr","MTFCC":"S1400"},"geometry":{"type":"LineString","coordinates":[[-82.89724,40.14557],[-82.89725,40.14548],[-82.89727,40.1451],[-82.8973,40.14468],[-82.89729,40.14462],[-82.89727,40.14456],[-82.89721,40.14449],[-82.89718,40.14446],[-82.89709,40.14441],[-82.897,40.14438],[-82.89691,40.14436],[-82.89634,40.14434],[-82.89523,40.14429],[-82.89488,40.14428],[-82.89472,40.14425],[-82.8946,40.14422],[-82.89448,40.14418],[-82.89433,40.1441],[-82.89426,40.14406],[-82.89357,40.14363],[-82.89159,40.14237],[-82.89129,40.14216],[-82.89122,40.14212]]}},{"type":"Feature","properties":{"layer":"local","NAME":null,"MTFCC":"S1740"},"geometry":{"type":"LineString","coordinates":[[-82.94687,40.11331],[-82.94712,40.11334],[-82.94732,40.11337],[-82.94746,40.11341],[-82.94756,40.11344],[-82.94767,40.11347],[-82.94779,40.11352],[-82.94786,40.11355],[-82.94792,40.11359],[-82.94815,40.11381],[-82.9482,40.11385]]}},{"type":"Feature","properties":{"layer":"local","NAME":"N Hamilton Ave","MTFCC":"S1400"},"geometry":{"type":"LineString","coordinates":[[-82.93011,40.12995],[-82.93007,40.13057],[-82.93,40.13187],[-82.92998,40.13235],[-82.92994,40.13327]]}},{"type":"Feature","properties":{"layer":"local","NAME":"Cresswood Pl","MTFCC":"S1400"},"geometry":{"type":"LineString","coordinates":[[-82.91198,40.10925],[-82.9125,40.10883]]}},{"type":"Feature","properties":{"layer":"local","NAME":"Park Bend Dr","MTFCC":"S1400"},"geometry":{"type":"LineString","coordinates":[[-82.89769,40.15354],[-82.89778,40.15254],[-82.89777,40.15244],[-82.89773,40.15234],[-82.89769,40.15225],[-82.89762,40.15215],[-82.89753,40.15207],[-82.89742,40.152],[-82.8973,40.15194],[-82.89718,40.1519],[-82.89703,40.15187],[-82.89662,40.15184],[-82.89651,40.15182],[-82.89641,40.15179],[-82.89633,40.15174]]}},{"type":"Feature","properties":{"layer":"local","NAME":"Oakland Ave","MTFCC":"S1400"},"geometry":{"type":"LineString","coordinates":[[-82.92872,40.11813],[-82.92801,40.11817]]}},{"type":"Feature","properties":{"layer":"local","NAME":"County Line Rd","MTFCC":"S1400"},"geometry":{"type":"LineString","coordinates":[[-82.91938,40.13284],[-82.91913,40.13283],[-82.91864,40.13281],[-82.9177,40.13277],[-82.91716,40.13274],[-82.91635,40.13271],[-82.91581,40.13269],[-82.91528,40.13267],[-82.91464,40.13264],[-82.91421,40.13262],[-82.9129,40.13257],[-82.91223,40.13254],[-82.91103,40.13249],[-82.90954,40.13243],[-82.90779,40.13235],[-82.90679,40.13231],[-82.90569,40.13227],[-82.90541,40.13226],[-82.90523,40.13225],[-82.90478,40.13223],[-82.90439,40.13221],[-82.90284,40.13215],[-82.90234,40.13212],[-82.90189,40.13211],[-82.90128,40.13207],[-82.90086,40.13205],[-82.90001,40.13201],[-82.89697,40.13186],[-82.89636,40.13184],[-82.89594,40.13182],[-82.89536,40.13179],[-82.89428,40.13174],[-82.8941,40.13173],[-82.89297,40.13167],[-82.89042,40.13155],[-82.8894,40.1315],[-82.88916,40.13148],[-82.88782,40.13142],[-82.88616,40.13133],[-82.88608,40.13133],[-82.88529,40.13129],[-82.88501,40.13129]]}},{"type":"Feature","properties":{"layer":"local","NAME":"Cherrington Rd","MTFCC":"S1400"},"geometry":{"type":"LineString","coordinates":[[-82.92741,40.11459],[-82.92674,40.11454],[-82.92484,40.11442],[-82.92439,40.11439],[-82.92218,40.11426],[-82.92171,40.11423],[-82.92009,40.11413],[-82.91629,40.11389],[-82.91426,40.11376],[-82.912,40.11363],[-82.91101,40.11356],[-82.91088,40.11355],[-82.90982,40.11349],[-82.90903,40.11334],[-82.90769,40.11286],[-82.90733,40.11265],[-82.90713,40.11228],[-82.90715,40.11198],[-82.90721,40.11181],[-82.90722,40.1115],[-82.90728,40.11124],[-82.90742,40.11106],[-82.90756,40.1109],[-82.90764,40.11059],[-82.90758,40.11024],[-82.90736,40.10988],[-82.90726,40.10972],[-82.907,40.10932],[-82.9067,40.10911],[-82.90638,40.10904],[-82.90613,40.10903],[-82.90588,40.10907],[-82.90566,40.10916]]}},{"type":"Feature","properties":{"layer":"local","NAME":"Foxtrail Ct","MTFCC":"S1400"},"geometry":{"type":"LineString","coordinates":[[-82.93265,40.11371],[-82.93259,40.11377],[-82.93252,40.11383],[-82.93242,40.11386],[-82.93214,40.11383],[-82.93167,40.1137]]}},{"type":"Feature","properties":{"layer":"local","NAME":"Foxtrail Pl","MTFCC":"S1400"},"geometry":{"type":"LineString","coordinates":[[-82.9338,40.11441],[-82.93376,40.11431],[-82.93371,40.1142],[-82.93359,40.11409],[-82.93345,40.1139],[-82.93337,40.11367]]}},{"type":"Feature","properties":{"layer":"local","NAME":"Mallway Dr","MTFCC":"S1400"},"geometry":{"type":"LineString","coordinates":[[-82.91906,40.10227],[-82.91956,40.1023],[-82.92002,40.10235],[-82.92051,40.10251],[-82.92072,40.10262]]}},{"type":"Feature","properties":{"layer":"local","NAME":"Lake Harbor Ct","MTFCC":"S1400"},"geometry":{"type":"LineString","coordinates":[[-82.89746,40.1192],[-82.89706,40.11895],[-82.89686,40.11886],[-82.89675,40.11884],[-82.89621,40.11881]]}},{"type":"Feature","properties":{"layer":"local","NAME":"Linabary Ave","MTFCC":"S1400"},"geometry":{"type":"LineString","coordinates":[[-82.92069,40.1235],[-82.92081,40.12232]]}},{"type":"Feature","properties":{"layer":"local","NAME":"Crescent Dr","MTFCC":"S1400"},"geometry":{"type":"LineString","coordinates":[[-82.92582,40.11688],[-82.92588,40.11687],[-82.92591,40.11686],[-82.92593,40.11683],[-82.92595,40.11681],[-82.926,40.11601],[-82.92605,40.11534]]}},{"type":"Feature","properties":{"layer":"local","NAME":"Mulberry Way S","MTFCC":"S1400"},"geometry":{"type":"LineString","coordinates":[[-82.91162,40.1348],[-82.91161,40.1348],[-82.91155,40.13477],[-82.91141,40.13475],[-82.91068,40.13473],[-82.90984,40.13469],[-82.90975,40.13469],[-82.90971,40.1347],[-82.90956,40.13472],[-82.90945,40.13475]]}},{"type":"Feature","properties":{"layer":"local","NAME":"Illinois Ave","MTFCC":"S1400"},"geometry":{"type":"LineString","coordinates":[[-82.92582,40.11688],[-82.92439,40.11679],[-82.9242,40.11678],[-82.92302,40.11671],[-82.9218,40.11664],[-82.9215,40.11661],[-82.92045,40.11654],[-82.92011,40.11652],[-82.9194,40.11648],[-82.91718,40.11634],[-82.91636,40.11629],[-82.916,40.1162],[-82.91572,40.116],[-82.91556,40.11587],[-82.91512,40.11558],[-82.91466,40.11542],[-82.91421,40.11536],[-82.9138,40.11533],[-82.91312,40.11529],[-82.91239,40.11525],[-82.91213,40.1152],[-82.91172,40.11498],[-82.91123,40.11457],[-82.91116,40.11449],[-82.91097,40.11414],[-82.91097,40.11386],[-82.91101,40.11356]]}},{"type":"Feature","properties":{"layer":"local","NAME":"Newfields Ln","MTFCC":"S1400"},"geometry":{"type":"LineString","coordinates":[[-82.9139,40.10018],[-82.91453,40.09976],[-82.91478,40.09959],[-82.91536,40.0992]]}},{"type":"Feature","properties":{"layer":"local","NAME":"Myrtle Dr","MTFCC":"S1400"},"geometry":{"type":"LineString","coordinates":[[-82.92178,40.12728],[-82.92159,40.12727],[-82.92058,40.12723],[-82.92017,40.12721],[-82.92009,40.12721]]}},{"type":"Feature","properties":{"layer":"local","NAME":"Valley Wood Ct","MTFCC":"S1400"},"geometry":{"type":"LineString","coordinates":[[-82.89726,40.10942],[-82.89723,40.10958],[-82.89707,40.10992]]}},{"type":"Feature","properties":{"layer":"local","NAME":"Woodglen Rd","MTFCC":"S1400"},"geometry":{"type":"LineString","coordinates":[[-82.89483,40.11132],[-82.89487,40.11109],[-82.89487,40.11094],[-82.89484,40.11045],[-82.89483,40.11025],[-82.89491,40.11002],[-82.89513,40.10982],[-82.89539,40.10973],[-82.89586,40.10959],[-82.89611,40.10951],[-82.89641,40.10942],[-82.89682,40.10938],[-82.89692,40.10938],[-82.89726,40.10942],[-82.89791,40.10949]]}},{"type":"Feature","properties":{"layer":"local","NAME":"Starrock Aly","MTFCC":"S1730"},"geometry":{"type":"LineString","coordinates":[[-82.93027,40.1223],[-82.92963,40.12231]]}},{"type":"Feature","properties":{"layer":"local","NAME":"Rockbridge Rd","MTFCC":"S1400"},"geometry":{"type":"LineString","coordinates":[[-82.89539,40.10973],[-82.89528,40.1095],[-82.89524,40.10929],[-82.89522,40.10918],[-82.89524,40.10883],[-82.8952,40.10865],[-82.89518,40.10856],[-82.89516,40.10849],[-82.89517,40.10843],[-82.89518,40.10813],[-82.89515,40.108],[-82.89511,40.10789],[-82.89505,40.10777]]}},{"type":"Feature","properties":{"layer":"local","NAME":"Village Green Dr","MTFCC":"S1400"},"geometry":{"type":"LineString","coordinates":[[-82.93057,40.1407],[-82.93047,40.1407],[-82.93041,40.14069],[-82.93037,40.14067],[-82.93033,40.14063],[-82.93031,40.14058],[-82.93033,40.14016],[-82.93032,40.14012],[-82.93028,40.14008],[-82.93023,40.14006],[-82.9302,40.14004]]}},{"type":"Feature","properties":{"layer":"local","NAME":"Grist Run Rd","MTFCC":"S1400"},"geometry":{"type":"LineString","coordinates":[[-82.90706,40.13389],[-82.90743,40.1339],[-82.90764,40.13393],[-82.90772,40.13396],[-82.90783,40.13402],[-82.9079,40.1341],[-82.90795,40.13418],[-82.90825,40.135],[-82.90837,40.13534],[-82.90854,40.13581],[-82.90884,40.13662],[-82.90891,40.13681],[-82.90906,40.13722],[-82.90909,40.13733],[-82.90911,40.13746],[-82.90912,40.13758],[-82.9091,40.13779],[-82.90905,40.13861]]}},{"type":"Feature","properties":{"layer":"local","NAME":"Harrogate Loop W","MTFCC":"S1400"},"geometry":{"type":"LineString","coordinates":[[-82.92051,40.1361],[-82.92054,40.13608],[-82.92061,40.13602],[-82.92063,40.136],[-82.92069,40.13589],[-82.92071,40.13581],[-82.92082,40.13559],[-82.92093,40.13541],[-82.92102,40.13531]]}},{"type":"Feature","properties":{"layer":"local","NAME":"Executive Ct","MTFCC":"S1400"},"geometry":{"type":"LineString","coordinates":[[-82.9358,40.13211],[-82.93619,40.13211],[-82.93639,40.13213],[-82.93648,40.13217],[-82.93655,40.13224],[-82.93657,40.13234],[-82.93653,40.13244],[-82.93636,40.13254],[-82.93582,40.1328],[-82.9357,40.13282],[-82.93558,40.13281],[-82.93452,40.13253],[-82.93416,40.13247],[-82.93391,40.13246],[-82.93269,40.1324]]}},{"type":"Feature","properties":{"layer":"local","NAME":"Gemeni Pl","MTFCC":"S1400"},"geometry":{"type":"LineString","coordinates":[[-82.96631,40.14801],[-82.96596,40.14803],[-82.9655,40.1481],[-82.96507,40.14816],[-82.96453,40.14824],[-82.96399,40.14832],[-82.9637,40.14836],[-82.96321,40.14841],[-82.96309,40.14842],[-82.96243,40.14844],[-82.96158,40.14847],[-82.96134,40.14848],[-82.96044,40.14852],[-82.95985,40.14854],[-82.959,40.14858],[-82.95809,40.14863],[-82.95743,40.14868],[-82.95696,40.14874],[-82.95647,40.14882]]}},{"type":"Feature","properties":{"layer":"local","NAME":"Yokan Aly","MTFCC":"S1730"},"geometry":{"type":"LineString","coordinates":[[-82.92431,40.12369],[-82.92426,40.12424],[-82.92426,40.12426]]}},{"type":"Feature","properties":{"layer":"local","NAME":"Hickory View Ct","MTFCC":"S1400"},"geometry":{"type":"LineString","coordinates":[[-82.89682,40.10938],[-82.89681,40.10922],[-82.89681,40.10894],[-82.89678,40.10882],[-82.89672,40.10874],[-82.89662,40.1087],[-82.89622,40.10867]]}},{"type":"Feature","properties":{"layer":"local","NAME":"Brandywine Dr","MTFCC":"S1400"},"geometry":{"type":"LineString","coordinates":[[-82.94919,40.12134],[-82.9487,40.12131]]}},{"type":"Feature","properties":{"layer":"local","NAME":"Westerview Dr","MTFCC":"S1400"},"geometry":{"type":"LineString","coordinates":[[-82.94728,40.12321],[-82.94697,40.12319],[-82.94691,40.12319],[-82.94674,40.12326],[-82.94663,40.12338],[-82.94658,40.12378],[-82.94664,40.12396],[-82.94691,40.12417],[-82.94695,40.12427],[-82.94697,40.12455]]}},{"type":"Feature","properties":{"layer":"local","NAME":"Summit St","MTFCC":"S1400"},"geometry":{"type":"LineString","coordinates":[[-82.92599,40.1263],[-82.92603,40.12564],[-82.92607,40.12502],[-82.9261,40.12471],[-82.92616,40.12379],[-82.92625,40.12258],[-82.92632,40.12149]]}},{"type":"Feature","properties":{"layer":"local","NAME":"E College Ave","MTFCC":"S1400"},"geometry":{"type":"LineString","coordinates":[[-82.93161,40.12593],[-82.93157,40.12594],[-82.93102,40.126],[-82.92938,40.12621],[-82.9292,40.12623],[-82.92911,40.12624],[-82.92863,40.1263],[-82.92835,40.12634],[-82.92831,40.12635],[-82.92789,40.12637],[-82.92737,40.12635],[-82.92656,40.12632],[-82.92599,40.1263],[-82.92582,40.12629],[-82.92562,40.12629],[-82.92472,40.12625],[-82.92424,40.12623],[-82.92389,40.12621],[-82.92377,40.12621],[-82.92373,40.12621],[-82.92361,40.1262],[-82.92341,40.1262],[-82.92306,40.12618],[-82.92303,40.12618],[-82.92187,40.12612],[-82.9217,40.12612],[-82.92017,40.12606],[-82.91932,40.12602],[-82.91839,40.12598],[-82.9177,40.12595],[-82.91578,40.12587],[-82.9154,40.12585],[-82.91472,40.12582],[-82.91382,40.12578],[-82.91341,40.12577],[-82.91174,40.12568],[-82.91122,40.12566],[-82.90703,40.12547],[-82.904,40.12535],[-82.90379,40.12533],[-82.90335,40.12531],[-82.90312,40.1253],[-82.90289,40.12528],[-82.90267,40.12524],[-82.90249,40.12517],[-82.90235,40.12509],[-82.90198,40.12483],[-82.9017,40.12463],[-82.9016,40.12456],[-82.90102,40.12415],[-82.90063,40.12393],[-82.9003,40.12386],[-82.89969,40.12382],[-82.8986,40.12377],[-82.8975,40.12372],[-82.89731,40.12371],[-82.89687,40.12369],[-82.8968,40.12369],[-82.89624,40.12366],[-82.89568,40.12364],[-82.89527,40.12366],[-82.89493,40.12379],[-82.89463,40.12397],[-82.89417,40.12421],[-82.89389,40.12438],[-82.89345,40.1245],[-82.89334,40.12451],[-82.89221,40.12446],[-82.89101,40.1244],[-82.89058,40.12444],[-82.89024,40.12458],[-82.89001,40.12478],[-82.88979,40.12508],[-82.88945,40.12543],[-82.88902,40.12564],[-82.88849,40.12573],[-82.88806,40.12571],[-82.88797,40.1257],[-82.88753,40.12565]]}},{"type":"Feature","properties":{"layer":"local","NAME":"Blackgum Way","MTFCC":"S1400"},"geometry":{"type":"LineString","coordinates":[[-82.91522,40.13033],[-82.91534,40.13038],[-82.9156,40.13042],[-82.91623,40.13044],[-82.91631,40.13045],[-82.91637,40.13048]]}},{"type":"Feature","properties":{"layer":"local","NAME":"Eastwood Ave","MTFCC":"S1400"},"geometry":{"type":"LineString","coordinates":[[-82.92607,40.12502],[-82.92374,40.12492],[-82.92371,40.12491],[-82.92352,40.1249],[-82.92326,40.12489],[-82.92311,40.12489],[-82.92267,40.12488],[-82.92224,40.12489],[-82.92196,40.12492],[-82.92179,40.12496],[-82.92155,40.12503],[-82.92144,40.12507],[-82.9212,40.12513],[-82.92088,40.12513],[-82.92016,40.1251],[-82.91946,40.12507],[-82.91929,40.12506],[-82.91897,40.12506],[-82.9183,40.12509]]}},{"type":"Feature","properties":{"layer":"local","NAME":"Brookhurst Ave","MTFCC":"S1400"},"geometry":{"type":"LineString","coordinates":[[-82.96321,40.10352],[-82.96308,40.10352],[-82.96268,40.10353],[-82.96259,40.10354],[-82.9621,40.1036],[-82.96178,40.10363],[-82.96156,40.10365],[-82.96117,40.10363],[-82.96083,40.10349],[-82.96057,40.10325],[-82.96054,40.10317],[-82.96052,40.10303],[-82.96049,40.10298],[-82.96043,40.10296],[-82.96036,40.10296],[-82.96003,40.10302],[-82.95977,40.10305],[-82.95936,40.10305],[-82.95909,40.10312],[-82.95886,40.10325]]}},{"type":"Feature","properties":{"layer":"local","NAME":"Lakeside Dr","MTFCC":"S1400"},"geometry":{"type":"LineString","coordinates":[[-82.91304,40.1105],[-82.91294,40.11051],[-82.91274,40.11047],[-82.91258,40.11041],[-82.91239,40.1103],[-82.91227,40.11022],[-82.9121,40.1101],[-82.91201,40.11002],[-82.91195,40.10991],[-82.91196,40.10977],[-82.91202,40.10969],[-82.91233,40.10949]]}},{"type":"Feature","properties":{"layer":"local","NAME":"Sherbrook Dr","MTFCC":"S1400"},"geometry":{"type":"LineString","coordinates":[[-82.90107,40.1512],[-82.90164,40.15122],[-82.90169,40.15124],[-82.90171,40.15128]]}},{"type":"Feature","properties":{"layer":"local","NAME":"Ruttington Ln","MTFCC":"S1400"},"geometry":{"type":"LineString","coordinates":[[-82.9125,40.14245],[-82.91251,40.14238],[-82.91255,40.14234],[-82.91266,40.14228],[-82.91286,40.14225],[-82.91302,40.14227],[-82.91315,40.14232],[-82.91317,40.14235],[-82.91318,40.1424],[-82.91317,40.14281],[-82.91317,40.14286],[-82.91313,40.1429],[-82.91309,40.14291],[-82.91271,40.1429],[-82.91267,40.14289],[-82.91263,40.14283],[-82.9125,40.14245]]}},{"type":"Feature","properties":{"layer":"local","NAME":"Park Bend Ct","MTFCC":"S1400"},"geometry":{"type":"LineString","coordinates":[[-82.89458,40.14985],[-82.89456,40.14989],[-82.89452,40.14992],[-82.89447,40.14995],[-82.89441,40.14996],[-82.89438,40.14995],[-82.89433,40.14994],[-82.89429,40.14991],[-82.89427,40.14987],[-82.89427,40.14985],[-82.89427,40.14984],[-82.89427,40.14982],[-82.89428,40.1498],[-82.89431,40.14976],[-82.89434,40.14974],[-82.89437,40.14973],[-82.89443,40.14973],[-82.89449,40.14974],[-82.89454,40.14976],[-82.89457,40.1498],[-82.89458,40.14985]]}},{"type":"Feature","properties":{"layer":"local","NAME":"Peachtree Ct","MTFCC":"S1400"},"geometry":{"type":"LineString","coordinates":[[-82.91219,40.10267],[-82.9122,40.10269],[-82.91219,40.1029]]}},{"type":"Feature","properties":{"layer":"local","NAME":"Kienle Ave","MTFCC":"S1400"},"geometry":{"type":"LineString","coordinates":[[-82.90913,40.12862],[-82.9091,40.12921],[-82.90906,40.12933],[-82.90896,40.12942],[-82.90881,40.12945],[-82.90828,40.12944],[-82.90536,40.12937],[-82.90424,40.12933],[-82.90353,40.12932],[-82.90306,40.12931]]}},{"type":"Feature","properties":{"layer":"local","NAME":null,"MTFCC":"S1740"},"geometry":{"type":"LineString","coordinates":[[-82.9482,40.11385],[-82.94825,40.11388],[-82.94829,40.1139],[-82.94833,40.11392],[-82.94838,40.11393],[-82.94843,40.11395],[-82.94866,40.11398],[-82.94893,40.11399]]}},{"type":"Feature","properties":{"layer":"local","NAME":"Retreat Ln","MTFCC":"S1400"},"geometry":{"type":"LineString","coordinates":[[-82.92408,40.13547],[-82.92412,40.13539],[-82.92422,40.13525],[-82.92454,40.1348],[-82.92455,40.13477],[-82.92455,40.13475],[-82.92453,40.13473],[-82.92448,40.13471],[-82.92431,40.13465],[-82.92418,40.1346],[-82.92401,40.13454],[-82.92393,40.13452],[-82.92389,40.13451],[-82.92361,40.13452],[-82.9234,40.13454],[-82.92334,40.13453],[-82.92329,40.13452],[-82.92319,40.13442]]}},{"type":"Feature","properties":{"layer":"local","NAME":"Cross Country Loop","MTFCC":"S1400"},"geometry":{"type":"LineString","coordinates":[[-82.91333,40.10114],[-82.9132,40.10094],[-82.91294,40.10071],[-82.91293,40.10067],[-82.91295,40.10063],[-82.91341,40.10033]]}},{"type":"Feature","properties":{"layer":"local","NAME":"Flags Center Dr","MTFCC":"S1400"},"geometry":{"type":"LineString","coordinates":[[-82.95,40.10943],[-82.94974,40.10942]]}},{"type":"Feature","properties":{"layer":"local","NAME":"Marchi Rd","MTFCC":"S1400"},"geometry":{"type":"LineString","coordinates":[[-82.9507,40.10057],[-82.95064,40.10135],[-82.95067,40.10187],[-82.95074,40.10218],[-82.9507,40.10266]]}},{"type":"Feature","properties":{"layer":"local","NAME":"Maxtown Xing","MTFCC":"S1400"},"geometry":{"type":"LineString","coordinates":[[-82.92983,40.14841],[-82.92968,40.14844],[-82.92944,40.1485],[-82.92922,40.14857],[-82.92916,40.14858],[-82.92897,40.14862],[-82.92875,40.14863],[-82.92805,40.14861],[-82.92625,40.14853],[-82.92494,40.14847],[-82.92481,40.14848],[-82.92471,40.1485],[-82.92457,40.14853],[-82.92444,40.14857],[-82.92433,40.14863],[-82.92423,40.1487],[-82.92415,40.14878],[-82.92367,40.14949],[-82.92363,40.14957],[-82.92358,40.14969],[-82.92354,40.14993]]}},{"type":"Feature","properties":{"layer":"local","NAME":"Navajo Dr","MTFCC":"S1400"},"geometry":{"type":"LineString","coordinates":[[-82.91669,40.11528],[-82.91658,40.11518],[-82.91639,40.11498],[-82.91626,40.11475],[-82.91625,40.11463],[-82.91624,40.11444],[-82.91629,40.11389]]}},{"type":"Feature","properties":{"layer":"local","NAME":"Sunbury Lake Dr","MTFCC":"S1400"},"geometry":{"type":"LineString","coordinates":[[-82.89043,40.1386],[-82.89035,40.13939],[-82.89036,40.13945],[-82.89037,40.13958],[-82.89039,40.13965],[-82.89045,40.13979],[-82.89054,40.13991],[-82.89064,40.14003],[-82.89073,40.14011],[-82.89087,40.1402],[-82.89102,40.14029],[-82.89106,40.1403],[-82.89114,40.14033],[-82.89122,40.14036],[-82.8914,40.1404],[-82.89158,40.14042],[-82.89219,40.14045],[-82.89305,40.14051],[-82.89353,40.14053],[-82.89438,40.14058],[-82.8949,40.14061]]}},{"type":"Feature","properties":{"layer":"local","NAME":"Brockhampton Ln","MTFCC":"S1400"},"geometry":{"type":"LineString","coordinates":[[-82.95901,40.14082],[-82.95894,40.14093],[-82.95891,40.14097],[-82.95881,40.14113],[-82.95875,40.14127],[-82.95875,40.14136],[-82.95874,40.14142],[-82.95873,40.14154],[-82.95872,40.14177],[-82.95869,40.14202],[-82.95867,40.14233],[-82.95866,40.14239],[-82.95865,40.14244],[-82.95862,40.14248],[-82.95859,40.14253],[-82.95856,40.14257],[-82.95851,40.14262],[-82.95844,40.14265],[-82.95838,40.14266],[-82.95831,40.14268],[-82.9582,40.14268],[-82.95804,40.14268],[-82.95758,40.14267],[-82.95745,40.14266],[-82.95668,40.14266],[-82.9565,40.14267],[-82.95611,40.14276]]}},{"type":"Feature","properties":{"layer":"local","NAME":"Kings Cross Ct","MTFCC":"S1400"},"geometry":{"type":"LineString","coordinates":[[-82.95389,40.1075],[-82.95347,40.10758],[-82.95344,40.10756],[-82.9534,40.10755],[-82.95294,40.1076]]}},{"type":"Feature","properties":{"layer":"local","NAME":"E Winmar Pl","MTFCC":"S1400"},"geometry":{"type":"LineString","coordinates":[[-82.95712,40.12277],[-82.9571,40.12293],[-82.95703,40.12406],[-82.95702,40.12416]]}},{"type":"Feature","properties":{"layer":"local","NAME":"Farthing Dr","MTFCC":"S1400"},"geometry":{"type":"LineString","coordinates":[[-82.92128,40.13089],[-82.92125,40.13089],[-82.92073,40.13088],[-82.9202,40.13096],[-82.92001,40.13105],[-82.91978,40.13124],[-82.91963,40.13147],[-82.91954,40.13166],[-82.91936,40.1318],[-82.91927,40.13185]]}},{"type":"Feature","properties":{"layer":"local","NAME":"Delaware Ct","MTFCC":"S1400"},"geometry":{"type":"LineString","coordinates":[[-82.91077,40.11549],[-82.91072,40.11561],[-82.91061,40.1157],[-82.91027,40.11585],[-82.91005,40.1159],[-82.90983,40.11589],[-82.90961,40.11583],[-82.90942,40.11573],[-82.90923,40.11555]]}},{"type":"Feature","properties":{"layer":"local","NAME":"Radcliff Dr","MTFCC":"S1400"},"geometry":{"type":"LineString","coordinates":[[-82.91235,40.14034],[-82.91241,40.13916],[-82.91242,40.13911],[-82.91245,40.13903],[-82.91249,40.13897],[-82.91255,40.13892],[-82.91261,40.13887],[-82.91268,40.13883],[-82.91276,40.1388],[-82.91285,40.13878],[-82.91294,40.13877],[-82.91356,40.1388],[-82.91364,40.13879],[-82.91372,40.13878],[-82.9138,40.13875],[-82.91387,40.1387],[-82.91393,40.13865],[-82.91399,40.13858],[-82.91402,40.13848],[-82.91421,40.13808]]}},{"type":"Feature","properties":{"layer":"local","NAME":"Blue Heron Dr","MTFCC":"S1400"},"geometry":{"type":"LineString","coordinates":[[-82.89314,40.13786],[-82.89242,40.13781],[-82.89226,40.1378],[-82.89163,40.13777],[-82.8913,40.13775],[-82.89054,40.1377],[-82.89038,40.13768],[-82.89023,40.13764],[-82.89005,40.13757],[-82.88998,40.13754],[-82.88985,40.13746],[-82.88973,40.13737],[-82.88941,40.13704],[-82.8893,40.13695],[-82.88918,40.13687],[-82.88904,40.1368],[-82.88893,40.13676],[-82.88885,40.13674],[-82.88877,40.13672],[-82.8886,40.13669],[-82.88817,40.13666],[-82.88807,40.13666],[-82.88787,40.13667],[-82.88771,40.1367],[-82.88764,40.13672],[-82.88753,40.13676],[-82.88745,40.13679],[-82.88732,40.13686],[-82.88725,40.13691],[-82.88714,40.137],[-82.88708,40.13706],[-82.887,40.13714],[-82.88643,40.13778]]}},{"type":"Feature","properties":{"layer":"local","NAME":"Buckeye St","MTFCC":"S1400"},"geometry":{"type":"LineString","coordinates":[[-82.90623,40.12372],[-82.90631,40.12283],[-82.90636,40.12231],[-82.90628,40.12194],[-82.90628,40.12163],[-82.90635,40.12081],[-82.90646,40.11961],[-82.90648,40.11944]]}},{"type":"Feature","properties":{"layer":"local","NAME":"Ainsley Dr","MTFCC":"S1400"},"geometry":{"type":"LineString","coordinates":[[-82.93209,40.15169],[-82.93207,40.15164],[-82.93205,40.15153],[-82.93198,40.15144],[-82.93197,40.15142],[-82.93196,40.15137],[-82.93197,40.15135],[-82.93198,40.15132],[-82.93201,40.15129],[-82.93207,40.15126],[-82.9321,40.15126],[-82.93216,40.15126],[-82.93219,40.15126],[-82.93224,40.15128],[-82.93228,40.15132],[-82.9323,40.15135],[-82.93234,40.15142],[-82.93243,40.15149],[-82.93246,40.15151],[-82.93251,40.15153]]}},{"type":"Feature","properties":{"layer":"local","NAME":"Amy-Lu Ct","MTFCC":"S1400"},"geometry":{"type":"LineString","coordinates":[[-82.9091,40.13779],[-82.90807,40.13776],[-82.90794,40.13775],[-82.90781,40.13775]]}},{"type":"Feature","properties":{"layer":"local","NAME":"Chelsea Ln","MTFCC":"S1400"},"geometry":{"type":"LineString","coordinates":[[-82.90102,40.12059],[-82.90104,40.12023],[-82.9011,40.1195],[-82.90113,40.1192],[-82.9011,40.11908],[-82.901,40.119],[-82.90085,40.11896],[-82.90072,40.11896],[-82.90031,40.11895]]}},{"type":"Feature","properties":{"layer":"local","NAME":"Collegeview Rd","MTFCC":"S1400"},"geometry":{"type":"LineString","coordinates":[[-82.94425,40.12514],[-82.94421,40.12494],[-82.94413,40.12455],[-82.94406,40.12424],[-82.94389,40.12362],[-82.94379,40.12327],[-82.94374,40.12284],[-82.94381,40.12228],[-82.94398,40.12095]]}},{"type":"Feature","properties":{"layer":"local","NAME":"Hampton Park N","MTFCC":"S1400"},"geometry":{"type":"LineString","coordinates":[[-82.91706,40.12952],[-82.91717,40.1296],[-82.91732,40.12964],[-82.91863,40.1297],[-82.91966,40.12975],[-82.91995,40.12972],[-82.92019,40.12957]]}},{"type":"Feature","properties":{"layer":"local","NAME":"Longbow Ct","MTFCC":"S1400"},"geometry":{"type":"LineString","coordinates":[[-82.93099,40.1485],[-82.93096,40.14888],[-82.93091,40.14957],[-82.93089,40.14963],[-82.93086,40.14966],[-82.93081,40.14968]]}},{"type":"Feature","properties":{"layer":"local","NAME":"Southbluff Dr","MTFCC":"S1400"},"geometry":{"type":"LineString","coordinates":[[-82.95742,40.13512],[-82.95743,40.13497],[-82.95745,40.13472],[-82.95746,40.13454],[-82.95744,40.13446],[-82.95742,40.13442],[-82.95738,40.13436],[-82.95737,40.13434]]}},{"type":"Feature","properties":{"layer":"local","NAME":"Bald Eagle Ct","MTFCC":"S1400"},"geometry":{"type":"LineString","coordinates":[[-82.90728,40.14038],[-82.90739,40.14036],[-82.90781,40.14034],[-82.90793,40.14035]]}},{"type":"Feature","properties":{"layer":"local","NAME":"Walnut Ridge Ln","MTFCC":"S1400"},"geometry":{"type":"LineString","coordinates":[[-82.91238,40.12171],[-82.91243,40.12088],[-82.9124,40.12066],[-82.91233,40.12048],[-82.9123,40.12025],[-82.91231,40.12019],[-82.91235,40.11976]]}},{"type":"Feature","properties":{"layer":"local","NAME":"Warwick Dr","MTFCC":"S1400"},"geometry":{"type":"LineString","coordinates":[[-82.95873,40.14154],[-82.95836,40.14152],[-82.95761,40.14149],[-82.95757,40.1415],[-82.95756,40.14152],[-82.95754,40.14157],[-82.95752,40.14178],[-82.9575,40.14202],[-82.95745,40.14266]]}},{"type":"Feature","properties":{"layer":"local","NAME":"Galaxy Way","MTFCC":"S1400"},"geometry":{"type":"LineString","coordinates":[[-82.96044,40.14852],[-82.96044,40.14872],[-82.96044,40.14879],[-82.96045,40.14891],[-82.96045,40.149],[-82.96044,40.14912]]}},{"type":"Feature","properties":{"layer":"local","NAME":"Westar Xing","MTFCC":"S1400"},"geometry":{"type":"LineString","coordinates":[[-82.95,40.13917],[-82.94957,40.13897],[-82.94936,40.1389],[-82.94913,40.13887],[-82.94889,40.13886],[-82.94864,40.13889],[-82.94842,40.13895],[-82.94821,40.13904],[-82.948,40.13912],[-82.94777,40.13917],[-82.94759,40.13918],[-82.94715,40.13917]]}},{"type":"Feature","properties":{"layer":"local","NAME":"Paddlewheel Dr","MTFCC":"S1400"},"geometry":{"type":"LineString","coordinates":[[-82.90553,40.13673],[-82.90644,40.13678],[-82.90655,40.13677],[-82.90664,40.13677],[-82.90681,40.13672],[-82.90691,40.13669],[-82.907,40.13664],[-82.90726,40.13648],[-82.90776,40.13617],[-82.90821,40.13591],[-82.90829,40.13588],[-82.90846,40.13583],[-82.90854,40.13581]]}},{"type":"Feature","properties":{"layer":"local","NAME":"Barcelona Ave","MTFCC":"S1400"},"geometry":{"type":"LineString","coordinates":[[-82.92055,40.10654],[-82.92005,40.10652],[-82.91868,40.10644],[-82.9153,40.10625],[-82.9151,40.10621],[-82.91499,40.10614],[-82.91491,40.10604],[-82.91488,40.10585],[-82.91493,40.10535]]}},{"type":"Feature","properties":{"layer":"local","NAME":"Southbluff Dr","MTFCC":"S1400"},"geometry":{"type":"LineString","coordinates":[[-82.95737,40.13434],[-82.95725,40.13425],[-82.9571,40.13419],[-82.95687,40.13418],[-82.9566,40.13419],[-82.95634,40.13425],[-82.95619,40.13431]]}},{"type":"Feature","properties":{"layer":"local","NAME":"E Park St","MTFCC":"S1400"},"geometry":{"type":"LineString","coordinates":[[-82.93091,40.12401],[-82.93042,40.12401],[-82.93032,40.12401],[-82.93013,40.12399],[-82.93011,40.12399],[-82.9298,40.12398],[-82.92931,40.12395],[-82.92909,40.12394],[-82.92848,40.12391],[-82.92812,40.12389],[-82.92706,40.12383],[-82.9262,40.12379],[-82.92616,40.12379],[-82.92614,40.12378],[-82.92546,40.12375],[-82.92431,40.12369],[-82.92378,40.12366],[-82.92357,40.12365],[-82.92319,40.12363],[-82.92236,40.12359],[-82.92164,40.12355],[-82.92161,40.12355],[-82.92069,40.1235],[-82.92015,40.12348],[-82.91977,40.12347],[-82.91885,40.12342],[-82.91809,40.12338],[-82.91772,40.12331],[-82.91746,40.12314],[-82.9168,40.12251],[-82.91661,40.12235],[-82.9162,40.12218],[-82.91596,40.12215],[-82.91561,40.12214]]}},{"type":"Feature","properties":{"layer":"local","NAME":"Matthew Ct","MTFCC":"S1400"},"geometry":{"type":"LineString","coordinates":[[-82.91202,40.12813],[-82.91142,40.12812]]}},{"type":"Feature","properties":{"layer":"local","NAME":"Hampton Park","MTFCC":"S1400"},"geometry":{"type":"LineString","coordinates":[[-82.92171,40.1282],[-82.92042,40.12814],[-82.92018,40.12813],[-82.91742,40.12799],[-82.91726,40.12801],[-82.91713,40.12808]]}},{"type":"Feature","properties":{"layer":"local","NAME":"Gentlewind Dr","MTFCC":"S1400"},"geometry":{"type":"LineString","coordinates":[[-82.91479,40.10096],[-82.91451,40.10071],[-82.91399,40.10026],[-82.9139,40.10018],[-82.91323,40.0996],[-82.91321,40.09958],[-82.91301,40.09942],[-82.91232,40.09881],[-82.91197,40.0985],[-82.91158,40.09823],[-82.91124,40.09801],[-82.91106,40.09794],[-82.91078,40.0979],[-82.91038,40.09788],[-82.90993,40.09787],[-82.90934,40.09783],[-82.9089,40.09782],[-82.90848,40.09777],[-82.90815,40.09762],[-82.90792,40.0975],[-82.90741,40.09735],[-82.90655,40.0973],[-82.90589,40.09729],[-82.90584,40.09728],[-82.90546,40.09726]]}},{"type":"Feature","properties":{"layer":"local","NAME":"Pinebrooke Ln","MTFCC":"S1400"},"geometry":{"type":"LineString","coordinates":[[-82.92834,40.13869],[-82.92835,40.13852],[-82.9284,40.1378]]}},{"type":"Feature","properties":{"layer":"local","NAME":"Kennebec Pl W","MTFCC":"S1400"},"geometry":{"type":"LineString","coordinates":[[-82.95272,40.12584],[-82.95307,40.12586],[-82.95317,40.1259],[-82.95324,40.12597],[-82.95325,40.12605],[-82.95322,40.12654],[-82.9532,40.1269],[-82.95316,40.12728]]}},{"type":"Feature","properties":{"layer":"local","NAME":"Creek Ln","MTFCC":"S1400"},"geometry":{"type":"LineString","coordinates":[[-82.89874,40.10873],[-82.89869,40.10911]]}},{"type":"Feature","properties":{"layer":"local","NAME":"Cavenway Pl","MTFCC":"S1400"},"geometry":{"type":"LineString","coordinates":[[-82.8952,40.11814],[-82.8957,40.11782]]}},{"type":"Feature","properties":{"layer":"local","NAME":"Cumbleside Ln","MTFCC":"S1400"},"geometry":{"type":"LineString","coordinates":[[-82.93064,40.1489],[-82.93058,40.14965]]}},{"type":"Feature","properties":{"layer":"local","NAME":"Graphic Way","MTFCC":"S1400"},"geometry":{"type":"LineString","coordinates":[[-82.92963,40.12231],[-82.92955,40.12236],[-82.92945,40.1224],[-82.92942,40.12244],[-82.9294,40.12251],[-82.92939,40.12257],[-82.9294,40.12262],[-82.92936,40.12267],[-82.9293,40.1227],[-82.92925,40.12273],[-82.92921,40.12273],[-82.92856,40.12272]]}},{"type":"Feature","properties":{"layer":"local","NAME":"E Plum St","MTFCC":"S1400"},"geometry":{"type":"LineString","coordinates":[[-82.92625,40.12258],[-82.92555,40.12254]]}},{"type":"Feature","properties":{"layer":"local","NAME":"Worthington Rd","MTFCC":"S1400"},"geometry":{"type":"LineString","coordinates":[[-82.95519,40.14908],[-82.95511,40.14912],[-82.95492,40.1492],[-82.95453,40.1494],[-82.95429,40.14959],[-82.95419,40.14966],[-82.95406,40.14976],[-82.95387,40.14988],[-82.95428,40.14975],[-82.9548,40.14946],[-82.95519,40.14925],[-82.95527,40.14922],[-82.95543,40.14916],[-82.95575,40.14904],[-82.95611,40.14892],[-82.95647,40.14882],[-82.95643,40.14868],[-82.95619,40.14875],[-82.95576,40.14888],[-82.95552,40.14896],[-82.95519,40.14908]]}},{"type":"Feature","properties":{"layer":"local","NAME":"Lawrence Rd","MTFCC":"S1400"},"geometry":{"type":"LineString","coordinates":[[-82.90221,40.12791],[-82.90203,40.12801],[-82.90189,40.12808],[-82.90172,40.12812],[-82.90143,40.12814],[-82.90119,40.12821],[-82.90109,40.12827],[-82.90105,40.12829],[-82.90083,40.12856],[-82.90078,40.12864],[-82.90069,40.12876],[-82.9006,40.12894],[-82.90056,40.12913],[-82.90056,40.12927],[-82.90052,40.12969],[-82.90047,40.13042],[-82.90043,40.13085]]}},{"type":"Feature","properties":{"layer":"local","NAME":"Valleyview Dr","MTFCC":"S1400"},"geometry":{"type":"LineString","coordinates":[[-82.89729,40.11262],[-82.89789,40.11269],[-82.89828,40.11274],[-82.89865,40.1127],[-82.89883,40.11261],[-82.89895,40.11247],[-82.899,40.11239],[-82.89959,40.11148],[-82.89981,40.1113]]}},{"type":"Feature","properties":{"layer":"local","NAME":"Bellefield Ave","MTFCC":"S1400"},"geometry":{"type":"LineString","coordinates":[[-82.96079,40.12617],[-82.96074,40.12687],[-82.96073,40.12708],[-82.96081,40.12731],[-82.96106,40.12752],[-82.9614,40.1276],[-82.96364,40.12769],[-82.9638,40.12767],[-82.96394,40.1276],[-82.96401,40.12748],[-82.96405,40.12686],[-82.96417,40.12656],[-82.96424,40.1265],[-82.96432,40.12644],[-82.96464,40.12633],[-82.9647,40.12633],[-82.96487,40.12633],[-82.96504,40.12634],[-82.96533,40.12629],[-82.96563,40.12618]]}},{"type":"Feature","properties":{"layer":"local","NAME":"S Winmar Pl","MTFCC":"S1400"},"geometry":{"type":"LineString","coordinates":[[-82.95712,40.12277],[-82.95718,40.1227],[-82.95721,40.12268],[-82.95734,40.12265],[-82.95797,40.12267],[-82.95806,40.12269],[-82.95813,40.12274]]}},{"type":"Feature","properties":{"layer":"local","NAME":null,"MTFCC":"S1630"},"geometry":{"type":"LineString","coordinates":[[-82.94956,40.10524],[-82.94944,40.10522],[-82.949,40.10513],[-82.94772,40.10488],[-82.94696,40.10472],[-82.94685,40.1047],[-82.94531,40.1044],[-82.94396,40.10416]]}},{"type":"Feature","properties":{"layer":"local","NAME":"Landings Loop W","MTFCC":"S1400"},"geometry":{"type":"LineString","coordinates":[[-82.89463,40.13712],[-82.89466,40.13716],[-82.89466,40.13721],[-82.89464,40.13755],[-82.8946,40.13795],[-82.89459,40.13806],[-82.89453,40.13868],[-82.89452,40.13871],[-82.89449,40.13876],[-82.89444,40.13881],[-82.89443,40.13882]]}},{"type":"Feature","properties":{"layer":"local","NAME":"Apache St","MTFCC":"S1400"},"geometry":{"type":"LineString","coordinates":[[-82.90859,40.11956],[-82.90867,40.1186],[-82.9088,40.11727],[-82.90884,40.11683],[-82.90884,40.11679],[-82.90881,40.11675],[-82.90875,40.11673],[-82.90813,40.11668]]}},{"type":"Feature","properties":{"layer":"local","NAME":"Northgate Way","MTFCC":"S1400"},"geometry":{"type":"LineString","coordinates":[[-82.91804,40.14646],[-82.91802,40.1466],[-82.91786,40.14823],[-82.91786,40.14832],[-82.91788,40.14842],[-82.91791,40.14852],[-82.91796,40.14862],[-82.91803,40.14871],[-82.91886,40.14951],[-82.91962,40.15022],[-82.91968,40.1503],[-82.91974,40.15038],[-82.91984,40.15056],[-82.91991,40.15065],[-82.91999,40.15072],[-82.9201,40.1508],[-82.92021,40.15085],[-82.92033,40.15089],[-82.92042,40.15091],[-82.92105,40.15105],[-82.92123,40.15109]]}},{"type":"Feature","properties":{"layer":"local","NAME":"Cooper Rd","MTFCC":"S1400"},"geometry":{"type":"LineString","coordinates":[[-82.92669,40.0882],[-82.92683,40.08821],[-82.92814,40.08829],[-82.92827,40.0883],[-82.92837,40.0883],[-82.92887,40.08833],[-82.92927,40.08835],[-82.92936,40.08835],[-82.92944,40.08836],[-82.92973,40.08838],[-82.93005,40.08839],[-82.93011,40.0884],[-82.93031,40.08841],[-82.93056,40.08844],[-82.93106,40.08852],[-82.93114,40.08853],[-82.93134,40.08858],[-82.93152,40.08864],[-82.9322,40.08883],[-82.93303,40.0891],[-82.93325,40.08919],[-82.93367,40.08943],[-82.93414,40.08975],[-82.93456,40.09005],[-82.93473,40.09017],[-82.93491,40.09031],[-82.93524,40.0906],[-82.93541,40.09086],[-82.9356,40.09127],[-82.93568,40.09174],[-82.93562,40.09223],[-82.93542,40.09266],[-82.93513,40.09306],[-82.93501,40.09324],[-82.93487,40.09363],[-82.93485,40.09373],[-82.93485,40.09378],[-82.93486,40.09406],[-82.9349,40.09421],[-82.93493,40.09428],[-82.93494,40.0943],[-82.93501,40.09448],[-82.9352,40.0949],[-82.93527,40.0951],[-82.93529,40.09518],[-82.93536,40.09549],[-82.93538,40.09584],[-82.93539,40.09608],[-82.93539,40.09614],[-82.93539,40.09619],[-82.93539,40.09626],[-82.93539,40.0963],[-82.9354,40.09698],[-82.93545,40.0974],[-82.93549,40.09749],[-82.93561,40.09782],[-82.9357,40.09795],[-82.93585,40.09813],[-82.93626,40.09857],[-82.93674,40.09907],[-82.93691,40.09924],[-82.93693,40.09926],[-82.93694,40.09928],[-82.93715,40.09951],[-82.93758,40.10002],[-82.93788,40.10041],[-82.93817,40.10079],[-82.93837,40.1011],[-82.93843,40.1012],[-82.93867,40.10157],[-82.93931,40.10268],[-82.93952,40.10303],[-82.93975,40.10342],[-82.93983,40.10355],[-82.9399,40.10367],[-82.93992,40.10369],[-82.93994,40.10373],[-82.94003,40.10389],[-82.94009,40.104],[-82.94015,40.1041],[-82.94028,40.10432],[-82.94039,40.10457],[-82.94052,40.10486],[-82.94061,40.10518],[-82.94067,40.10545],[-82.94068,40.10553],[-82.94071,40.10577],[-82.94075,40.10609],[-82.94077,40.10617],[-82.94081,40.10666],[-82.94091,40.10739],[-82.94098,40.10767],[-82.94102,40.10785],[-82.94106,40.10795],[-82.94119,40.10822],[-82.94141,40.10856],[-82.94194,40.10928],[-82.94272,40.11037],[-82.94283,40.11061],[-82.94285,40.11087],[-82.94287,40.11134],[-82.94287,40.11154],[-82.94283,40.11191],[-82.94278,40.1124],[-82.94278,40.11253],[-82.94275,40.1128],[-82.94268,40.11322],[-82.94266,40.11337],[-82.94265,40.11341],[-82.9425,40.11439],[-82.94246,40.11445],[-82.94239,40.11449],[-82.9423,40.11451],[-82.94096,40.11444],[-82.94053,40.1145],[-82.94016,40.11468],[-82.93992,40.11496],[-82.93985,40.11513],[-82.93979,40.11525],[-82.93967,40.11597],[-82.93978,40.11639],[-82.93994,40.11667],[-82.94022,40.11705],[-82.94068,40.11799],[-82.94075,40.11899],[-82.94066,40.11974],[-82.9407,40.12009],[-82.94092,40.12042],[-82.9413,40.12067],[-82.94177,40.12078],[-82.94398,40.12095],[-82.94433,40.12098],[-82.94507,40.12086],[-82.9454,40.12074],[-82.94577,40.12073],[-82.94695,40.12078],[-82.94846,40.12084]]}},{"type":"Feature","properties":{"layer":"local","NAME":"Sugar Grove Sq","MTFCC":"S1400"},"geometry":{"type":"LineString","coordinates":[[-82.92642,40.11191],[-82.92624,40.11194],[-82.926,40.11199],[-82.92573,40.11203],[-82.92563,40.11202],[-82.92461,40.11196],[-82.92289,40.11187]]}},{"type":"Feature","properties":{"layer":"local","NAME":"Corporate Exchange Dr","MTFCC":"S1400"},"geometry":{"type":"LineString","coordinates":[[-82.94999,40.09915],[-82.94948,40.09913],[-82.94907,40.0991],[-82.94873,40.09897],[-82.94835,40.09882],[-82.9479,40.09878],[-82.94747,40.0989],[-82.94712,40.09918],[-82.94698,40.09947],[-82.94695,40.09973],[-82.94682,40.10009],[-82.94668,40.10043],[-82.94666,40.10069],[-82.9466,40.10165],[-82.94652,40.10193],[-82.94622,40.10227],[-82.94595,40.10244],[-82.94561,40.10253],[-82.94526,40.10254],[-82.94492,40.10246],[-82.94416,40.10211],[-82.94331,40.10172],[-82.94283,40.10162],[-82.94258,40.10156],[-82.9416,40.10151],[-82.94115,40.10148],[-82.93946,40.1014],[-82.93901,40.10146],[-82.93867,40.10157]]}},{"type":"Feature","properties":{"layer":"local","NAME":"Brook Run Ct","MTFCC":"S1400"},"geometry":{"type":"LineString","coordinates":[[-82.90437,40.10392],[-82.90441,40.10402],[-82.90441,40.10406],[-82.90438,40.10409],[-82.90434,40.10412],[-82.90425,40.10413],[-82.90418,40.10413],[-82.90406,40.10412],[-82.90404,40.10411],[-82.90402,40.10409],[-82.90403,40.10407],[-82.90405,40.10405],[-82.90432,40.10393],[-82.90437,40.10392]]}},{"type":"Feature","properties":{"layer":"local","NAME":"Brook Run Dr","MTFCC":"S1400"},"geometry":{"type":"LineString","coordinates":[[-82.90299,40.10361],[-82.90342,40.10347],[-82.90375,40.10329],[-82.90396,40.10312],[-82.90419,40.10287],[-82.90428,40.10275],[-82.90447,40.10246],[-82.90449,40.10228],[-82.9044,40.10212],[-82.90422,40.10202],[-82.904,40.102],[-82.90353,40.10205],[-82.90337,40.10205],[-82.90322,40.10201],[-82.90286,40.10182]]}},{"type":"Feature","properties":{"layer":"local","NAME":"Hillcrest Dr","MTFCC":"S1400"},"geometry":{"type":"LineString","coordinates":[[-82.91076,40.1235],[-82.91087,40.12205],[-82.91094,40.1213],[-82.91095,40.12122],[-82.91103,40.12103],[-82.91108,40.12069],[-82.91094,40.12041],[-82.91086,40.12019],[-82.9109,40.11969]]}},{"type":"Feature","properties":{"layer":"local","NAME":"Lookout Ridge Dr","MTFCC":"S1400"},"geometry":{"type":"LineString","coordinates":[[-82.95213,40.13424],[-82.95196,40.13423],[-82.95188,40.13425],[-82.95149,40.13441],[-82.95133,40.13447]]}},{"type":"Feature","properties":{"layer":"local","NAME":"Abbeycross Ln","MTFCC":"S1400"},"geometry":{"type":"LineString","coordinates":[[-82.92848,40.13648],[-82.92872,40.13648],[-82.92895,40.1365],[-82.93004,40.13661],[-82.93006,40.13662],[-82.93009,40.13665],[-82.93011,40.13669],[-82.93011,40.13674],[-82.93008,40.13682],[-82.93003,40.13689],[-82.92998,40.13692],[-82.92995,40.13692],[-82.92983,40.13692],[-82.92941,40.1369],[-82.92905,40.13689],[-82.92873,40.13688],[-82.92853,40.13686],[-82.92847,40.13684],[-82.92843,40.13681],[-82.92841,40.13679],[-82.9284,40.13672],[-82.92839,40.13657],[-82.92837,40.13651]]}},{"type":"Feature","properties":{"layer":"local","NAME":"Seagull Ct","MTFCC":"S1400"},"geometry":{"type":"LineString","coordinates":[[-82.89746,40.1441],[-82.89749,40.14404],[-82.89753,40.14399],[-82.89756,40.14396],[-82.89757,40.14393],[-82.89756,40.14389],[-82.89754,40.14387],[-82.8975,40.14386],[-82.89748,40.14385],[-82.89743,40.14386],[-82.8974,40.14388],[-82.89738,40.1439],[-82.89738,40.14395],[-82.8974,40.14397],[-82.89744,40.14402],[-82.89746,40.14408],[-82.89746,40.1441]]}},{"type":"Feature","properties":{"layer":"local","NAME":"Maplebrooke Dr N","MTFCC":"S1400"},"geometry":{"type":"LineString","coordinates":[[-82.92618,40.13832],[-82.92615,40.13834],[-82.92609,40.13837],[-82.92605,40.13838],[-82.92597,40.13838],[-82.92559,40.13837],[-82.92527,40.13836],[-82.92513,40.13835],[-82.92508,40.13835],[-82.92495,40.13832],[-82.9245,40.13825]]}},{"type":"Feature","properties":{"layer":"local","NAME":"Crees Dr","MTFCC":"S1400"},"geometry":{"type":"LineString","coordinates":[[-82.95924,40.14579],[-82.95921,40.14646],[-82.95922,40.14653],[-82.95923,40.1466],[-82.95925,40.14666],[-82.95927,40.14672],[-82.95931,40.14679],[-82.95935,40.14685],[-82.9594,40.1469],[-82.95945,40.14696],[-82.95951,40.14701],[-82.96009,40.14744],[-82.96013,40.14747],[-82.96016,40.1475],[-82.96019,40.14753],[-82.96022,40.14756],[-82.96027,40.14762],[-82.96031,40.14767],[-82.96034,40.14773],[-82.96036,40.1478],[-82.96038,40.14786],[-82.96039,40.14793],[-82.96046,40.14841]]}},{"type":"Feature","properties":{"layer":"local","NAME":null,"MTFCC":"S1630"},"geometry":{"type":"LineString","coordinates":[[-82.92522,40.10318],[-82.92532,40.10299],[-82.92561,40.1027],[-82.92593,40.10246],[-82.92646,40.10207],[-82.92682,40.10189]]}},{"type":"Feature","properties":{"layer":"local","NAME":"Twp Hwy 32","MTFCC":"S1400"},"geometry":{"type":"LineString","coordinates":[[-82.88284,40.145],[-82.88404,40.14503],[-82.88693,40.14515],[-82.88805,40.1452],[-82.88854,40.14522],[-82.88921,40.14524],[-82.8893,40.14525],[-82.88989,40.14527],[-82.89047,40.14529],[-82.89151,40.14533],[-82.89218,40.14536],[-82.8933,40.14541],[-82.89393,40.14543]]}},{"type":"Feature","properties":{"layer":"local","NAME":"Baranof E","MTFCC":"S1400"},"geometry":{"type":"LineString","coordinates":[[-82.95694,40.12825],[-82.95688,40.12907],[-82.95682,40.13003]]}},{"type":"Feature","properties":{"layer":"local","NAME":"Linabary Ave","MTFCC":"S1400"},"geometry":{"type":"LineString","coordinates":[[-82.92037,40.12227],[-82.92035,40.12223],[-82.92034,40.1222],[-82.9204,40.12174],[-82.92047,40.12097]]}},{"type":"Feature","properties":{"layer":"local","NAME":"Twin St","MTFCC":"S1400"},"geometry":{"type":"LineString","coordinates":[[-82.92525,40.13407],[-82.92498,40.13406],[-82.92484,40.13405],[-82.92479,40.13405],[-82.92452,40.13404]]}},{"type":"Feature","properties":{"layer":"local","NAME":"Redsail Ct","MTFCC":"S1400"},"geometry":{"type":"LineString","coordinates":[[-82.89819,40.11802],[-82.89794,40.11821]]}},{"type":"Feature","properties":{"layer":"local","NAME":"S Grove St","MTFCC":"S1400"},"geometry":{"type":"LineString","coordinates":[[-82.93556,40.12542],[-82.93553,40.12529],[-82.93545,40.1249],[-82.93536,40.12448],[-82.93533,40.12431],[-82.93544,40.12341],[-82.93545,40.12328],[-82.93549,40.12298],[-82.93552,40.12269],[-82.93561,40.122]]}},{"type":"Feature","properties":{"layer":"local","NAME":"Olde North Church Dr","MTFCC":"S1400"},"geometry":{"type":"LineString","coordinates":[[-82.90388,40.10963],[-82.90219,40.10956],[-82.90182,40.10954],[-82.90149,40.10954],[-82.90138,40.10955]]}},{"type":"Feature","properties":{"layer":"local","NAME":"Westgreen Ln","MTFCC":"S1400"},"geometry":{"type":"LineString","coordinates":[[-82.94587,40.14939],[-82.94572,40.14936],[-82.94546,40.1493],[-82.94532,40.14929],[-82.94512,40.1493],[-82.945,40.14933],[-82.94488,40.14937],[-82.94476,40.14941],[-82.94461,40.14943],[-82.94451,40.14941],[-82.94442,40.14939],[-82.94426,40.14929],[-82.94405,40.14913],[-82.94391,40.14906],[-82.94368,40.14902],[-82.94347,40.14907],[-82.9433,40.14914],[-82.94299,40.14932],[-82.94274,40.14933],[-82.94254,40.1493],[-82.94219,40.14922],[-82.94182,40.14918],[-82.94132,40.14921],[-82.94107,40.14917],[-82.94075,40.14912],[-82.94034,40.14912],[-82.94011,40.14914],[-82.93984,40.14921],[-82.93948,40.14935]]}},{"type":"Feature","properties":{"layer":"local","NAME":"Waxwing Ct","MTFCC":"S1400"},"geometry":{"type":"LineString","coordinates":[[-82.90679,40.13965],[-82.90655,40.13987],[-82.9065,40.13993],[-82.90644,40.13998],[-82.90641,40.14002],[-82.90636,40.14006]]}},{"type":"Feature","properties":{"layer":"local","NAME":"Windcroft Dr","MTFCC":"S1400"},"geometry":{"type":"LineString","coordinates":[[-82.95791,40.13654],[-82.95814,40.13655],[-82.95817,40.13655],[-82.95822,40.13654],[-82.95832,40.1365],[-82.95835,40.13649],[-82.9584,40.13644],[-82.95844,40.13639],[-82.95845,40.13636],[-82.95848,40.13626],[-82.9585,40.13596],[-82.95856,40.13517],[-82.95857,40.13508],[-82.95862,40.1344]]}},{"type":"Feature","properties":{"layer":"local","NAME":"Windemere Cir","MTFCC":"S1400"},"geometry":{"type":"LineString","coordinates":[[-82.92306,40.13619],[-82.92313,40.13589],[-82.92313,40.13583],[-82.92312,40.13581],[-82.92311,40.13578],[-82.92304,40.13572],[-82.923,40.1357],[-82.92292,40.13566],[-82.92281,40.13561],[-82.92275,40.1356],[-82.9227,40.1356],[-82.92263,40.13561],[-82.92259,40.13562],[-82.92254,40.13564],[-82.92248,40.13569],[-82.92238,40.13577],[-82.92223,40.13593],[-82.9222,40.13603],[-82.92219,40.1361],[-82.92219,40.13618]]}},{"type":"Feature","properties":{"layer":"local","NAME":"Windemere Dr","MTFCC":"S1400"},"geometry":{"type":"LineString","coordinates":[[-82.9177,40.13277],[-82.91764,40.13368],[-82.91764,40.13381],[-82.91766,40.13392],[-82.91771,40.1341],[-82.91774,40.13416],[-82.91783,40.13431],[-82.91804,40.13454],[-82.91813,40.13461],[-82.91821,40.13467],[-82.91855,40.13484],[-82.91874,40.13491],[-82.91895,40.13495],[-82.91928,40.13497],[-82.91953,40.13498],[-82.91998,40.13501],[-82.92011,40.13502],[-82.92034,40.13507],[-82.92061,40.13515],[-82.92082,40.13522],[-82.92102,40.13531],[-82.92143,40.13549],[-82.92158,40.13556]]}},{"type":"Feature","properties":{"layer":"local","NAME":"Bigham Ridge Blvd","MTFCC":"S1400"},"geometry":{"type":"LineString","coordinates":[[-82.95891,40.13106],[-82.95816,40.13111],[-82.95589,40.13103],[-82.95501,40.1312],[-82.95436,40.13143],[-82.95376,40.13162],[-82.95336,40.13175],[-82.953,40.13182],[-82.95257,40.1317],[-82.95222,40.13143],[-82.9521,40.13123],[-82.95192,40.13103],[-82.95124,40.13091],[-82.95061,40.13085],[-82.95005,40.13083],[-82.94975,40.13084],[-82.94958,40.13083]]}},{"type":"Feature","properties":{"layer":"local","NAME":"Noble Aly","MTFCC":"S1730"},"geometry":{"type":"LineString","coordinates":[[-82.92916,40.12713],[-82.93027,40.12716],[-82.93065,40.12717]]}},{"type":"Feature","properties":{"layer":"local","NAME":"Worthington Rd","MTFCC":"S1400"},"geometry":{"type":"LineString","coordinates":[[-82.96305,40.14115],[-82.95945,40.14097],[-82.95901,40.14082],[-82.95882,40.14075],[-82.95864,40.14069],[-82.95844,40.14066],[-82.95828,40.14065],[-82.95813,40.14064],[-82.95786,40.14067],[-82.95766,40.1407],[-82.95739,40.14077],[-82.9571,40.14089],[-82.95692,40.14096],[-82.95683,40.14097],[-82.95676,40.14099],[-82.95661,40.14097],[-82.95645,40.14097]]}},{"type":"Feature","properties":{"layer":"local","NAME":null,"MTFCC":"S1400"},"geometry":{"type":"LineString","coordinates":[[-82.94813,40.12867],[-82.94791,40.12865],[-82.94709,40.12868],[-82.94685,40.12867],[-82.9467,40.12864],[-82.94655,40.12859],[-82.94645,40.12852],[-82.94641,40.12846]]}},{"type":"Feature","properties":{"layer":"local","NAME":"Cardington Ave","MTFCC":"S1400"},"geometry":{"type":"LineString","coordinates":[[-82.9622,40.1002],[-82.96152,40.10025],[-82.96116,40.10025],[-82.96067,40.10025],[-82.95998,40.10016],[-82.95984,40.10013],[-82.95949,40.10004],[-82.95922,40.0999]]}},{"type":"Feature","properties":{"layer":"local","NAME":"S Otterbein Ave","MTFCC":"S1400"},"geometry":{"type":"LineString","coordinates":[[-82.92161,40.12355],[-82.92167,40.12298],[-82.92173,40.12237],[-82.92184,40.12128],[-82.92189,40.1207],[-82.92195,40.12015],[-82.92203,40.11936],[-82.92191,40.11901],[-82.92173,40.11875],[-82.92166,40.11835],[-82.92167,40.11809],[-82.92174,40.11736],[-82.9218,40.11664],[-82.92186,40.11586],[-82.92193,40.11509],[-82.92194,40.11495],[-82.92205,40.11466],[-82.92217,40.1144],[-82.92219,40.11428],[-82.92218,40.11426],[-82.92218,40.11424],[-82.92219,40.11411],[-82.9222,40.1138],[-82.92213,40.11346],[-82.92208,40.11329],[-82.922,40.11307],[-82.92194,40.1128],[-82.92193,40.11257],[-82.92193,40.11242],[-82.92196,40.11206],[-82.92198,40.11189],[-82.92212,40.1104],[-82.9222,40.10952]]}},{"type":"Feature","properties":{"layer":"local","NAME":"Augusta Woods Ct","MTFCC":"S1400"},"geometry":{"type":"LineString","coordinates":[[-82.94018,40.15007],[-82.93998,40.15017],[-82.93991,40.15019],[-82.93983,40.1502],[-82.93968,40.1502],[-82.93854,40.15016],[-82.93843,40.15017],[-82.93837,40.15018],[-82.93802,40.15027]]}},{"type":"Feature","properties":{"layer":"local","NAME":"W Ticonderoga Dr","MTFCC":"S1400"},"geometry":{"type":"LineString","coordinates":[[-82.94998,40.12206],[-82.95012,40.12206],[-82.95015,40.12173],[-82.94963,40.1217],[-82.94966,40.12137]]}},{"type":"Feature","properties":{"layer":"local","NAME":"David Sq","MTFCC":"S1400"},"geometry":{"type":"LineString","coordinates":[[-82.92814,40.12483],[-82.92869,40.12486],[-82.92878,40.12491],[-82.92881,40.12493],[-82.92886,40.12494],[-82.92926,40.12495]]}},{"type":"Feature","properties":{"layer":"local","NAME":"Forest View Ct","MTFCC":"S1400"},"geometry":{"type":"LineString","coordinates":[[-82.89416,40.10943],[-82.89387,40.10949],[-82.89323,40.10946]]}},{"type":"Feature","properties":{"layer":"local","NAME":"Catawba Ct","MTFCC":"S1400"},"geometry":{"type":"LineString","coordinates":[[-82.91327,40.11728],[-82.91353,40.11698]]}},{"type":"Feature","properties":{"layer":"local","NAME":"Coventry Ct","MTFCC":"S1400"},"geometry":{"type":"LineString","coordinates":[[-82.9064,40.13135],[-82.90611,40.13147]]}},{"type":"Feature","properties":{"layer":"local","NAME":"Mikayla Dr","MTFCC":"S1400"},"geometry":{"type":"LineString","coordinates":[[-82.89112,40.14774],[-82.89148,40.14781],[-82.89159,40.14783],[-82.89321,40.14791],[-82.8935,40.14792],[-82.89362,40.14791],[-82.89388,40.14787]]}},{"type":"Feature","properties":{"layer":"local","NAME":"Polaris Woods Blvd","MTFCC":"S1400"},"geometry":{"type":"LineString","coordinates":[[-82.92879,40.1475],[-82.92878,40.14769],[-82.92875,40.14863],[-82.92875,40.14882],[-82.92872,40.149],[-82.92868,40.14918],[-82.92862,40.14936],[-82.92854,40.14953],[-82.92845,40.1497],[-82.92834,40.14986],[-82.92826,40.14994],[-82.92817,40.15001],[-82.92807,40.15007],[-82.92804,40.15008],[-82.92794,40.15012],[-82.92783,40.15014],[-82.92771,40.15016],[-82.92761,40.15016]]}},{"type":"Feature","properties":{"layer":"local","NAME":"Blue Juniper Dr","MTFCC":"S1400"},"geometry":{"type":"LineString","coordinates":[[-82.94534,40.15121],[-82.9454,40.15113],[-82.94542,40.15109],[-82.94543,40.15104],[-82.94546,40.15066],[-82.94546,40.15063],[-82.94545,40.15059],[-82.94541,40.15054],[-82.94537,40.15053],[-82.94528,40.15051],[-82.94516,40.15051],[-82.94501,40.1505],[-82.94497,40.15051],[-82.94494,40.15052],[-82.94492,40.15054],[-82.94491,40.15058],[-82.94485,40.15121]]}},{"type":"Feature","properties":{"layer":"local","NAME":"Bay Forest Dr","MTFCC":"S1400"},"geometry":{"type":"LineString","coordinates":[[-82.90646,40.14935],[-82.90654,40.14927],[-82.90661,40.1492],[-82.90667,40.14911],[-82.90671,40.14904],[-82.90674,40.14895],[-82.90675,40.14888],[-82.90674,40.1488],[-82.90672,40.14871],[-82.90668,40.14863],[-82.90662,40.14854],[-82.90654,40.14849],[-82.90643,40.14841],[-82.90634,40.14838],[-82.90623,40.14834],[-82.90613,40.14833],[-82.90575,40.14831],[-82.90563,40.14829],[-82.90551,40.14827],[-82.90538,40.14822],[-82.90527,40.14817],[-82.90507,40.14803],[-82.90485,40.14783],[-82.90464,40.14762]]}},{"type":"Feature","properties":{"layer":"local","NAME":null,"MTFCC":"S1630"},"geometry":{"type":"LineString","coordinates":[[-82.92547,40.10047],[-82.92517,40.10041]]}},{"type":"Feature","properties":{"layer":"local","NAME":"Six Pence Cir","MTFCC":"S1400"},"geometry":{"type":"LineString","coordinates":[[-82.91872,40.13148],[-82.9186,40.13157],[-82.91838,40.13166],[-82.91813,40.13168],[-82.91772,40.13167],[-82.91755,40.13162],[-82.91742,40.13151],[-82.91738,40.13137],[-82.91742,40.13074],[-82.91745,40.13065],[-82.91752,40.13058],[-82.91766,40.1305],[-82.91783,40.13049],[-82.91854,40.13052]]}},{"type":"Feature","properties":{"layer":"local","NAME":"Altair Pkwy","MTFCC":"S1400"},"geometry":{"type":"LineString","coordinates":[[-82.94465,40.14349],[-82.94436,40.14346],[-82.94409,40.14347],[-82.94383,40.14349],[-82.94346,40.14357],[-82.94323,40.1436],[-82.94299,40.14361],[-82.94259,40.1436],[-82.94228,40.14359],[-82.94215,40.14357],[-82.94203,40.14353],[-82.94192,40.14346],[-82.94188,40.14342],[-82.94184,40.14338],[-82.9418,40.14328],[-82.94178,40.14318],[-82.94185,40.1427],[-82.94193,40.14237],[-82.94194,40.14213],[-82.94201,40.14186],[-82.94205,40.14173],[-82.94221,40.1412],[-82.9423,40.14094],[-82.94239,40.14068],[-82.94245,40.14046],[-82.94246,40.14029],[-82.94247,40.14006]]}},{"type":"Feature","properties":{"layer":"local","NAME":"Hanby Ave","MTFCC":"S1400"},"geometry":{"type":"LineString","coordinates":[[-82.95118,40.12485],[-82.95117,40.12494],[-82.95116,40.12513],[-82.95112,40.1257],[-82.95107,40.12602],[-82.95097,40.12641],[-82.95091,40.12671],[-82.95098,40.12691],[-82.95107,40.12703],[-82.95122,40.12712],[-82.95156,40.12722],[-82.95209,40.12724],[-82.95316,40.12728],[-82.95364,40.1273],[-82.95385,40.12731],[-82.95409,40.12727],[-82.9543,40.12718],[-82.95442,40.12711]]}},{"type":"Feature","properties":{"layer":"local","NAME":"Woodlake Ct","MTFCC":"S1400"},"geometry":{"type":"LineString","coordinates":[[-82.91501,40.10966],[-82.91477,40.10944],[-82.91466,40.1092],[-82.91469,40.109]]}},{"type":"Feature","properties":{"layer":"local","NAME":"Seagull Ct","MTFCC":"S1400"},"geometry":{"type":"LineString","coordinates":[[-82.89718,40.14446],[-82.89736,40.14432],[-82.89741,40.14426],[-82.89744,40.1442],[-82.89746,40.14412],[-82.89746,40.1441]]}},{"type":"Feature","properties":{"layer":"local","NAME":"Lakegrove Ct","MTFCC":"S1400"},"geometry":{"type":"LineString","coordinates":[[-82.89291,40.13121],[-82.89324,40.1311],[-82.89337,40.13106],[-82.89356,40.13105],[-82.89467,40.1311],[-82.89504,40.13105]]}},{"type":"Feature","properties":{"layer":"local","NAME":"Cooper Ridge Rd","MTFCC":"S1400"},"geometry":{"type":"LineString","coordinates":[[-82.94569,40.1065],[-82.94577,40.10641],[-82.94581,40.10634],[-82.94582,40.10626],[-82.94579,40.10614],[-82.94572,40.10604],[-82.94563,40.10596],[-82.94528,40.10576],[-82.94502,40.10571],[-82.94476,40.10571],[-82.94446,40.1058],[-82.94413,40.10593],[-82.94387,40.10597],[-82.9436,40.10595],[-82.94334,40.10587],[-82.94316,40.10576],[-82.94279,40.10548],[-82.94255,40.10532],[-82.94237,40.10527],[-82.94218,40.10527],[-82.94202,40.10531],[-82.94188,40.10539],[-82.94179,40.10558],[-82.94181,40.10613]]}},{"type":"Feature","properties":{"layer":"local","NAME":"Autumn Woods Dr","MTFCC":"S1400"},"geometry":{"type":"LineString","coordinates":[[-82.89864,40.10666],[-82.89831,40.10651],[-82.89794,40.10636],[-82.89724,40.1062],[-82.89672,40.10616],[-82.89621,40.10613],[-82.89537,40.1061],[-82.89473,40.10617],[-82.89459,40.10619]]}},{"type":"Feature","properties":{"layer":"local","NAME":"Ash Ct","MTFCC":"S1400"},"geometry":{"type":"LineString","coordinates":[[-82.90916,40.12721],[-82.9091,40.12785]]}},{"type":"Feature","properties":{"layer":"local","NAME":"Ainsley Dr","MTFCC":"S1400"},"geometry":{"type":"LineString","coordinates":[[-82.93251,40.15153],[-82.93229,40.1516],[-82.93209,40.15169]]}},{"type":"Feature","properties":{"layer":"local","NAME":"Maddalena Ln","MTFCC":"S1400"},"geometry":{"type":"LineString","coordinates":[[-82.92504,40.13307],[-82.92503,40.13315],[-82.92503,40.13317],[-82.92502,40.13326],[-82.92501,40.13333],[-82.925,40.1334],[-82.92497,40.13346],[-82.92494,40.13353],[-82.9249,40.1336],[-82.92487,40.13365],[-82.92485,40.1337],[-82.92483,40.13375],[-82.92482,40.1338],[-82.92481,40.13386],[-82.92479,40.13405]]}},{"type":"Feature","properties":{"layer":"local","NAME":"Wyndham Park N","MTFCC":"S1400"},"geometry":{"type":"LineString","coordinates":[[-82.91738,40.13726],[-82.91737,40.1374],[-82.91737,40.13747],[-82.9174,40.13753],[-82.91744,40.13759],[-82.9175,40.13764],[-82.91758,40.13767],[-82.91766,40.13769],[-82.92018,40.13782],[-82.92026,40.13782],[-82.92035,40.1378],[-82.92042,40.13776],[-82.92048,40.13771],[-82.92053,40.13765],[-82.92055,40.13759],[-82.9206,40.13701]]}},{"type":"Feature","properties":{"layer":"local","NAME":"N Cleveland Ave","MTFCC":"S1400"},"geometry":{"type":"LineString","coordinates":[[-82.94752,40.13398],[-82.94781,40.13004],[-82.94786,40.12939],[-82.94787,40.12925],[-82.94787,40.12914],[-82.94789,40.12892],[-82.9479,40.12878],[-82.94791,40.12865],[-82.94796,40.12807],[-82.94802,40.12711],[-82.94804,40.12692],[-82.94806,40.12664],[-82.9481,40.12608],[-82.94813,40.1254],[-82.94817,40.12475]]}},{"type":"Feature","properties":{"layer":"local","NAME":"King Arthur Ct","MTFCC":"S1400"},"geometry":{"type":"LineString","coordinates":[[-82.92754,40.10771],[-82.9275,40.10773],[-82.92746,40.10772],[-82.92669,40.10768],[-82.92664,40.10767],[-82.92661,40.10765],[-82.92659,40.10762],[-82.92584,40.10758],[-82.92586,40.10737],[-82.92584,40.10701],[-82.92584,40.10692]]}},{"type":"Feature","properties":{"layer":"local","NAME":"Inglewood Dr","MTFCC":"S1400"},"geometry":{"type":"LineString","coordinates":[[-82.89282,40.11443],[-82.89285,40.11404],[-82.89294,40.11285],[-82.89298,40.11241],[-82.893,40.11232],[-82.89307,40.11224]]}},{"type":"Feature","properties":{"layer":"local","NAME":"Berkshire Commons Dr","MTFCC":"S1400"},"geometry":{"type":"LineString","coordinates":[[-82.93133,40.13824],[-82.93092,40.13822],[-82.93068,40.13821],[-82.93033,40.1382],[-82.93026,40.13819],[-82.93015,40.13817],[-82.93004,40.13814],[-82.92976,40.13804],[-82.92962,40.13798]]}},{"type":"Feature","properties":{"layer":"local","NAME":"Paddlewheel Ct","MTFCC":"S1400"},"geometry":{"type":"LineString","coordinates":[[-82.90726,40.13648],[-82.90675,40.136],[-82.90667,40.13592],[-82.90658,40.13584]]}},{"type":"Feature","properties":{"layer":"local","NAME":"Margaret Dr","MTFCC":"S1400"},"geometry":{"type":"LineString","coordinates":[[-82.91088,40.14938],[-82.91109,40.14951],[-82.9112,40.14956],[-82.91132,40.1496],[-82.91144,40.14963],[-82.91157,40.14965],[-82.9132,40.14972]]}},{"type":"Feature","properties":{"layer":"local","NAME":"Illinois Ct","MTFCC":"S1400"},"geometry":{"type":"LineString","coordinates":[[-82.91101,40.11356],[-82.91102,40.11345],[-82.91102,40.11333],[-82.91099,40.11323],[-82.91098,40.11297],[-82.91103,40.11213],[-82.91102,40.11202],[-82.91096,40.11191]]}},{"type":"Feature","properties":{"layer":"local","NAME":"Jean Ct","MTFCC":"S1400"},"geometry":{"type":"LineString","coordinates":[[-82.91325,40.1491],[-82.9132,40.14972],[-82.91316,40.15024]]}},{"type":"Feature","properties":{"layer":"local","NAME":"Price Aly","MTFCC":"S1730"},"geometry":{"type":"LineString","coordinates":[[-82.93156,40.12942],[-82.93158,40.1288],[-82.93153,40.12817]]}},{"type":"Feature","properties":{"layer":"local","NAME":"S Knox St","MTFCC":"S1400"},"geometry":{"type":"LineString","coordinates":[[-82.93335,40.12417],[-82.93347,40.12313],[-82.93354,40.12255],[-82.93362,40.12188]]}},{"type":"Feature","properties":{"layer":"local","NAME":"Woodbend Dr","MTFCC":"S1400"},"geometry":{"type":"LineString","coordinates":[[-82.90758,40.1457],[-82.9076,40.14545],[-82.90763,40.14497],[-82.90764,40.14485],[-82.90764,40.14484],[-82.90764,40.14482],[-82.90765,40.14481],[-82.90766,40.1448],[-82.90767,40.14479],[-82.90768,40.14478],[-82.90772,40.14475],[-82.90774,40.14475],[-82.90777,40.14475],[-82.90779,40.14474],[-82.90781,40.14474],[-82.90799,40.14475],[-82.90808,40.14476],[-82.9081,40.14476],[-82.90815,40.14476],[-82.90852,40.14477]]}},{"type":"Feature","properties":{"layer":"local","NAME":"Quince Ct","MTFCC":"S1400"},"geometry":{"type":"LineString","coordinates":[[-82.91498,40.13066],[-82.91453,40.13048]]}},{"type":"Feature","properties":{"layer":"local","NAME":"King Arthur Blvd","MTFCC":"S1400"},"geometry":{"type":"LineString","coordinates":[[-82.92492,40.10687],[-82.92584,40.10692],[-82.92589,40.10678],[-82.92594,40.10671],[-82.92603,40.10668],[-82.92717,40.10673],[-82.92732,40.10678]]}},{"type":"Feature","properties":{"layer":"local","NAME":"Nottingham Ct","MTFCC":"S1400"},"geometry":{"type":"LineString","coordinates":[[-82.92064,40.13166],[-82.92056,40.13288]]}},{"type":"Feature","properties":{"layer":"local","NAME":null,"MTFCC":"S1400"},"geometry":{"type":"LineString","coordinates":[[-82.94616,40.1494],[-82.94607,40.14942],[-82.94596,40.14941],[-82.94587,40.14939]]}},{"type":"Feature","properties":{"layer":"local","NAME":"Albion Pl","MTFCC":"S1400"},"geometry":{"type":"LineString","coordinates":[[-82.91092,40.1431],[-82.91025,40.14307],[-82.91009,40.14305],[-82.91,40.143],[-82.90991,40.14287],[-82.90992,40.14265],[-82.90994,40.14239],[-82.91006,40.14228],[-82.91018,40.14219],[-82.91034,40.14218],[-82.91054,40.14218],[-82.91071,40.14219],[-82.91086,40.14224],[-82.9109,40.14229],[-82.91095,40.14242]]}},{"type":"Feature","properties":{"layer":"local","NAME":"Bobby Ln","MTFCC":"S1400"},"geometry":{"type":"LineString","coordinates":[[-82.90855,40.12291],[-82.90848,40.12295],[-82.90841,40.12297],[-82.90777,40.12295]]}},{"type":"Feature","properties":{"layer":"local","NAME":"Lakeland Dr","MTFCC":"S1400"},"geometry":{"type":"LineString","coordinates":[[-82.90679,40.13231],[-82.90679,40.13219],[-82.90679,40.13199],[-82.9067,40.1318],[-82.9064,40.13135],[-82.90618,40.13115],[-82.90577,40.13106],[-82.90505,40.13104],[-82.90402,40.13101],[-82.9034,40.13099],[-82.90294,40.13098],[-82.90231,40.13094],[-82.90214,40.13093],[-82.90099,40.13088],[-82.90043,40.13085],[-82.89983,40.13082],[-82.89925,40.1308],[-82.89902,40.13079],[-82.89871,40.13083],[-82.89847,40.13097],[-82.89836,40.13105],[-82.89815,40.13113],[-82.89754,40.13127]]}},{"type":"Feature","properties":{"layer":"local","NAME":"Ohio-Erie Trl","MTFCC":"S1710"},"geometry":{"type":"LineString","coordinates":[[-82.9215,40.14661],[-82.92152,40.14646],[-82.92151,40.14635],[-82.9215,40.14629],[-82.92154,40.14625],[-82.92158,40.14622],[-82.92161,40.14619],[-82.92164,40.14612],[-82.92166,40.14607],[-82.92168,40.14603],[-82.92171,40.14599],[-82.92176,40.14594],[-82.92182,40.1459],[-82.92192,40.14583],[-82.92196,40.14579],[-82.92198,40.14574],[-82.92199,40.14567],[-82.92225,40.14477],[-82.92267,40.1433],[-82.92301,40.1421]]}},{"type":"Feature","properties":{"layer":"local","NAME":"Pine View Rd","MTFCC":"S1400"},"geometry":{"type":"LineString","coordinates":[[-82.89768,40.11079],[-82.89635,40.11064],[-82.89605,40.11061]]}},{"type":"Feature","properties":{"layer":"local","NAME":"Cherrington Ct","MTFCC":"S1400"},"geometry":{"type":"LineString","coordinates":[[-82.90915,40.1124],[-82.90784,40.11195],[-82.90755,40.11187],[-82.90721,40.11181]]}},{"type":"Feature","properties":{"layer":"local","NAME":"Hildreth Ave","MTFCC":"S1400"},"geometry":{"type":"LineString","coordinates":[[-82.9564,40.09842],[-82.95632,40.09944],[-82.95626,40.1001],[-82.95626,40.10024],[-82.95624,40.10043],[-82.95623,40.10058],[-82.95622,40.10072],[-82.95621,40.10081]]}},{"type":"Feature","properties":{"layer":"local","NAME":"Scott Ct","MTFCC":"S1400"},"geometry":{"type":"LineString","coordinates":[[-82.92823,40.11284],[-82.92831,40.11284],[-82.92851,40.11284],[-82.92879,40.1128],[-82.92902,40.1128],[-82.92918,40.11281]]}},{"type":"Feature","properties":{"layer":"local","NAME":"Peachtree Ct","MTFCC":"S1400"},"geometry":{"type":"LineString","coordinates":[[-82.91187,40.10271],[-82.91187,40.10266],[-82.912,40.10266],[-82.91219,40.10267]]}},{"type":"Feature","properties":{"layer":"local","NAME":"Peachtree Ct","MTFCC":"S1400"},"geometry":{"type":"LineString","coordinates":[[-82.91219,40.10267],[-82.91235,40.10256]]}},{"type":"Feature","properties":{"layer":"local","NAME":"Puddington Ct","MTFCC":"S1400"},"geometry":{"type":"LineString","coordinates":[[-82.9034,40.11608],[-82.90287,40.11605],[-82.90261,40.11603],[-82.90239,40.11597],[-82.90223,40.11583],[-82.9022,40.11579],[-82.90214,40.11556]]}},{"type":"Feature","properties":{"layer":"local","NAME":"Abbotsbury Dr","MTFCC":"S1400"},"geometry":{"type":"LineString","coordinates":[[-82.95968,40.13505],[-82.95968,40.13503],[-82.95971,40.13497],[-82.95975,40.13493],[-82.9598,40.1349],[-82.95987,40.13487],[-82.95994,40.13487],[-82.96086,40.13491],[-82.96097,40.13492],[-82.96109,40.13495],[-82.9612,40.135],[-82.96128,40.13506],[-82.96149,40.13523],[-82.96178,40.13549],[-82.96185,40.13557],[-82.96189,40.13565],[-82.96192,40.13574],[-82.96192,40.13582],[-82.96181,40.13739],[-82.96179,40.13745],[-82.96174,40.1375]]}},{"type":"Feature","properties":{"layer":"local","NAME":"Apple St","MTFCC":"S1400"},"geometry":{"type":"LineString","coordinates":[[-82.90974,40.13553],[-82.90985,40.1355],[-82.90996,40.13549],[-82.91006,40.13547],[-82.91048,40.13549],[-82.91161,40.13554]]}},{"type":"Feature","properties":{"layer":"local","NAME":"Rushka Ct","MTFCC":"S1400"},"geometry":{"type":"LineString","coordinates":[[-82.92839,40.11212],[-82.92863,40.11213],[-82.92889,40.11211],[-82.92902,40.11208],[-82.92906,40.11206],[-82.9294,40.11197],[-82.92954,40.11192],[-82.92969,40.11222]]}},{"type":"Feature","properties":{"layer":"local","NAME":"Mike Ct","MTFCC":"S1400"},"geometry":{"type":"LineString","coordinates":[[-82.9006,40.12894],[-82.9004,40.12889],[-82.90019,40.12886],[-82.89981,40.12884]]}},{"type":"Feature","properties":{"layer":"local","NAME":null,"MTFCC":"S1400"},"geometry":{"type":"LineString","coordinates":[[-82.9384,40.12712],[-82.93842,40.12718],[-82.93843,40.12723],[-82.93843,40.12727],[-82.93844,40.12733],[-82.93845,40.12739],[-82.93846,40.12743],[-82.93847,40.12749],[-82.93848,40.12755],[-82.9385,40.12762]]}},{"type":"Feature","properties":{"layer":"local","NAME":"Haddam Pl E","MTFCC":"S1400"},"geometry":{"type":"LineString","coordinates":[[-82.95596,40.12597],[-82.95566,40.12596],[-82.95549,40.12599],[-82.95543,40.12605],[-82.95539,40.12612],[-82.95534,40.12689],[-82.95531,40.12736]]}},{"type":"Feature","properties":{"layer":"local","NAME":"College Pl","MTFCC":"S1400"},"geometry":{"type":"LineString","coordinates":[[-82.9121,40.12403],[-82.91181,40.12511],[-82.91174,40.12554],[-82.91174,40.12568]]}},{"type":"Feature","properties":{"layer":"local","NAME":"Sandpiper Ct","MTFCC":"S1400"},"geometry":{"type":"LineString","coordinates":[[-82.89523,40.14429],[-82.89525,40.144]]}},{"type":"Feature","properties":{"layer":"local","NAME":"Lakeway Ct W","MTFCC":"S1400"},"geometry":{"type":"LineString","coordinates":[[-82.90221,40.12982],[-82.9021,40.12979],[-82.90192,40.12976],[-82.90176,40.12975],[-82.90052,40.12969]]}},{"type":"Feature","properties":{"layer":"local","NAME":"Macintosh Way","MTFCC":"S1400"},"geometry":{"type":"LineString","coordinates":[[-82.90937,40.10269],[-82.90996,40.10272],[-82.9102,40.10267],[-82.9104,40.1026]]}},{"type":"Feature","properties":{"layer":"local","NAME":null,"MTFCC":"S1400"},"geometry":{"type":"LineString","coordinates":[[-82.94641,40.12846],[-82.94632,40.1285],[-82.94614,40.12856],[-82.94598,40.12861],[-82.9459,40.12866],[-82.94584,40.12872],[-82.94578,40.1288],[-82.94577,40.12888],[-82.9458,40.12895],[-82.94585,40.12903],[-82.9459,40.12908],[-82.94598,40.12916],[-82.94606,40.12925],[-82.9461,40.12929],[-82.94625,40.12953],[-82.94647,40.13],[-82.94654,40.13024],[-82.94655,40.13034],[-82.94655,40.13041],[-82.94655,40.13047],[-82.94652,40.13055],[-82.94646,40.13064],[-82.94637,40.13073],[-82.94631,40.13079],[-82.94621,40.13084],[-82.94602,40.13092],[-82.94588,40.13101],[-82.94578,40.13111],[-82.9457,40.13124],[-82.94566,40.13137],[-82.94565,40.13146],[-82.94564,40.1316],[-82.94561,40.13173],[-82.94555,40.13181],[-82.94552,40.13186]]}},{"type":"Feature","properties":{"layer":"local","NAME":"Langham Aly","MTFCC":"S1730"},"geometry":{"type":"LineString","coordinates":[[-82.93512,40.12691],[-82.93511,40.12688],[-82.935,40.12628]]}},{"type":"Feature","properties":{"layer":"local","NAME":"Huntland Ln","MTFCC":"S1400"},"geometry":{"type":"LineString","coordinates":[[-82.90797,40.10119],[-82.90719,40.10118]]}},{"type":"Feature","properties":{"layer":"local","NAME":null,"MTFCC":"S1400"},"geometry":{"type":"LineString","coordinates":[[-82.9217,40.15197],[-82.92177,40.15193],[-82.92184,40.1519],[-82.92193,40.15187],[-82.92198,40.15187],[-82.92215,40.15187],[-82.92264,40.15189],[-82.92317,40.15191],[-82.92342,40.15192]]}},{"type":"Feature","properties":{"layer":"local","NAME":"E Powell Rd","MTFCC":"S1400"},"geometry":{"type":"LineString","coordinates":[[-82.95523,40.14981],[-82.95523,40.15006],[-82.95523,40.15014],[-82.95524,40.15022],[-82.95525,40.15025],[-82.95528,40.15036],[-82.95532,40.15047],[-82.95535,40.15053],[-82.95534,40.15059],[-82.95532,40.15064],[-82.95527,40.15073],[-82.95496,40.15042],[-82.95428,40.14975],[-82.95419,40.14966]]}},{"type":"Feature","properties":{"layer":"local","NAME":"W Park St","MTFCC":"S1400"},"geometry":{"type":"LineString","coordinates":[[-82.93091,40.12401],[-82.93111,40.12403],[-82.93228,40.1241],[-82.93309,40.12416],[-82.93335,40.12417],[-82.93421,40.12424],[-82.93463,40.12427],[-82.93533,40.12431],[-82.936,40.12436],[-82.93647,40.1244],[-82.93686,40.12442],[-82.93702,40.12443],[-82.93804,40.1245],[-82.93846,40.12453],[-82.93864,40.12456]]}},{"type":"Feature","properties":{"layer":"local","NAME":"Oak Hill Dr","MTFCC":"S1400"},"geometry":{"type":"LineString","coordinates":[[-82.91715,40.10794],[-82.91693,40.10807],[-82.91672,40.10816],[-82.91649,40.10818],[-82.91367,40.10802],[-82.91311,40.10799],[-82.91112,40.10787],[-82.9106,40.10785]]}},{"type":"Feature","properties":{"layer":"local","NAME":"Village Green Dr","MTFCC":"S1400"},"geometry":{"type":"LineString","coordinates":[[-82.9302,40.14004],[-82.92958,40.14002],[-82.92952,40.14003],[-82.92947,40.14005],[-82.92944,40.14009],[-82.92942,40.14013],[-82.92941,40.14015]]}},{"type":"Feature","properties":{"layer":"local","NAME":null,"MTFCC":"S1740"},"geometry":{"type":"LineString","coordinates":[[-82.94553,40.1137],[-82.94551,40.11374],[-82.94549,40.1138],[-82.94547,40.11386],[-82.94547,40.11392],[-82.94541,40.11481]]}},{"type":"Feature","properties":{"layer":"local","NAME":"Mariemont Dr N","MTFCC":"S1400"},"geometry":{"type":"LineString","coordinates":[[-82.92969,40.11495],[-82.93123,40.11504],[-82.93165,40.11506],[-82.93209,40.11508],[-82.93318,40.11515],[-82.9333,40.11514],[-82.93341,40.1151]]}},{"type":"Feature","properties":{"layer":"local","NAME":"N Cleveland Ave","MTFCC":"S1400"},"geometry":{"type":"LineString","coordinates":[[-82.94752,40.13398],[-82.94729,40.13711],[-82.94727,40.13738],[-82.94715,40.13917],[-82.94707,40.14015],[-82.94702,40.14096],[-82.94701,40.141],[-82.94701,40.14105],[-82.94694,40.14197],[-82.94683,40.14335],[-82.94681,40.14367],[-82.9468,40.14375],[-82.94679,40.14381],[-82.94668,40.14534],[-82.94666,40.14568],[-82.94664,40.14587],[-82.94662,40.14607],[-82.94654,40.14706],[-82.94643,40.1483],[-82.94641,40.14856],[-82.94639,40.14859],[-82.94636,40.14864],[-82.94628,40.14878],[-82.94626,40.14899],[-82.94624,40.14927],[-82.94622,40.14933],[-82.94616,40.1494]]}},{"type":"Feature","properties":{"layer":"local","NAME":"Bale-Kenyon Rd","MTFCC":"S1400"},"geometry":{"type":"LineString","coordinates":[[-82.96416,40.18304],[-82.96413,40.18287],[-82.96411,40.18272],[-82.96409,40.18223],[-82.96413,40.18131],[-82.96414,40.18107],[-82.96412,40.1807],[-82.96407,40.18045],[-82.96403,40.18031],[-82.96375,40.1795],[-82.96364,40.17916],[-82.96333,40.17828],[-82.9631,40.1777],[-82.96294,40.17728],[-82.96285,40.177],[-82.96272,40.17663],[-82.96263,40.17632],[-82.96253,40.17593],[-82.96248,40.17563],[-82.96246,40.1754],[-82.96245,40.17502],[-82.96244,40.17455],[-82.96245,40.17411],[-82.96243,40.17266],[-82.96241,40.17243],[-82.96238,40.17225],[-82.96214,40.17126],[-82.9621,40.17111],[-82.96201,40.1709],[-82.96168,40.17023],[-82.96159,40.17001],[-82.96151,40.1698],[-82.96142,40.16953],[-82.96133,40.16919],[-82.96131,40.16912],[-82.96119,40.16855],[-82.96115,40.16841],[-82.96111,40.16832],[-82.96107,40.16823],[-82.96103,40.16814],[-82.96088,40.16789],[-82.96075,40.1677],[-82.96057,40.16745],[-82.96041,40.16724],[-82.96013,40.16686],[-82.95966,40.16625],[-82.9593,40.16577],[-82.9589,40.16515],[-82.95869,40.16482],[-82.95841,40.16436],[-82.95831,40.16418],[-82.95821,40.16398],[-82.95808,40.16365],[-82.95798,40.16335],[-82.95794,40.16325],[-82.95781,40.16276],[-82.95777,40.16255],[-82.95774,40.16238],[-82.95768,40.16207],[-82.95761,40.1615],[-82.95756,40.16103],[-82.95754,40.16056],[-82.95751,40.16029],[-82.95749,40.16008],[-82.95746,40.15997],[-82.95745,40.15992],[-82.95742,40.15985],[-82.95738,40.15979],[-82.95723,40.15956],[-82.95704,40.15931],[-82.95687,40.15907],[-82.95677,40.15892],[-82.9567,40.15876],[-82.95668,40.15868],[-82.95667,40.15861],[-82.95666,40.15834],[-82.95666,40.15825],[-82.95669,40.15789],[-82.9567,40.15765],[-82.9567,40.15722],[-82.95668,40.15673],[-82.95666,40.1563],[-82.95665,40.15561],[-82.95665,40.15527],[-82.95665,40.15472],[-82.95667,40.15416],[-82.95669,40.15379],[-82.95671,40.1536],[-82.95672,40.15345],[-82.95679,40.15286],[-82.95682,40.15252],[-82.95686,40.15205],[-82.95688,40.15188]]}},{"type":"Feature","properties":{"layer":"local","NAME":"River Lake Ct","MTFCC":"S1400"},"geometry":{"type":"LineString","coordinates":[[-82.89836,40.13105],[-82.89863,40.13133]]}},{"type":"Feature","properties":{"layer":"local","NAME":"Ikea Way","MTFCC":"S1400"},"geometry":{"type":"LineString","coordinates":[[-82.96631,40.14801],[-82.96596,40.14803],[-82.9655,40.1481],[-82.96507,40.14816],[-82.96453,40.14824],[-82.96399,40.14832],[-82.9637,40.14836],[-82.96321,40.14841],[-82.96309,40.14842],[-82.96243,40.14844],[-82.96158,40.14847],[-82.96134,40.14848],[-82.96044,40.14852],[-82.95985,40.14854],[-82.959,40.14858],[-82.95809,40.14863],[-82.95743,40.14868],[-82.95696,40.14874],[-82.95647,40.14882]]}},{"type":"Feature","properties":{"layer":"local","NAME":"Karen Ct","MTFCC":"S1400"},"geometry":{"type":"LineString","coordinates":[[-82.90189,40.12894],[-82.90151,40.12893],[-82.90137,40.12891],[-82.90129,40.12889],[-82.90114,40.12883],[-82.901,40.12874],[-82.9009,40.1287],[-82.90078,40.12864]]}},{"type":"Feature","properties":{"layer":"local","NAME":"Valleyview Ct","MTFCC":"S1400"},"geometry":{"type":"LineString","coordinates":[[-82.899,40.11239],[-82.89939,40.11254]]}},{"type":"Feature","properties":{"layer":"local","NAME":"Winfield Meadows Dr","MTFCC":"S1400"},"geometry":{"type":"LineString","coordinates":[[-82.90409,40.13957],[-82.90365,40.13955],[-82.90354,40.13954],[-82.90342,40.13952],[-82.90331,40.13948],[-82.90323,40.13943],[-82.90314,40.13937],[-82.90307,40.13929],[-82.90302,40.13921],[-82.90299,40.13913],[-82.90299,40.13904],[-82.90304,40.13838],[-82.90308,40.13803],[-82.90311,40.13795],[-82.90316,40.13787],[-82.90323,40.13779],[-82.90331,40.13773],[-82.9034,40.13768],[-82.90351,40.13764],[-82.90361,40.13762],[-82.90371,40.13761],[-82.90439,40.13764]]}},{"type":"Feature","properties":{"layer":"local","NAME":"Durant Aly","MTFCC":"S1730"},"geometry":{"type":"LineString","coordinates":[[-82.93367,40.12947],[-82.9328,40.12947]]}},{"type":"Feature","properties":{"layer":"local","NAME":"Christine Blvd","MTFCC":"S1400"},"geometry":{"type":"LineString","coordinates":[[-82.94363,40.09959],[-82.9435,40.09978],[-82.94342,40.10027],[-82.9434,40.10046],[-82.94345,40.10078],[-82.94355,40.10093],[-82.94371,40.10105],[-82.94412,40.10115],[-82.94525,40.10122],[-82.94554,40.1012],[-82.94583,40.10108],[-82.94593,40.10101],[-82.94599,40.10092],[-82.94607,40.10079],[-82.94616,40.10063]]}},{"type":"Feature","properties":{"layer":"local","NAME":"Dorchester Sq S","MTFCC":"S1400"},"geometry":{"type":"LineString","coordinates":[[-82.92156,40.10648],[-82.92155,40.10645],[-82.92155,40.10643],[-82.92162,40.10629],[-82.92171,40.10623],[-82.92184,40.10621],[-82.92307,40.10628]]}},{"type":"Feature","properties":{"layer":"local","NAME":"Hanawalt Rd","MTFCC":"S1400"},"geometry":{"type":"LineString","coordinates":[[-82.95267,40.13677],[-82.95241,40.13632],[-82.95216,40.13588],[-82.95185,40.13534],[-82.95161,40.13494],[-82.95142,40.1346],[-82.95133,40.13447],[-82.9511,40.13414],[-82.95109,40.13411]]}},{"type":"Feature","properties":{"layer":"local","NAME":"Braxton Pl W","MTFCC":"S1400"},"geometry":{"type":"LineString","coordinates":[[-82.91958,40.11192],[-82.91971,40.11054],[-82.91969,40.11048],[-82.91965,40.11043]]}},{"type":"Feature","properties":{"layer":"local","NAME":"Northfield Rd","MTFCC":"S1400"},"geometry":{"type":"LineString","coordinates":[[-82.91586,40.14317],[-82.91583,40.14373],[-82.91571,40.14531],[-82.91567,40.14595],[-82.91564,40.14635]]}},{"type":"Feature","properties":{"layer":"local","NAME":"Raintree Ct","MTFCC":"S1400"},"geometry":{"type":"LineString","coordinates":[[-82.89997,40.10788],[-82.89961,40.10791],[-82.89916,40.10787],[-82.89889,40.10774],[-82.89877,40.10759],[-82.89865,40.10748],[-82.89847,40.10743],[-82.89832,40.10741]]}},{"type":"Feature","properties":{"layer":"local","NAME":"Africa Rd","MTFCC":"S1400"},"geometry":{"type":"LineString","coordinates":[[-82.93888,40.14826],[-82.93888,40.14813],[-82.93891,40.1478],[-82.93893,40.14757],[-82.93898,40.14703],[-82.93905,40.14623],[-82.93906,40.14603],[-82.9391,40.14557],[-82.93921,40.14361],[-82.93923,40.1434],[-82.93924,40.14333],[-82.93927,40.14289],[-82.93976,40.13668]]}},{"type":"Feature","properties":{"layer":"local","NAME":"Straiton Sq","MTFCC":"S1400"},"geometry":{"type":"LineString","coordinates":[[-82.93125,40.13866],[-82.9312,40.13876],[-82.93119,40.1388],[-82.93116,40.13916],[-82.93116,40.13918],[-82.93118,40.13923],[-82.93122,40.13926],[-82.93126,40.13927],[-82.93168,40.13929],[-82.93169,40.13929],[-82.93173,40.13927],[-82.93177,40.13925],[-82.93178,40.13921],[-82.93181,40.13881],[-82.93181,40.13879],[-82.93179,40.13875],[-82.93175,40.13873],[-82.93169,40.13871],[-82.93139,40.1387],[-82.93125,40.13866]]}},{"type":"Feature","properties":{"layer":"local","NAME":"N West St","MTFCC":"S1400"},"geometry":{"type":"LineString","coordinates":[[-82.93899,40.1258],[-82.93901,40.1259],[-82.93912,40.1264],[-82.93915,40.12655],[-82.93925,40.12695],[-82.93926,40.12701],[-82.93937,40.12751],[-82.93967,40.12881],[-82.93976,40.1292],[-82.93985,40.1294],[-82.93988,40.12943],[-82.93997,40.1295],[-82.94015,40.12965],[-82.94028,40.12988],[-82.9403,40.1301],[-82.9402,40.13153],[-82.94004,40.13369]]}},{"type":"Feature","properties":{"layer":"local","NAME":"N West St","MTFCC":"S1400"},"geometry":{"type":"LineString","coordinates":[[-82.94004,40.13369],[-82.93995,40.13506],[-82.93984,40.13596],[-82.93976,40.13668]]}},{"type":"Feature","properties":{"layer":"local","NAME":"Ottawa Ave","MTFCC":"S1400"},"geometry":{"type":"LineString","coordinates":[[-82.92036,40.11742],[-82.92011,40.11741],[-82.91921,40.11736],[-82.91717,40.11723],[-82.9157,40.11715],[-82.91526,40.11718],[-82.91494,40.1173],[-82.91403,40.11783]]}},{"type":"Feature","properties":{"layer":"local","NAME":"Parkview Ave","MTFCC":"S1400"},"geometry":{"type":"LineString","coordinates":[[-82.92782,40.11567],[-82.92829,40.11569],[-82.92904,40.11574],[-82.93028,40.1158],[-82.93114,40.11585],[-82.93159,40.11588],[-82.93303,40.11596],[-82.9336,40.11599],[-82.93399,40.11605],[-82.93411,40.11609],[-82.93422,40.11612],[-82.93429,40.11616]]}},{"type":"Feature","properties":{"layer":"local","NAME":"Keene Dr","MTFCC":"S1400"},"geometry":{"type":"LineString","coordinates":[[-82.95009,40.12537],[-82.94968,40.12533],[-82.94913,40.12531],[-82.94904,40.12533],[-82.94896,40.12536],[-82.94884,40.12546],[-82.9488,40.12555],[-82.9488,40.12564],[-82.94877,40.12599],[-82.94871,40.12692],[-82.94868,40.12714]]}},{"type":"Feature","properties":{"layer":"local","NAME":"Russell St","MTFCC":"S1400"},"geometry":{"type":"LineString","coordinates":[[-82.93097,40.11777],[-82.93105,40.11676],[-82.93109,40.11631],[-82.93114,40.11585],[-82.93123,40.11504]]}},{"type":"Feature","properties":{"layer":"local","NAME":"Millfield Ave","MTFCC":"S1400"},"geometry":{"type":"LineString","coordinates":[[-82.95439,40.12497],[-82.95433,40.12593],[-82.95428,40.1267],[-82.95429,40.1269],[-82.95442,40.12711],[-82.95466,40.12726],[-82.95508,40.12736],[-82.95531,40.12736],[-82.95558,40.12738],[-82.95637,40.12741],[-82.95744,40.12745],[-82.95852,40.12749],[-82.9596,40.12754]]}},{"type":"Feature","properties":{"layer":"local","NAME":"E Plum St","MTFCC":"S1400"},"geometry":{"type":"LineString","coordinates":[[-82.92173,40.12237],[-82.92081,40.12232],[-82.92046,40.1223],[-82.92041,40.12229],[-82.92037,40.12227]]}},{"type":"Feature","properties":{"layer":"local","NAME":"Burns Ct","MTFCC":"S1400"},"geometry":{"type":"LineString","coordinates":[[-82.90902,40.13026],[-82.90856,40.13044]]}},{"type":"Feature","properties":{"layer":"local","NAME":"Virginia Lane Ct","MTFCC":"S1400"},"geometry":{"type":"LineString","coordinates":[[-82.94979,40.12347],[-82.95025,40.12349]]}},{"type":"Feature","properties":{"layer":"local","NAME":"Baranof W","MTFCC":"S1400"},"geometry":{"type":"LineString","coordinates":[[-82.95801,40.12829],[-82.95789,40.13],[-82.95786,40.13009],[-82.95777,40.13015],[-82.95766,40.13018],[-82.95734,40.13018],[-82.95708,40.13017],[-82.95698,40.13015],[-82.9569,40.1301],[-82.95682,40.13003]]}},{"type":"Feature","properties":{"layer":"local","NAME":"Potawatomi Dr","MTFCC":"S1400"},"geometry":{"type":"LineString","coordinates":[[-82.91921,40.11736],[-82.91917,40.11775],[-82.91911,40.11792],[-82.91896,40.11807],[-82.91877,40.11817],[-82.91853,40.1182],[-82.91789,40.11817],[-82.91627,40.11807],[-82.9157,40.11796],[-82.91532,40.11769],[-82.91511,40.11746],[-82.91494,40.1173],[-82.91484,40.11719],[-82.91464,40.11689],[-82.91462,40.11661],[-82.91467,40.1162]]}},{"type":"Feature","properties":{"layer":"local","NAME":"Spring Creek Dr","MTFCC":"S1400"},"geometry":{"type":"LineString","coordinates":[[-82.89484,40.12032],[-82.89478,40.12094],[-82.89475,40.12142],[-82.89466,40.12167],[-82.89447,40.12184],[-82.89434,40.12196],[-82.89427,40.12211],[-82.89426,40.12232],[-82.89444,40.12259],[-82.89465,40.12271],[-82.89499,40.12277],[-82.89531,40.12279],[-82.89565,40.1228],[-82.89595,40.12282],[-82.89621,40.12279],[-82.89645,40.12269],[-82.89662,40.12255],[-82.89679,40.12239]]}},{"type":"Feature","properties":{"layer":"local","NAME":"Willowick Dr","MTFCC":"S1400"},"geometry":{"type":"LineString","coordinates":[[-82.96168,40.101],[-82.96158,40.101],[-82.96112,40.10101],[-82.96075,40.10101],[-82.95984,40.10089],[-82.95935,40.10076],[-82.9593,40.10074],[-82.95925,40.10074],[-82.95895,40.10078],[-82.95888,40.1008]]}},{"type":"Feature","properties":{"layer":"local","NAME":"Lee Ter","MTFCC":"S1400"},"geometry":{"type":"LineString","coordinates":[[-82.92679,40.11293],[-82.92665,40.11296],[-82.92658,40.11297],[-82.92647,40.11297],[-82.92576,40.11296],[-82.92521,40.11295]]}},{"type":"Feature","properties":{"layer":"local","NAME":"Blendon Dr","MTFCC":"S1400"},"geometry":{"type":"LineString","coordinates":[[-82.91551,40.12486],[-82.91555,40.12417]]}},{"type":"Feature","properties":{"layer":"local","NAME":"Cornell Ct","MTFCC":"S1400"},"geometry":{"type":"LineString","coordinates":[[-82.9341,40.119],[-82.93452,40.11901],[-82.93477,40.11898],[-82.93517,40.1189],[-82.93567,40.11891],[-82.93596,40.11893]]}},{"type":"Feature","properties":{"layer":"local","NAME":"Black Walnut Dr","MTFCC":"S1400"},"geometry":{"type":"LineString","coordinates":[[-82.92209,40.13733],[-82.92208,40.1373],[-82.92203,40.1373],[-82.92195,40.1373],[-82.92189,40.13729],[-82.92182,40.13729],[-82.92174,40.13728],[-82.92167,40.13727],[-82.92159,40.13728],[-82.92151,40.13729],[-82.92128,40.13732]]}},{"type":"Feature","properties":{"layer":"local","NAME":"Westar Blvd","MTFCC":"S1400"},"geometry":{"type":"LineString","coordinates":[[-82.94701,40.14105],[-82.94763,40.14107],[-82.94771,40.14108],[-82.94775,40.14107],[-82.94781,40.14104]]}},{"type":"Feature","properties":{"layer":"local","NAME":"Belpre Pl E","MTFCC":"S1400"},"geometry":{"type":"LineString","coordinates":[[-82.95807,40.12606],[-82.95777,40.12605],[-82.95764,40.12608],[-82.95755,40.12615],[-82.95752,40.12625],[-82.95749,40.12688],[-82.95744,40.12745]]}},{"type":"Feature","properties":{"layer":"local","NAME":"Cheyenne Dr","MTFCC":"S1400"},"geometry":{"type":"LineString","coordinates":[[-82.91914,40.11901],[-82.91953,40.11887],[-82.9199,40.11861],[-82.92012,40.11837],[-82.92017,40.1183],[-82.92027,40.11807],[-82.92032,40.1178],[-82.92036,40.11742],[-82.92045,40.11654],[-82.92047,40.11632],[-82.92051,40.11611],[-82.92065,40.11582],[-82.92084,40.11535],[-82.92087,40.11503]]}},{"type":"Feature","properties":{"layer":"local","NAME":"N Otterbein Ave","MTFCC":"S1400"},"geometry":{"type":"LineString","coordinates":[[-82.92187,40.12612],[-82.92184,40.12641],[-82.9218,40.12702],[-82.92178,40.12728],[-82.92171,40.1282],[-82.92162,40.12955],[-82.9216,40.12991],[-82.92157,40.13011],[-82.92148,40.13033],[-82.92138,40.13054],[-82.92128,40.13089],[-82.92125,40.131],[-82.92121,40.13148],[-82.9212,40.13166],[-82.92116,40.13228],[-82.92114,40.13282],[-82.9211,40.1329]]}},{"type":"Feature","properties":{"layer":"local","NAME":"Kim Ct E","MTFCC":"S1400"},"geometry":{"type":"LineString","coordinates":[[-82.89624,40.12366],[-82.89617,40.1243],[-82.89614,40.12465]]}},{"type":"Feature","properties":{"layer":"local","NAME":"Varick Ln","MTFCC":"S1400"},"geometry":{"type":"LineString","coordinates":[[-82.89363,40.1531],[-82.89365,40.15257],[-82.89365,40.15252],[-82.89365,40.15247],[-82.89363,40.15232],[-82.89362,40.15229],[-82.89361,40.15225],[-82.8936,40.15222],[-82.8936,40.15219],[-82.89364,40.15165]]}},{"type":"Feature","properties":{"layer":"local","NAME":"Little Rock Rd","MTFCC":"S1400"},"geometry":{"type":"LineString","coordinates":[[-82.90817,40.14198],[-82.90808,40.14313]]}},{"type":"Feature","properties":{"layer":"local","NAME":"University St","MTFCC":"S1400"},"geometry":{"type":"LineString","coordinates":[[-82.93686,40.12442],[-82.93685,40.12388],[-82.93684,40.12369],[-82.93684,40.1234],[-82.93683,40.12297],[-82.93682,40.12207],[-82.93681,40.12202]]}},{"type":"Feature","properties":{"layer":"local","NAME":"Patti Ct","MTFCC":"S1400"},"geometry":{"type":"LineString","coordinates":[[-82.9085,40.12112],[-82.90881,40.12092]]}},{"type":"Feature","properties":{"layer":"local","NAME":"Sentry Ln","MTFCC":"S1400"},"geometry":{"type":"LineString","coordinates":[[-82.90803,40.10041],[-82.90713,40.10051]]}},{"type":"Feature","properties":{"layer":"local","NAME":"Fortunegate Dr","MTFCC":"S1400"},"geometry":{"type":"LineString","coordinates":[[-82.90609,40.10194],[-82.90689,40.10205],[-82.90696,40.10204],[-82.90702,40.10201],[-82.90708,40.10197],[-82.90712,40.10191],[-82.90719,40.10118],[-82.9072,40.10112],[-82.90719,40.10098],[-82.90718,40.10084],[-82.90713,40.10051],[-82.90701,40.10008],[-82.90692,40.09984]]}},{"type":"Feature","properties":{"layer":"local","NAME":"Autumn Branch Rd","MTFCC":"S1400"},"geometry":{"type":"LineString","coordinates":[[-82.89672,40.10616],[-82.89675,40.10575],[-82.89673,40.1056],[-82.89663,40.10547],[-82.89646,40.10537],[-82.89624,40.10534],[-82.89595,40.10533],[-82.89547,40.10526],[-82.89541,40.10524],[-82.89495,40.10502],[-82.8944,40.10466],[-82.89415,40.10454],[-82.89396,40.10451],[-82.89377,40.10455]]}},{"type":"Feature","properties":{"layer":"local","NAME":"Heather Ln","MTFCC":"S1400"},"geometry":{"type":"LineString","coordinates":[[-82.95965,40.10404],[-82.95969,40.1041],[-82.95975,40.10438],[-82.95968,40.10529]]}},{"type":"Feature","properties":{"layer":"local","NAME":"Park Bend Dr","MTFCC":"S1400"},"geometry":{"type":"LineString","coordinates":[[-82.89633,40.15174],[-82.89618,40.15188],[-82.89613,40.15194],[-82.89609,40.15201],[-82.89606,40.1521],[-82.89597,40.15294]]}},{"type":"Feature","properties":{"layer":"local","NAME":"College Crest Rd","MTFCC":"S1400"},"geometry":{"type":"LineString","coordinates":[[-82.95231,40.12093],[-82.95268,40.12078],[-82.9528,40.12073],[-82.95305,40.1207],[-82.9533,40.12074],[-82.95351,40.12085],[-82.95366,40.121],[-82.95482,40.12257],[-82.95504,40.12289],[-82.95515,40.12301],[-82.95541,40.12318],[-82.95569,40.12324],[-82.95591,40.12325],[-82.95601,40.12325]]}},{"type":"Feature","properties":{"layer":"local","NAME":"Lyndale Dr","MTFCC":"S1400"},"geometry":{"type":"LineString","coordinates":[[-82.89198,40.12687],[-82.89335,40.12693],[-82.89416,40.12697],[-82.89449,40.12701],[-82.89475,40.12711],[-82.89484,40.12718],[-82.89493,40.12725],[-82.89503,40.12739],[-82.89506,40.12748],[-82.89509,40.12757],[-82.89514,40.12777],[-82.89523,40.12795],[-82.89532,40.12805],[-82.89547,40.12815],[-82.89559,40.12823],[-82.89582,40.12839],[-82.89593,40.12855],[-82.89597,40.12869],[-82.89598,40.12886],[-82.89597,40.12904],[-82.89593,40.12952]]}},{"type":"Feature","properties":{"layer":"local","NAME":"Thirlwall Ct","MTFCC":"S1400"},"geometry":{"type":"LineString","coordinates":[[-82.90354,40.11765],[-82.90323,40.1177],[-82.90303,40.11771],[-82.90224,40.11767],[-82.9019,40.11767]]}},{"type":"Feature","properties":{"layer":"local","NAME":"Highbridge Pl","MTFCC":"S1400"},"geometry":{"type":"LineString","coordinates":[[-82.90587,40.15221],[-82.90596,40.15111]]}},{"type":"Feature","properties":{"layer":"local","NAME":"W Winmar Pl","MTFCC":"S1400"},"geometry":{"type":"LineString","coordinates":[[-82.95813,40.12274],[-82.95817,40.12279],[-82.95818,40.12286],[-82.9581,40.1242]]}},{"type":"Feature","properties":{"layer":"local","NAME":"E Ticonderoga Dr","MTFCC":"S1400"},"geometry":{"type":"LineString","coordinates":[[-82.94906,40.12318],[-82.94914,40.12202]]}},{"type":"Feature","properties":{"layer":"local","NAME":"Polaris Woods Blvd","MTFCC":"S1740"},"geometry":{"type":"LineString","coordinates":[[-82.92203,40.14979],[-82.92266,40.14995],[-82.92282,40.14997],[-82.92298,40.14998],[-82.92306,40.14998],[-82.92331,40.14993],[-82.92345,40.14992],[-82.92354,40.14993],[-82.92379,40.14995]]}},{"type":"Feature","properties":{"layer":"local","NAME":"W Walnut St","MTFCC":"S1400"},"geometry":{"type":"LineString","coordinates":[[-82.93004,40.12166],[-82.93066,40.12169],[-82.93182,40.12176],[-82.93262,40.12182],[-82.93287,40.12183],[-82.93362,40.12188],[-82.93393,40.12189],[-82.93414,40.12191],[-82.93561,40.122],[-82.93585,40.122],[-82.93638,40.122],[-82.93676,40.122],[-82.93679,40.12201],[-82.93681,40.12202]]}},{"type":"Feature","properties":{"layer":"local","NAME":"Berkeley Pl S","MTFCC":"S1400"},"geometry":{"type":"LineString","coordinates":[[-82.95129,40.12351],[-82.9513,40.12333],[-82.95131,40.12324],[-82.95134,40.12318],[-82.95139,40.12313],[-82.95147,40.1231],[-82.95155,40.12309],[-82.95252,40.12312],[-82.95281,40.12311],[-82.95315,40.12303],[-82.95356,40.12286],[-82.95369,40.12281]]}},{"type":"Feature","properties":{"layer":"local","NAME":"Sassafras Way","MTFCC":"S1400"},"geometry":{"type":"LineString","coordinates":[[-82.91637,40.13048],[-82.91641,40.13054],[-82.91641,40.1306],[-82.9164,40.13081],[-82.91637,40.13146],[-82.91636,40.13152],[-82.91632,40.13159]]}},{"type":"Feature","properties":{"layer":"local","NAME":"Treeview Ct","MTFCC":"S1400"},"geometry":{"type":"LineString","coordinates":[[-82.94418,40.10541],[-82.94446,40.1058]]}},{"type":"Feature","properties":{"layer":"local","NAME":"Daniel Dr","MTFCC":"S1400"},"geometry":{"type":"LineString","coordinates":[[-82.90855,40.12291],[-82.90862,40.1228],[-82.90865,40.12239],[-82.9087,40.12193],[-82.90873,40.12154],[-82.90867,40.12131],[-82.9085,40.12112]]}},{"type":"Feature","properties":{"layer":"local","NAME":"Gosfield Gate Ct","MTFCC":"S1400"},"geometry":{"type":"LineString","coordinates":[[-82.9099,40.10037],[-82.91005,40.10017],[-82.91027,40.1],[-82.91043,40.09992],[-82.91062,40.09985]]}},{"type":"Feature","properties":{"layer":"local","NAME":"Linda Ct","MTFCC":"S1400"},"geometry":{"type":"LineString","coordinates":[[-82.92945,40.11389],[-82.92963,40.1139],[-82.92989,40.11389],[-82.93015,40.11381],[-82.93039,40.11376],[-82.93051,40.11376],[-82.93074,40.11378],[-82.93075,40.11384],[-82.93073,40.11398],[-82.93052,40.11397],[-82.93053,40.11382]]}},{"type":"Feature","properties":{"layer":"local","NAME":"Cochran Aly","MTFCC":"S1730"},"geometry":{"type":"LineString","coordinates":[[-82.93289,40.12718],[-82.93345,40.1271],[-82.93458,40.12697],[-82.93502,40.12692],[-82.93512,40.12691],[-82.93587,40.12682],[-82.93751,40.12662],[-82.93828,40.12652],[-82.9384,40.12651],[-82.93912,40.1264]]}},{"type":"Feature","properties":{"layer":"local","NAME":"Sweetbriar Ln","MTFCC":"S1400"},"geometry":{"type":"LineString","coordinates":[[-82.93272,40.11974],[-82.93276,40.11969],[-82.93281,40.11964],[-82.93288,40.11961],[-82.93409,40.11966]]}},{"type":"Feature","properties":{"layer":"local","NAME":"Ruckmoor Dr","MTFCC":"S1400"},"geometry":{"type":"LineString","coordinates":[[-82.93144,40.14579],[-82.93144,40.14575],[-82.93142,40.14572],[-82.93141,40.14569],[-82.93139,40.14567],[-82.93127,40.1456],[-82.93112,40.14555],[-82.93104,40.14553],[-82.93086,40.14551],[-82.9307,40.14549],[-82.93011,40.14547],[-82.92939,40.14544],[-82.92894,40.14543],[-82.92875,40.14541],[-82.92861,40.14541],[-82.92842,40.1454],[-82.92803,40.14539],[-82.92782,40.14538],[-82.92764,40.14538],[-82.9272,40.1454],[-82.92708,40.14541],[-82.92672,40.14539],[-82.92665,40.14539],[-82.92655,40.14538],[-82.92646,40.14536],[-82.92638,40.14533],[-82.92632,40.1453],[-82.92626,40.14527],[-82.92621,40.14522],[-82.92612,40.14514],[-82.92603,40.14505],[-82.926,40.14502],[-82.92595,40.14498],[-82.92585,40.14493],[-82.9258,40.14492],[-82.9257,40.1449],[-82.92563,40.14489],[-82.92546,40.14488],[-82.92538,40.14487],[-82.9253,40.14485],[-82.9252,40.14485]]}},{"type":"Feature","properties":{"layer":"local","NAME":"Indian Ct","MTFCC":"S1400"},"geometry":{"type":"LineString","coordinates":[[-82.94223,40.15033],[-82.94196,40.15034],[-82.94177,40.15037],[-82.9416,40.1504],[-82.94151,40.15042],[-82.94133,40.15049],[-82.94124,40.15054],[-82.94087,40.15076]]}},{"type":"Feature","properties":{"layer":"local","NAME":"Wild Rose Ln","MTFCC":"S1400"},"geometry":{"type":"LineString","coordinates":[[-82.89513,40.15323],[-82.89515,40.1532],[-82.89515,40.15319],[-82.89516,40.15317],[-82.89518,40.15314],[-82.89519,40.15312],[-82.8952,40.15309],[-82.8952,40.15307],[-82.89521,40.15304],[-82.89522,40.15302],[-82.89522,40.15301],[-82.89523,40.15299],[-82.89523,40.15297],[-82.89524,40.15295],[-82.89524,40.15293],[-82.89524,40.1529],[-82.89525,40.15278],[-82.89526,40.15271],[-82.89527,40.15261],[-82.89528,40.15245],[-82.89529,40.1524],[-82.89535,40.15175],[-82.89536,40.15164]]}},{"type":"Feature","properties":{"layer":"local","NAME":"Central Ave","MTFCC":"S1400"},"geometry":{"type":"LineString","coordinates":[[-82.92816,40.1166],[-82.92905,40.11664],[-82.93105,40.11676],[-82.93224,40.11683],[-82.93242,40.11683],[-82.93269,40.11687],[-82.93293,40.11694],[-82.93329,40.11701],[-82.93425,40.11703],[-82.93596,40.11713]]}},{"type":"Feature","properties":{"layer":"local","NAME":"Ceramic Pl","MTFCC":"S1400"},"geometry":{"type":"LineString","coordinates":[[-82.94419,40.11072],[-82.9443,40.10993],[-82.94437,40.1091]]}},{"type":"Feature","properties":{"layer":"local","NAME":"Wren Ave","MTFCC":"S1400"},"geometry":{"type":"LineString","coordinates":[[-82.9113,40.12985],[-82.91021,40.12981]]}},{"type":"Feature","properties":{"layer":"local","NAME":"Sherbrook Dr","MTFCC":"S1400"},"geometry":{"type":"LineString","coordinates":[[-82.90171,40.15128],[-82.90168,40.15132],[-82.90163,40.15133],[-82.90106,40.15131]]}},{"type":"Feature","properties":{"layer":"local","NAME":"McCorkle Blvd","MTFCC":"S1400"},"geometry":{"type":"LineString","coordinates":[[-82.9237,40.13301],[-82.92365,40.13381],[-82.92364,40.13387],[-82.9236,40.13398],[-82.92355,40.13408],[-82.92348,40.13417],[-82.92343,40.13423],[-82.92333,40.13432],[-82.92319,40.13442],[-82.92271,40.13469],[-82.92254,40.13479],[-82.92238,40.13488],[-82.92214,40.13503],[-82.92197,40.13516],[-82.92181,40.1353],[-82.92169,40.13542],[-82.92158,40.13556],[-82.92146,40.13574],[-82.92142,40.13582],[-82.92133,40.13601],[-82.92131,40.13608],[-82.92127,40.13619],[-82.92125,40.13628],[-82.92123,40.13638],[-82.9212,40.13679],[-82.9212,40.13689],[-82.9212,40.13699],[-82.92123,40.13714],[-82.92128,40.13732],[-82.92129,40.13734],[-82.9213,40.13736],[-82.9213,40.13738],[-82.92134,40.13753],[-82.92134,40.1376],[-82.92134,40.13767],[-82.92131,40.13803],[-82.92131,40.13816],[-82.92129,40.1384],[-82.92125,40.13869],[-82.92123,40.1388],[-82.92116,40.13901],[-82.92112,40.13912],[-82.92101,40.13936],[-82.92066,40.14017],[-82.9205,40.14052],[-82.92031,40.14097],[-82.9202,40.14125],[-82.92016,40.14143],[-82.92014,40.1416],[-82.9201,40.14197],[-82.92008,40.14224],[-82.92006,40.14254],[-82.92002,40.14317],[-82.92,40.14337],[-82.91994,40.14416],[-82.91977,40.14653]]}},{"type":"Feature","properties":{"layer":"local","NAME":"Legacy Dr","MTFCC":"S1400"},"geometry":{"type":"LineString","coordinates":[[-82.91501,40.13966],[-82.91506,40.13898],[-82.91505,40.13886],[-82.91501,40.13873],[-82.91497,40.13863],[-82.91492,40.13854],[-82.91482,40.13841],[-82.91478,40.13837],[-82.91469,40.1383],[-82.91459,40.13823],[-82.91448,40.13817],[-82.91436,40.13812],[-82.91421,40.13808],[-82.91401,40.13803],[-82.91357,40.13801],[-82.91329,40.13801],[-82.91297,40.138],[-82.9125,40.13797],[-82.91196,40.13796],[-82.91116,40.13792],[-82.91106,40.13792],[-82.91099,40.13794],[-82.91075,40.13801]]}},{"type":"Feature","properties":{"layer":"local","NAME":"Pointe Pl","MTFCC":"S1400"},"geometry":{"type":"LineString","coordinates":[[-82.92335,40.13418],[-82.92325,40.13413],[-82.92319,40.1341],[-82.92309,40.13402],[-82.923,40.13394],[-82.92282,40.13373],[-82.92281,40.13371],[-82.92276,40.13367],[-82.9226,40.13355],[-82.92249,40.13348],[-82.92248,40.13347],[-82.92244,40.13345],[-82.92228,40.13339],[-82.92215,40.13335],[-82.92206,40.13333]]}},{"type":"Feature","properties":{"layer":"local","NAME":"Maxtown Rd","MTFCC":"S1400"},"geometry":{"type":"LineString","coordinates":[[-82.92388,40.1469],[-82.92382,40.14688],[-82.92367,40.14682],[-82.92289,40.14668],[-82.92276,40.14666],[-82.92269,40.14666],[-82.92231,40.14664],[-82.92182,40.14662],[-82.9215,40.14661],[-82.91977,40.14653],[-82.91804,40.14646],[-82.91608,40.14637],[-82.91564,40.14635],[-82.91534,40.14634],[-82.91494,40.14632],[-82.91414,40.14629],[-82.91361,40.14627],[-82.91315,40.14625],[-82.91277,40.14623],[-82.91272,40.14623],[-82.91226,40.14621],[-82.91196,40.1462],[-82.9111,40.14616],[-82.90835,40.14603],[-82.90779,40.14601],[-82.90733,40.14599],[-82.90664,40.14596],[-82.90392,40.14585],[-82.90355,40.14584],[-82.90297,40.14581],[-82.90208,40.14577],[-82.90179,40.14576],[-82.90156,40.14575],[-82.90153,40.14574],[-82.90145,40.14574],[-82.90132,40.14573],[-82.89967,40.14567],[-82.89886,40.14564],[-82.89867,40.14563],[-82.89796,40.1456],[-82.89749,40.14558],[-82.89741,40.14558],[-82.89724,40.14557],[-82.89718,40.14557],[-82.89709,40.14556],[-82.89393,40.14543],[-82.8933,40.14541],[-82.89218,40.14536],[-82.89151,40.14533],[-82.89047,40.14529],[-82.88989,40.14527],[-82.8893,40.14525],[-82.88921,40.14524],[-82.88854,40.14522],[-82.88805,40.1452],[-82.88693,40.14515],[-82.88404,40.14503],[-82.88284,40.145]]}},{"type":"Feature","properties":{"layer":"local","NAME":"Potomac Ct","MTFCC":"S1400"},"geometry":{"type":"LineString","coordinates":[[-82.9129,40.13555],[-82.91285,40.13549],[-82.91278,40.13538],[-82.91275,40.13529],[-82.91274,40.13521],[-82.91274,40.1351],[-82.91278,40.13435]]}},{"type":"Feature","properties":{"layer":"local","NAME":"Corbin Ct","MTFCC":"S1400"},"geometry":{"type":"LineString","coordinates":[[-82.89858,40.12635],[-82.89828,40.12644],[-82.89795,40.12653],[-82.89771,40.12655],[-82.89753,40.12655]]}},{"type":"Feature","properties":{"layer":"local","NAME":"Forest Rise Dr","MTFCC":"S1400"},"geometry":{"type":"LineString","coordinates":[[-82.89447,40.10764],[-82.89431,40.1077],[-82.89395,40.10773],[-82.89285,40.10768],[-82.89262,40.10765],[-82.89241,40.10757],[-82.89222,40.10746],[-82.89191,40.10737],[-82.89153,40.10736],[-82.8913,40.10739],[-82.89102,40.10751]]}},{"type":"Feature","properties":{"layer":"local","NAME":"W Broadway Ave","MTFCC":"S1400"},"geometry":{"type":"LineString","coordinates":[[-82.9328,40.13009],[-82.93363,40.13012],[-82.93395,40.13013],[-82.93541,40.13019]]}},{"type":"Feature","properties":{"layer":"local","NAME":"Acorn Ct","MTFCC":"S1400"},"geometry":{"type":"LineString","coordinates":[[-82.90949,40.13311],[-82.90884,40.13307]]}},{"type":"Feature","properties":{"layer":"local","NAME":null,"MTFCC":"S1630"},"geometry":{"type":"LineString","coordinates":[[-82.92421,40.10022],[-82.92398,40.10019],[-82.92285,40.09998],[-82.92195,40.09982],[-82.92088,40.09963],[-82.92029,40.09957],[-82.91986,40.09953]]}},{"type":"Feature","properties":{"layer":"local","NAME":"Mattox Aly","MTFCC":"S1730"},"geometry":{"type":"LineString","coordinates":[[-82.93774,40.12772],[-82.9385,40.12762],[-82.93866,40.1276],[-82.93937,40.12751]]}},{"type":"Feature","properties":{"layer":"local","NAME":"County Line Rd W","MTFCC":"S1400"},"geometry":{"type":"LineString","coordinates":[[-82.96599,40.1388],[-82.96564,40.13859],[-82.96555,40.13855],[-82.96537,40.13849],[-82.96517,40.13846],[-82.96475,40.13844],[-82.96355,40.1384],[-82.96311,40.13838],[-82.96299,40.13838],[-82.9621,40.13834],[-82.9588,40.1382],[-82.95872,40.1382],[-82.95816,40.13817],[-82.95736,40.13814],[-82.9571,40.13813],[-82.9556,40.13806],[-82.9553,40.13805],[-82.9541,40.138],[-82.95388,40.13799],[-82.95356,40.13797],[-82.95351,40.13796],[-82.953,40.13791],[-82.95275,40.13788],[-82.95234,40.13784],[-82.95229,40.13782],[-82.95217,40.13781],[-82.95169,40.13774],[-82.95123,40.13765],[-82.95073,40.13754],[-82.95028,40.13744],[-82.95004,40.13739],[-82.94957,40.13731],[-82.9491,40.13725],[-82.94887,40.13722],[-82.94729,40.13711],[-82.94674,40.13708],[-82.94462,40.13699],[-82.94292,40.13691],[-82.94245,40.13687],[-82.94174,40.13681],[-82.94117,40.13675],[-82.94053,40.1367],[-82.93976,40.13668],[-82.9356,40.13651],[-82.935,40.1365],[-82.93486,40.1365],[-82.93482,40.1365],[-82.9347,40.1365],[-82.9345,40.13652],[-82.93425,40.13653],[-82.93402,40.13654],[-82.9338,40.13656],[-82.93375,40.13657],[-82.9336,40.13659],[-82.93329,40.13662],[-82.93322,40.13662],[-82.93294,40.13662],[-82.93272,40.13661],[-82.9325,40.13659]]}},{"type":"Feature","properties":{"layer":"local","NAME":"Marjorie Ct","MTFCC":"S1400"},"geometry":{"type":"LineString","coordinates":[[-82.90672,40.12711],[-82.90668,40.12774]]}},{"type":"Feature","properties":{"layer":"local","NAME":"Hiawatha Ave","MTFCC":"S1400"},"geometry":{"type":"LineString","coordinates":[[-82.92855,40.11765],[-82.92905,40.11768],[-82.93037,40.11775],[-82.93097,40.11777],[-82.93207,40.11783],[-82.93286,40.11786],[-82.93417,40.11793],[-82.93658,40.11806]]}},{"type":"Feature","properties":{"layer":"local","NAME":"Fawn Ct","MTFCC":"S1400"},"geometry":{"type":"LineString","coordinates":[[-82.8933,40.12854],[-82.89326,40.12889],[-82.89321,40.1292],[-82.89318,40.12932]]}},{"type":"Feature","properties":{"layer":"local","NAME":"Kennebec Pl E","MTFCC":"S1400"},"geometry":{"type":"LineString","coordinates":[[-82.95272,40.12584],[-82.95239,40.12583],[-82.95231,40.12585],[-82.95224,40.12589],[-82.9522,40.12594],[-82.95218,40.12603],[-82.95214,40.12646],[-82.95213,40.1267],[-82.95211,40.12691],[-82.95209,40.12724]]}},{"type":"Feature","properties":{"layer":"local","NAME":"Garrett Ct","MTFCC":"S1400"},"geometry":{"type":"LineString","coordinates":[[-82.92951,40.14636],[-82.92955,40.14634],[-82.92971,40.1462],[-82.92985,40.14607],[-82.92992,40.14599],[-82.92998,40.14592],[-82.93002,40.14587],[-82.93007,40.1458],[-82.9301,40.14571],[-82.93011,40.14564],[-82.93011,40.14547]]}},{"type":"Feature","properties":{"layer":"local","NAME":"Charring Cross Dr S","MTFCC":"S1400"},"geometry":{"type":"LineString","coordinates":[[-82.92976,40.1122],[-82.92983,40.11218],[-82.93012,40.1122],[-82.9305,40.11226],[-82.93068,40.11227],[-82.93157,40.11228],[-82.93176,40.11224],[-82.93194,40.11221],[-82.9324,40.11223]]}},{"type":"Feature","properties":{"layer":"local","NAME":"Cornhill Ct","MTFCC":"S1400"},"geometry":{"type":"LineString","coordinates":[[-82.89726,40.11428],[-82.89759,40.11437],[-82.89803,40.11439],[-82.89818,40.11445],[-82.89823,40.11451],[-82.89824,40.11458],[-82.89821,40.11503],[-82.89821,40.11523]]}},{"type":"Feature","properties":{"layer":"local","NAME":"Olde English Dr","MTFCC":"S1400"},"geometry":{"type":"LineString","coordinates":[[-82.9161,40.1371],[-82.91616,40.13705],[-82.91625,40.13695],[-82.91631,40.13684],[-82.91632,40.1367],[-82.91634,40.13644],[-82.91638,40.13602],[-82.91637,40.13588],[-82.91635,40.13581],[-82.91628,40.1357],[-82.91612,40.1355]]}},{"type":"Feature","properties":{"layer":"local","NAME":"Mary Ave","MTFCC":"S1400"},"geometry":{"type":"LineString","coordinates":[[-82.91508,40.12415],[-82.91555,40.12417],[-82.91667,40.12422],[-82.91779,40.12426],[-82.91825,40.12429],[-82.92016,40.12435],[-82.92093,40.12438],[-82.92161,40.1244]]}},{"type":"Feature","properties":{"layer":"local","NAME":"Munich Pl","MTFCC":"S1400"},"geometry":{"type":"LineString","coordinates":[[-82.90636,40.1062],[-82.90618,40.1061],[-82.90552,40.10594]]}},{"type":"Feature","properties":{"layer":"local","NAME":"Hickory Ln","MTFCC":"S1400"},"geometry":{"type":"LineString","coordinates":[[-82.91039,40.10946],[-82.91038,40.10943],[-82.9103,40.1094],[-82.91022,40.10938],[-82.90934,40.10932]]}},{"type":"Feature","properties":{"layer":"local","NAME":"W Main St","MTFCC":"S1400"},"geometry":{"type":"LineString","coordinates":[[-82.93189,40.12667],[-82.93257,40.12658],[-82.93276,40.12656],[-82.93278,40.12656],[-82.93332,40.12649],[-82.93445,40.12635],[-82.935,40.12628],[-82.93573,40.12619],[-82.93737,40.12599],[-82.93804,40.12591],[-82.93816,40.1259],[-82.93825,40.12589],[-82.93899,40.1258],[-82.93971,40.12571],[-82.9403,40.12563],[-82.94136,40.12551],[-82.94185,40.12544],[-82.94214,40.1254],[-82.94242,40.12537],[-82.94259,40.12535],[-82.94425,40.12514],[-82.94494,40.12505],[-82.94626,40.12492],[-82.94652,40.12489],[-82.947,40.12485],[-82.94748,40.1248],[-82.94789,40.12475],[-82.94817,40.12475],[-82.94844,40.12475],[-82.9488,40.12477],[-82.94986,40.12479],[-82.95014,40.1248],[-82.95056,40.12482],[-82.95118,40.12485],[-82.95439,40.12497],[-82.9559,40.12503],[-82.95773,40.12511],[-82.96017,40.12521],[-82.96276,40.12531],[-82.96314,40.12533],[-82.96486,40.1254],[-82.96547,40.12542],[-82.96642,40.12546],[-82.96726,40.12549],[-82.9681,40.12553],[-82.96896,40.12556],[-82.9695,40.12557],[-82.97115,40.12559],[-82.97127,40.12559],[-82.97157,40.12559],[-82.972,40.12559]]}},{"type":"Feature","properties":{"layer":"local","NAME":"Royal Ct","MTFCC":"S1400"},"geometry":{"type":"LineString","coordinates":[[-82.93116,40.11903],[-82.93129,40.11873]]}},{"type":"Feature","properties":{"layer":"local","NAME":"Braxton Pl E","MTFCC":"S1400"},"geometry":{"type":"LineString","coordinates":[[-82.91843,40.11185],[-82.91857,40.11049],[-82.91866,40.11036],[-82.91869,40.11035]]}},{"type":"Feature","properties":{"layer":"local","NAME":"Mill Wind Ct S","MTFCC":"S1400"},"geometry":{"type":"LineString","coordinates":[[-82.90458,40.13503],[-82.90464,40.13413],[-82.90472,40.13308]]}},{"type":"Feature","properties":{"layer":"local","NAME":"Tradewind Dr","MTFCC":"S1400"},"geometry":{"type":"LineString","coordinates":[[-82.91301,40.09942],[-82.91274,40.0996],[-82.91233,40.09989],[-82.91151,40.10037],[-82.91115,40.10054],[-82.91107,40.10058],[-82.91057,40.1008],[-82.9101,40.1011],[-82.90981,40.10137],[-82.90958,40.1017],[-82.90951,40.10184],[-82.90946,40.10199],[-82.90941,40.10217],[-82.90937,40.10261],[-82.90937,40.10269],[-82.90932,40.10322]]}},{"type":"Feature","properties":{"layer":"local","NAME":"Landings Loop N","MTFCC":"S1400"},"geometry":{"type":"LineString","coordinates":[[-82.89443,40.13882],[-82.89438,40.13884],[-82.8943,40.13886],[-82.89426,40.13886],[-82.89331,40.1388],[-82.89306,40.13878],[-82.89288,40.13878],[-82.89271,40.13876],[-82.89261,40.13876]]}},{"type":"Feature","properties":{"layer":"local","NAME":"Landings Loop E","MTFCC":"S1400"},"geometry":{"type":"LineString","coordinates":[[-82.89306,40.13878],[-82.89314,40.13786],[-82.89321,40.13714],[-82.89321,40.13711],[-82.89323,40.13709],[-82.89326,40.13705]]}},{"type":"Feature","properties":{"layer":"local","NAME":"Granite Dr","MTFCC":"S1400"},"geometry":{"type":"LineString","coordinates":[[-82.90902,40.14317],[-82.90909,40.14202]]}},{"type":"Feature","properties":{"layer":"local","NAME":"Andrew Ave","MTFCC":"S1400"},"geometry":{"type":"LineString","coordinates":[[-82.91026,40.12867],[-82.90917,40.12863],[-82.90913,40.12862],[-82.90572,40.12849],[-82.90558,40.12851],[-82.90546,40.12858]]}},{"type":"Feature","properties":{"layer":"local","NAME":"Andrew St","MTFCC":"S1400"},"geometry":{"type":"LineString","coordinates":[[-82.90546,40.12858],[-82.9054,40.12866],[-82.90538,40.12875],[-82.90536,40.12937]]}},{"type":"Feature","properties":{"layer":"local","NAME":"Susan Ave","MTFCC":"S1400"},"geometry":{"type":"LineString","coordinates":[[-82.91475,40.12905],[-82.91537,40.12907],[-82.91559,40.12908],[-82.91591,40.12909],[-82.91699,40.12912]]}},{"type":"Feature","properties":{"layer":"local","NAME":"Gerwig Ct","MTFCC":"S1400"},"geometry":{"type":"LineString","coordinates":[[-82.92803,40.14539],[-82.92802,40.14546],[-82.92803,40.14556],[-82.92803,40.14571],[-82.92799,40.14596],[-82.92797,40.14603],[-82.92793,40.14614],[-82.92789,40.14621],[-82.92782,40.14631]]}},{"type":"Feature","properties":{"layer":"local","NAME":"White Chapel Ct","MTFCC":"S1400"},"geometry":{"type":"LineString","coordinates":[[-82.95308,40.10922],[-82.95297,40.10923],[-82.95305,40.10954],[-82.9532,40.10952]]}},{"type":"Feature","properties":{"layer":"local","NAME":"Hilmar Ct","MTFCC":"S1400"},"geometry":{"type":"LineString","coordinates":[[-82.91156,40.14848],[-82.91073,40.14836],[-82.91066,40.14835]]}},{"type":"Feature","properties":{"layer":"local","NAME":"Park Meadow Rd","MTFCC":"S1400"},"geometry":{"type":"LineString","coordinates":[[-82.93698,40.10584],[-82.93707,40.10599],[-82.93708,40.10616],[-82.93703,40.10637],[-82.93635,40.10915],[-82.93623,40.10953],[-82.93605,40.11023],[-82.93597,40.11064],[-82.93574,40.11146],[-82.93557,40.11216],[-82.93556,40.11219],[-82.93555,40.11231],[-82.93554,40.11274],[-82.93554,40.11324],[-82.93554,40.11369],[-82.93553,40.11385],[-82.93551,40.11396],[-82.93551,40.11401],[-82.93549,40.11411],[-82.93547,40.11415],[-82.93545,40.11424],[-82.93543,40.11432],[-82.93541,40.11441],[-82.93538,40.11449],[-82.93535,40.11458],[-82.93534,40.11461],[-82.93532,40.11468],[-82.93529,40.11474],[-82.93526,40.11481],[-82.93522,40.11488],[-82.93491,40.11537],[-82.93491,40.11545],[-82.93495,40.1155],[-82.93502,40.11553],[-82.93519,40.11554],[-82.93515,40.11573],[-82.93502,40.11581],[-82.93483,40.11587],[-82.93451,40.11601],[-82.93432,40.11614],[-82.93429,40.11616]]}},{"type":"Feature","properties":{"layer":"local","NAME":"Holmes Aly","MTFCC":"S1730"},"geometry":{"type":"LineString","coordinates":[[-82.93357,40.13122],[-82.93276,40.13122]]}},{"type":"Feature","properties":{"layer":"local","NAME":"Garden View Dr","MTFCC":"S1400"},"geometry":{"type":"LineString","coordinates":[[-82.90304,40.14869],[-82.90304,40.14879],[-82.90302,40.14898],[-82.90292,40.14997],[-82.90291,40.15023]]}},{"type":"Feature","properties":{"layer":"local","NAME":"Elmwood Pl","MTFCC":"S1400"},"geometry":{"type":"LineString","coordinates":[[-82.93549,40.12298],[-82.93617,40.12297],[-82.93683,40.12297]]}},{"type":"Feature","properties":{"layer":"local","NAME":"N Spring Rd","MTFCC":"S1400"},"geometry":{"type":"LineString","coordinates":[[-82.90335,40.12531],[-82.90323,40.12696],[-82.90323,40.12708],[-82.90315,40.12818],[-82.90313,40.12843],[-82.90306,40.12931],[-82.90294,40.13098],[-82.90284,40.13215]]}},{"type":"Feature","properties":{"layer":"local","NAME":"Sioux Dr","MTFCC":"S1400"},"geometry":{"type":"LineString","coordinates":[[-82.91323,40.11884],[-82.91324,40.1187],[-82.91314,40.11849],[-82.91295,40.1183],[-82.91256,40.11804],[-82.9124,40.11797],[-82.91212,40.11789],[-82.91186,40.11781],[-82.91147,40.11751],[-82.91136,40.1173],[-82.91132,40.11703],[-82.91134,40.11688]]}},{"type":"Feature","properties":{"layer":"local","NAME":"Kepler Xing","MTFCC":"S1400"},"geometry":{"type":"LineString","coordinates":[[-82.94465,40.14349],[-82.94459,40.14394],[-82.94449,40.14559],[-82.94448,40.14578]]}},{"type":"Feature","properties":{"layer":"local","NAME":"Olgelbay Dr","MTFCC":"S1400"},"geometry":{"type":"LineString","coordinates":[[-82.95951,40.13748],[-82.95968,40.13505]]}},{"type":"Feature","properties":{"layer":"local","NAME":"Cherry St","MTFCC":"S1400"},"geometry":{"type":"LineString","coordinates":[[-82.93188,40.12125],[-82.9325,40.1213],[-82.9338,40.12139],[-82.93397,40.1214]]}},{"type":"Feature","properties":{"layer":"local","NAME":null,"MTFCC":"S1630"},"geometry":{"type":"LineString","coordinates":[[-82.92507,40.10039],[-82.92433,40.10024],[-82.92421,40.10022]]}},{"type":"Feature","properties":{"layer":"local","NAME":null,"MTFCC":"S1630"},"geometry":{"type":"LineString","coordinates":[[-82.93211,40.10192],[-82.93087,40.1016],[-82.92998,40.10138],[-82.92975,40.10133],[-82.9283,40.10104],[-82.92795,40.10097],[-82.92785,40.10095],[-82.92672,40.10073],[-82.9258,40.10054],[-82.92547,40.10047]]}},{"type":"Feature","properties":{"layer":"local","NAME":"Hanawalt Rd","MTFCC":"S1400"},"geometry":{"type":"LineString","coordinates":[[-82.9479,40.12878],[-82.94799,40.1287],[-82.94813,40.12867],[-82.94827,40.1287],[-82.94837,40.12878],[-82.9484,40.12888],[-82.94852,40.12935],[-82.94873,40.12968],[-82.94878,40.12976],[-82.94884,40.12986],[-82.94889,40.12994],[-82.94901,40.13013],[-82.9491,40.13025],[-82.94927,40.13045],[-82.94951,40.13073],[-82.94958,40.13083],[-82.94969,40.13097],[-82.94998,40.13141],[-82.95021,40.13186],[-82.9503,40.13212],[-82.95056,40.13281],[-82.95059,40.1329],[-82.95076,40.13338],[-82.95091,40.13375],[-82.95093,40.1338],[-82.95095,40.13385],[-82.95109,40.13411]]}},{"type":"Feature","properties":{"layer":"local","NAME":"Spring Valley Rd","MTFCC":"S1400"},"geometry":{"type":"LineString","coordinates":[[-82.89531,40.12279],[-82.89532,40.12252],[-82.89541,40.12232],[-82.89551,40.12219],[-82.89565,40.12203],[-82.89573,40.12191],[-82.89588,40.12154],[-82.89592,40.12135],[-82.89597,40.12074],[-82.89599,40.12038]]}},{"type":"Feature","properties":{"layer":"local","NAME":"Glenview Ct","MTFCC":"S1400"},"geometry":{"type":"LineString","coordinates":[[-82.89789,40.11269],[-82.89798,40.11229],[-82.89813,40.11202]]}},{"type":"Feature","properties":{"layer":"local","NAME":"Nobleshire Rd","MTFCC":"S1400"},"geometry":{"type":"LineString","coordinates":[[-82.96083,40.10349],[-82.96076,40.10355],[-82.96048,40.10373],[-82.95965,40.10404],[-82.95889,40.10432],[-82.95875,40.10442]]}},{"type":"Feature","properties":{"layer":"local","NAME":"Seminole Ave","MTFCC":"S1400"},"geometry":{"type":"LineString","coordinates":[[-82.91625,40.11463],[-82.91607,40.11464],[-82.91559,40.11465],[-82.91435,40.11457],[-82.914,40.11461],[-82.91375,40.11473]]}},{"type":"Feature","properties":{"layer":"local","NAME":"Susan Ave","MTFCC":"S1400"},"geometry":{"type":"LineString","coordinates":[[-82.91364,40.12901],[-82.9131,40.12899],[-82.91253,40.12897],[-82.91137,40.12892]]}},{"type":"Feature","properties":{"layer":"local","NAME":"Debbie Dr","MTFCC":"S1400"},"geometry":{"type":"LineString","coordinates":[[-82.90777,40.12295],[-82.9076,40.12292],[-82.90751,40.12285],[-82.90747,40.12271],[-82.9074,40.12217],[-82.90734,40.12183],[-82.90743,40.12087]]}},{"type":"Feature","properties":{"layer":"local","NAME":"Old Coach Rd","MTFCC":"S1400"},"geometry":{"type":"LineString","coordinates":[[-82.94854,40.11973],[-82.9493,40.11975],[-82.95036,40.11979],[-82.95065,40.11981],[-82.95088,40.11987],[-82.95118,40.11995],[-82.9514,40.12004],[-82.95149,40.12009],[-82.95158,40.12015],[-82.95169,40.12022],[-82.95192,40.12044],[-82.95202,40.12055],[-82.95231,40.12093],[-82.95313,40.12204],[-82.9536,40.12268],[-82.95369,40.12281],[-82.95413,40.12339],[-82.95426,40.12352],[-82.95435,40.12361],[-82.95466,40.12382],[-82.9551,40.124],[-82.95559,40.1241],[-82.95581,40.12411],[-82.95595,40.12412],[-82.95702,40.12416],[-82.95772,40.12418],[-82.9581,40.1242],[-82.95916,40.12424],[-82.96024,40.12429]]}},{"type":"Feature","properties":{"layer":"local","NAME":"N Spring Rd","MTFCC":"S1400"},"geometry":{"type":"LineString","coordinates":[[-82.90156,40.14575],[-82.90157,40.14558],[-82.90161,40.14515],[-82.90165,40.14478],[-82.90169,40.14429],[-82.90179,40.14339],[-82.90182,40.143],[-82.9019,40.1423],[-82.90196,40.14159],[-82.90202,40.14097],[-82.90204,40.14086],[-82.90205,40.14064],[-82.90213,40.13984],[-82.90219,40.13917],[-82.90223,40.13869],[-82.90227,40.13834],[-82.90238,40.13714],[-82.90246,40.13611],[-82.90254,40.1353],[-82.90266,40.134],[-82.90276,40.13314],[-82.90283,40.13231],[-82.90284,40.13215]]}},{"type":"Feature","properties":{"layer":"local","NAME":"E Home St","MTFCC":"S1400"},"geometry":{"type":"LineString","coordinates":[[-82.93218,40.12746],[-82.93114,40.12755],[-82.93064,40.12755],[-82.93027,40.12754],[-82.92914,40.12751],[-82.92858,40.12749],[-82.92736,40.12746]]}},{"type":"Feature","properties":{"layer":"local","NAME":"Kenilworth Ln","MTFCC":"S1400"},"geometry":{"type":"LineString","coordinates":[[-82.95804,40.14268],[-82.95802,40.14275],[-82.95799,40.14279],[-82.95778,40.14289],[-82.95733,40.14303],[-82.95684,40.14313]]}},{"type":"Feature","properties":{"layer":"local","NAME":"Belleshire St","MTFCC":"S1400"},"geometry":{"type":"LineString","coordinates":[[-82.96198,40.10455],[-82.96138,40.10447],[-82.96117,40.10449],[-82.96099,40.10458],[-82.96088,40.10472],[-82.9608,40.10512],[-82.96078,40.10567],[-82.9608,40.10584],[-82.96075,40.10624],[-82.96073,40.10628],[-82.96072,40.10633]]}},{"type":"Feature","properties":{"layer":"local","NAME":"Virginia Ln","MTFCC":"S1400"},"geometry":{"type":"LineString","coordinates":[[-82.94826,40.12348],[-82.94968,40.12354],[-82.94977,40.12348],[-82.94979,40.12347],[-82.94983,40.12343],[-82.94985,40.12337],[-82.94987,40.123],[-82.94989,40.12296],[-82.94993,40.12293],[-82.94998,40.12292]]}},{"type":"Feature","properties":{"layer":"local","NAME":"Penbrook St","MTFCC":"S1400"},"geometry":{"type":"LineString","coordinates":[[-82.90402,40.14067],[-82.90509,40.14071],[-82.9053,40.14071],[-82.90556,40.14072],[-82.90567,40.14075],[-82.90578,40.14078],[-82.90589,40.14083],[-82.90597,40.14089],[-82.90604,40.14097],[-82.90609,40.14104],[-82.90612,40.14114],[-82.90613,40.14122],[-82.90612,40.1415],[-82.90602,40.14292],[-82.90602,40.14305]]}},{"type":"Feature","properties":{"layer":"local","NAME":"Dellhaven Dr","MTFCC":"S1400"},"geometry":{"type":"LineString","coordinates":[[-82.91888,40.11274],[-82.91897,40.11189]]}},{"type":"Feature","properties":{"layer":"local","NAME":"Oak Shadow Dr","MTFCC":"S1400"},"geometry":{"type":"LineString","coordinates":[[-82.91114,40.14714],[-82.91105,40.14716],[-82.91031,40.14732],[-82.91014,40.14735],[-82.91001,40.14738],[-82.90979,40.14747],[-82.90968,40.14753],[-82.90945,40.14771],[-82.9094,40.14776],[-82.90936,40.14782],[-82.90928,40.14797],[-82.90924,40.14808],[-82.90922,40.14818],[-82.90922,40.14828],[-82.90922,40.14838],[-82.90925,40.14849],[-82.9093,40.14862],[-82.90936,40.14873],[-82.90939,40.14882],[-82.90942,40.14893],[-82.90942,40.14901],[-82.90941,40.14914],[-82.90937,40.14926],[-82.90932,40.14938],[-82.90929,40.14951],[-82.90924,40.15022],[-82.90967,40.15023],[-82.90986,40.15026],[-82.91014,40.15031]]}},{"type":"Feature","properties":{"layer":"local","NAME":"Lauffer Rd","MTFCC":"S1400"},"geometry":{"type":"LineString","coordinates":[[-82.94671,40.11001],[-82.94688,40.10996],[-82.94706,40.10997],[-82.94712,40.10995],[-82.94716,40.10991],[-82.94718,40.10986],[-82.94721,40.10941],[-82.94725,40.10929],[-82.94735,40.10919],[-82.9475,40.10914],[-82.94775,40.10915],[-82.94832,40.10918],[-82.94839,40.10918],[-82.94845,40.10916],[-82.9485,40.10912],[-82.94851,40.10907],[-82.94847,40.1084],[-82.94847,40.1081],[-82.94849,40.10778]]}},{"type":"Feature","properties":{"layer":"local","NAME":"Pin Oak Ct","MTFCC":"S1400"},"geometry":{"type":"LineString","coordinates":[[-82.90099,40.13088],[-82.90094,40.13143]]}},{"type":"Feature","properties":{"layer":"local","NAME":"Spruce Ln","MTFCC":"S1400"},"geometry":{"type":"LineString","coordinates":[[-82.92616,40.14337],[-82.92664,40.14356],[-82.92693,40.14366],[-82.92704,40.1437],[-82.92713,40.14371],[-82.92741,40.14373],[-82.92768,40.14374],[-82.92783,40.14375],[-82.9281,40.14375],[-82.9287,40.14377],[-82.9302,40.14385]]}},{"type":"Feature","properties":{"layer":"local","NAME":"Shady Ridge Dr","MTFCC":"S1400"},"geometry":{"type":"LineString","coordinates":[[-82.94569,40.1065],[-82.94521,40.10686],[-82.94509,40.10693],[-82.94495,40.10697],[-82.94471,40.10697],[-82.94306,40.10667],[-82.94274,40.10656],[-82.94247,40.10635],[-82.94236,40.10624],[-82.9422,40.10616],[-82.942,40.10613],[-82.94181,40.10613],[-82.94158,40.10614],[-82.94077,40.10617]]}},{"type":"Feature","properties":{"layer":"local","NAME":"Willowick Sq E","MTFCC":"S1400"},"geometry":{"type":"LineString","coordinates":[[-82.95888,40.1008],[-82.95885,40.10104],[-82.95885,40.10108],[-82.95887,40.1011],[-82.95891,40.10112],[-82.95907,40.10113]]}},{"type":"Feature","properties":{"layer":"local","NAME":null,"MTFCC":"S1400"},"geometry":{"type":"LineString","coordinates":[[-82.90365,40.10091],[-82.90355,40.10086],[-82.90328,40.10071],[-82.90318,40.10067],[-82.90312,40.10064],[-82.90303,40.10061],[-82.90298,40.1006],[-82.90286,40.10057],[-82.90277,40.10056],[-82.90265,40.10055],[-82.9025,40.10054],[-82.90247,40.10055],[-82.90243,40.10055],[-82.90219,40.10056],[-82.90209,40.10058],[-82.902,40.10059],[-82.9019,40.10061],[-82.90177,40.10064],[-82.9017,40.10066],[-82.90156,40.10069],[-82.90144,40.10071],[-82.90137,40.10072],[-82.90125,40.10074],[-82.90108,40.10076]]}},{"type":"Feature","properties":{"layer":"local","NAME":"Golden Wheat Ln","MTFCC":"S1400"},"geometry":{"type":"LineString","coordinates":[[-82.89535,40.15175],[-82.89524,40.15175],[-82.89515,40.15174],[-82.89458,40.1517],[-82.89364,40.15165],[-82.89256,40.15159]]}},{"type":"Feature","properties":{"layer":"local","NAME":"Brandywine Dr","MTFCC":"S1400"},"geometry":{"type":"LineString","coordinates":[[-82.94928,40.12005],[-82.94892,40.12005]]}},{"type":"Feature","properties":{"layer":"local","NAME":"Watson Aly","MTFCC":"S1730"},"geometry":{"type":"LineString","coordinates":[[-82.93239,40.13067],[-82.93241,40.13004]]}},{"type":"Feature","properties":{"layer":"local","NAME":"Dorchester Sq N","MTFCC":"S1400"},"geometry":{"type":"LineString","coordinates":[[-82.9232,40.10674],[-82.92312,40.10679],[-82.92302,40.1068],[-82.92175,40.10673],[-82.92164,40.10668],[-82.92157,40.1066],[-82.92156,40.10648]]}},{"type":"Feature","properties":{"layer":"local","NAME":"Granby Pl S","MTFCC":"S1400"},"geometry":{"type":"LineString","coordinates":[[-82.95934,40.12277],[-82.95942,40.12274],[-82.9595,40.12273],[-82.96009,40.12276],[-82.96018,40.12277],[-82.96026,40.12281]]}},{"type":"Feature","properties":{"layer":"local","NAME":"Alumwood Dr","MTFCC":"S1400"},"geometry":{"type":"LineString","coordinates":[[-82.93967,40.12881],[-82.93984,40.1288],[-82.94042,40.12885],[-82.94054,40.12888],[-82.94062,40.12893],[-82.94073,40.12904],[-82.94078,40.12909],[-82.94085,40.12913],[-82.94099,40.12915],[-82.94117,40.12917]]}},{"type":"Feature","properties":{"layer":"local","NAME":"Old County Line Rd","MTFCC":"S1400"},"geometry":{"type":"LineString","coordinates":[[-82.93067,40.1333],[-82.92999,40.13327],[-82.92994,40.13327],[-82.92956,40.13326],[-82.92922,40.13324],[-82.92888,40.13323],[-82.92839,40.13321],[-82.92831,40.1332],[-82.92683,40.13314],[-82.92646,40.13313],[-82.92612,40.13311],[-82.92592,40.1331],[-82.92584,40.1331],[-82.92581,40.1331],[-82.92559,40.13309],[-82.92504,40.13307],[-82.92482,40.13306],[-82.92449,40.13304],[-82.92426,40.13303],[-82.9237,40.13301],[-82.92299,40.13298],[-82.92286,40.13298],[-82.92202,40.13294],[-82.9218,40.13293],[-82.92173,40.13293]]}},{"type":"Feature","properties":{"layer":"local","NAME":"Grindstone Rd","MTFCC":"S1400"},"geometry":{"type":"LineString","coordinates":[[-82.90585,40.1353],[-82.90574,40.13524],[-82.90555,40.13515],[-82.90543,40.1351],[-82.90529,40.13507],[-82.90521,40.13505],[-82.9049,40.13504],[-82.90458,40.13503],[-82.90442,40.13503],[-82.90425,40.13505],[-82.90413,40.13508],[-82.90397,40.13513],[-82.90364,40.13526],[-82.90353,40.13529],[-82.90333,40.13532],[-82.9031,40.13533],[-82.90254,40.1353]]}},{"type":"Feature","properties":{"layer":"local","NAME":"Kingsmead Rd","MTFCC":"S1400"},"geometry":{"type":"LineString","coordinates":[[-82.91011,40.14483],[-82.91004,40.14482],[-82.90997,40.14481],[-82.90991,40.1448],[-82.90988,40.1448],[-82.90984,40.1448],[-82.90981,40.14481],[-82.90978,40.14483],[-82.90976,40.14485],[-82.90975,40.14487],[-82.90974,40.1449],[-82.90974,40.14493],[-82.90972,40.1451],[-82.90972,40.14524],[-82.90972,40.14526],[-82.90972,40.14528],[-82.90972,40.14529],[-82.90973,40.14531],[-82.90974,40.14533],[-82.90976,40.14535],[-82.90978,40.14537],[-82.90981,40.14538],[-82.90984,40.1454],[-82.90988,40.14541],[-82.90992,40.14541],[-82.90998,40.14542],[-82.91005,40.14542],[-82.91009,40.14542],[-82.91014,40.14542],[-82.91019,40.14542],[-82.91022,40.14541],[-82.91025,40.14541],[-82.91028,40.1454],[-82.9103,40.14539],[-82.91032,40.14538],[-82.91035,40.14536],[-82.91036,40.14534],[-82.91038,40.14533],[-82.91039,40.1453],[-82.91039,40.14527],[-82.91039,40.14524],[-82.91039,40.14521],[-82.91038,40.14519],[-82.91038,40.14516],[-82.91037,40.14513],[-82.91035,40.1451],[-82.91034,40.14508],[-82.91032,40.14505],[-82.91029,40.14501],[-82.91024,40.14496],[-82.91018,40.1449],[-82.91011,40.14483]]}},{"type":"Feature","properties":{"layer":"local","NAME":"S Vine St","MTFCC":"S1400"},"geometry":{"type":"LineString","coordinates":[[-82.9292,40.12623],[-82.92922,40.12576],[-82.92923,40.12564],[-82.92923,40.12561],[-82.92924,40.12534],[-82.92926,40.12503],[-82.92926,40.12495],[-82.92931,40.12395]]}},{"type":"Feature","properties":{"layer":"local","NAME":"Karg Aly","MTFCC":"S1730"},"geometry":{"type":"LineString","coordinates":[[-82.93287,40.12183],[-82.93284,40.1225],[-82.93354,40.12255],[-82.93552,40.12269]]}},{"type":"Feature","properties":{"layer":"local","NAME":"McFadden Aly","MTFCC":"S1730"},"geometry":{"type":"LineString","coordinates":[[-82.93445,40.12635],[-82.93458,40.12697],[-82.9347,40.12756]]}},{"type":"Feature","properties":{"layer":"local","NAME":"Althouse Aly","MTFCC":"S1730"},"geometry":{"type":"LineString","coordinates":[[-82.92835,40.12634],[-82.92833,40.127]]}},{"type":"Feature","properties":{"layer":"local","NAME":"Willowick Sq","MTFCC":"S1400"},"geometry":{"type":"LineString","coordinates":[[-82.95984,40.10089],[-82.9597,40.10124],[-82.95945,40.10119],[-82.95926,40.10116],[-82.95907,40.10113]]}},{"type":"Feature","properties":{"layer":"local","NAME":"S Whitehead St","MTFCC":"S1400"},"geometry":{"type":"LineString","coordinates":[[-82.92472,40.12625],[-82.92476,40.12555]]}},{"type":"Feature","properties":{"layer":"local","NAME":"Valley Forge Ct","MTFCC":"S1400"},"geometry":{"type":"LineString","coordinates":[[-82.90245,40.11206],[-82.9019,40.11204],[-82.90167,40.11201],[-82.90139,40.1119],[-82.90125,40.1118]]}},{"type":"Feature","properties":{"layer":"local","NAME":"Daleview Dr","MTFCC":"S1400"},"geometry":{"type":"LineString","coordinates":[[-82.92348,40.10768],[-82.92312,40.10766],[-82.92258,40.10762],[-82.92176,40.10751],[-82.92131,40.1075],[-82.92091,40.10752],[-82.9206,40.10751],[-82.92048,40.10751],[-82.92005,40.10745],[-82.91965,40.1074],[-82.91928,40.10738],[-82.91896,40.10739],[-82.91846,40.10745],[-82.91821,40.10753]]}},{"type":"Feature","properties":{"layer":"local","NAME":"Autumn Lake Ct","MTFCC":"S1400"},"geometry":{"type":"LineString","coordinates":[[-82.89933,40.10583],[-82.89914,40.10574],[-82.89865,40.10555],[-82.89811,40.10548],[-82.89785,40.10547]]}},{"type":"Feature","properties":{"layer":"local","NAME":"Bryan Dr","MTFCC":"S1400"},"geometry":{"type":"LineString","coordinates":[[-82.89588,40.12587],[-82.8959,40.12562],[-82.89588,40.12555],[-82.89582,40.12549],[-82.89572,40.12545],[-82.89562,40.12544],[-82.89334,40.12533],[-82.89251,40.12529],[-82.8921,40.12522]]}},{"type":"Feature","properties":{"layer":"local","NAME":"Lake Valley Dr","MTFCC":"S1400"},"geometry":{"type":"LineString","coordinates":[[-82.90664,40.14596],[-82.90663,40.14606],[-82.90658,40.14671],[-82.90655,40.14714],[-82.90653,40.1474]]}},{"type":"Feature","properties":{"layer":"local","NAME":"Canterbury Ct","MTFCC":"S1400"},"geometry":{"type":"LineString","coordinates":[[-82.91813,40.13461],[-82.91804,40.13468],[-82.91788,40.13481],[-82.91772,40.13494],[-82.91761,40.13508],[-82.91756,40.13518],[-82.91754,40.13528],[-82.9175,40.13588],[-82.91749,40.13603]]}},{"type":"Feature","properties":{"layer":"local","NAME":"Guitner Aly","MTFCC":"S1730"},"geometry":{"type":"LineString","coordinates":[[-82.93302,40.12776],[-82.93289,40.12718],[-82.93276,40.12656]]}},{"type":"Feature","properties":{"layer":"local","NAME":"Black Walnut Dr","MTFCC":"S1400"},"geometry":{"type":"LineString","coordinates":[[-82.92209,40.13733],[-82.92219,40.13733],[-82.92213,40.13708],[-82.92213,40.13698],[-82.92214,40.13689],[-82.92219,40.13682],[-82.92228,40.13677],[-82.92241,40.13675],[-82.92303,40.13678],[-82.92358,40.13684],[-82.92402,40.13691]]}},{"type":"Feature","properties":{"layer":"local","NAME":"Paddlecreek Dr","MTFCC":"S1400"},"geometry":{"type":"LineString","coordinates":[[-82.9084,40.1457],[-82.90844,40.14567],[-82.90846,40.14563],[-82.90848,40.14538],[-82.90852,40.14477],[-82.90853,40.14443],[-82.90854,40.14408]]}},{"type":"Feature","properties":{"layer":"local","NAME":"S Knox St","MTFCC":"S1400"},"geometry":{"type":"LineString","coordinates":[[-82.93393,40.12189],[-82.93397,40.1214],[-82.93407,40.12049],[-82.9341,40.12011],[-82.93409,40.11966],[-82.93409,40.11953],[-82.93408,40.11943],[-82.93408,40.11927],[-82.9341,40.119],[-82.93411,40.11873],[-82.93417,40.11793],[-82.93425,40.11703],[-82.93425,40.117],[-82.93433,40.11627],[-82.93433,40.11621],[-82.93429,40.11616]]}},{"type":"Feature","properties":{"layer":"local","NAME":"Autumn Tree Pl","MTFCC":"S1400"},"geometry":{"type":"LineString","coordinates":[[-82.89343,40.10678],[-82.89338,40.10666],[-82.89337,40.10653],[-82.89341,40.10583],[-82.8935,40.10562],[-82.89369,40.10538],[-82.89377,40.1053]]}},{"type":"Feature","properties":{"layer":"local","NAME":"Brule Ct","MTFCC":"S1400"},"geometry":{"type":"LineString","coordinates":[[-82.89845,40.12556],[-82.89808,40.12554],[-82.89765,40.12557],[-82.89739,40.12561]]}},{"type":"Feature","properties":{"layer":"local","NAME":"Potomac Ave","MTFCC":"S1400"},"geometry":{"type":"LineString","coordinates":[[-82.9125,40.13797],[-82.91254,40.13733],[-82.91258,40.13668],[-82.91262,40.136],[-82.91264,40.13585],[-82.91266,40.13579],[-82.9127,40.13571],[-82.91275,40.13566],[-82.91285,40.13557],[-82.9129,40.13555],[-82.91295,40.13552],[-82.91314,40.1355],[-82.91326,40.1355],[-82.91336,40.13552],[-82.91345,40.13555],[-82.91368,40.13566],[-82.91385,40.13574],[-82.91393,40.13577]]}},{"type":"Feature","properties":{"layer":"local","NAME":"Memories Ln","MTFCC":"S1400"},"geometry":{"type":"LineString","coordinates":[[-82.95924,40.13201],[-82.95882,40.13198],[-82.95768,40.13194],[-82.95696,40.13194],[-82.95646,40.1319],[-82.95628,40.13189]]}},{"type":"Feature","properties":{"layer":"local","NAME":null,"MTFCC":"S1630"},"geometry":{"type":"LineString","coordinates":[[-82.92479,40.10314],[-82.92479,40.10323],[-82.92481,40.10364],[-82.92491,40.10406],[-82.9251,40.1034],[-82.92522,40.10318]]}},{"type":"Feature","properties":{"layer":"local","NAME":"Gosfield Gate Rd","MTFCC":"S1400"},"geometry":{"type":"LineString","coordinates":[[-82.91057,40.1008],[-82.91052,40.10073],[-82.91043,40.10062],[-82.9103,40.10055],[-82.9099,40.10037],[-82.90964,40.10027],[-82.90945,40.10013],[-82.90934,40.09994],[-82.90921,40.09961],[-82.90917,40.0995]]}},{"type":"Feature","properties":{"layer":"local","NAME":null,"MTFCC":"S1740"},"geometry":{"type":"LineString","coordinates":[[-82.94359,40.11346],[-82.94421,40.11349],[-82.94485,40.11351],[-82.94494,40.11352],[-82.94502,40.11353],[-82.94511,40.11355],[-82.94519,40.11358],[-82.94553,40.1137]]}},{"type":"Feature","properties":{"layer":"local","NAME":"Fairview Ave","MTFCC":"S1400"},"geometry":{"type":"LineString","coordinates":[[-82.93182,40.12176],[-82.93188,40.12125],[-82.93194,40.12078],[-82.93194,40.12069],[-82.93192,40.12064],[-82.93189,40.1206]]}},{"type":"Feature","properties":{"layer":"local","NAME":null,"MTFCC":"S1630"},"geometry":{"type":"LineString","coordinates":[[-82.92517,40.10041],[-82.92512,40.1004],[-82.92507,40.10039]]}},{"type":"Feature","properties":{"layer":"local","NAME":"Wildwood Dr","MTFCC":"S1400"},"geometry":{"type":"LineString","coordinates":[[-82.92035,40.12896],[-82.92018,40.12895],[-82.91733,40.12881],[-82.91701,40.1288]]}},{"type":"Feature","properties":{"layer":"local","NAME":"Peachtree Ct","MTFCC":"S1400"},"geometry":{"type":"LineString","coordinates":[[-82.91219,40.1029],[-82.91185,40.10289]]}},{"type":"Feature","properties":{"layer":"local","NAME":"Hillsdowne Rd","MTFCC":"S1400"},"geometry":{"type":"LineString","coordinates":[[-82.9233,40.10958],[-82.92339,40.10858],[-82.92348,40.10768],[-82.92352,40.10715],[-82.9235,40.10701],[-82.92336,40.10685],[-82.9232,40.10674],[-82.92308,40.10664],[-82.92305,40.1065],[-82.92307,40.10628],[-82.92308,40.1062],[-82.92312,40.10613],[-82.92321,40.106],[-82.92331,40.10572],[-82.9234,40.10548]]}},{"type":"Feature","properties":{"layer":"local","NAME":"Ridge Lake Ct","MTFCC":"S1400"},"geometry":{"type":"LineString","coordinates":[[-82.91158,40.14805],[-82.91172,40.14803],[-82.91188,40.14802],[-82.91207,40.14801],[-82.9122,40.14801],[-82.91336,40.14806]]}},{"type":"Feature","properties":{"layer":"local","NAME":"Burns Dr","MTFCC":"S1400"},"geometry":{"type":"LineString","coordinates":[[-82.90828,40.12944],[-82.90827,40.12976],[-82.90829,40.12999],[-82.9084,40.1302],[-82.90856,40.13044],[-82.90915,40.13133],[-82.90951,40.13191],[-82.90956,40.13201],[-82.90957,40.1321],[-82.90954,40.13243]]}},{"type":"Feature","properties":{"layer":"local","NAME":"Well Fleet Dr","MTFCC":"S1400"},"geometry":{"type":"LineString","coordinates":[[-82.94598,40.10009],[-82.94589,40.10021],[-82.94576,40.10034],[-82.94565,40.10046]]}},{"type":"Feature","properties":{"layer":"local","NAME":"Denman Ct","MTFCC":"S1400"},"geometry":{"type":"LineString","coordinates":[[-82.8938,40.11415],[-82.89402,40.1136],[-82.89405,40.11353],[-82.89412,40.11348],[-82.89422,40.11342],[-82.89433,40.1134],[-82.8946,40.11341],[-82.89503,40.11346],[-82.89529,40.1135],[-82.89597,40.11361]]}},{"type":"Feature","properties":{"layer":"local","NAME":"Leacrest Pl E","MTFCC":"S1400"},"geometry":{"type":"LineString","coordinates":[[-82.91616,40.11172],[-82.91629,40.11036],[-82.91635,40.11025],[-82.91642,40.1102],[-82.91651,40.11019]]}},{"type":"Feature","properties":{"layer":"local","NAME":"Glouchester Ave","MTFCC":"S1400"},"geometry":{"type":"LineString","coordinates":[[-82.96305,40.10687],[-82.9629,40.1069],[-82.96262,40.107],[-82.96218,40.10724],[-82.96183,40.10734],[-82.96146,40.10732],[-82.95827,40.10669]]}},{"type":"Feature","properties":{"layer":"local","NAME":"Haddam Pl W","MTFCC":"S1400"},"geometry":{"type":"LineString","coordinates":[[-82.95596,40.12597],[-82.95612,40.12597],[-82.95629,40.12599],[-82.95636,40.12602],[-82.95641,40.12607],[-82.95645,40.12614],[-82.95645,40.12622],[-82.95641,40.12689],[-82.95637,40.12741]]}},{"type":"Feature","properties":{"layer":"local","NAME":"Glenacre Dr","MTFCC":"S1400"},"geometry":{"type":"LineString","coordinates":[[-82.91426,40.11376],[-82.91433,40.11292],[-82.91437,40.11276],[-82.91449,40.11263],[-82.91457,40.11251],[-82.91458,40.11249],[-82.91462,40.11233],[-82.91459,40.11179]]}},{"type":"Feature","properties":{"layer":"local","NAME":null,"MTFCC":"S1630"},"geometry":{"type":"LineString","coordinates":[[-82.92547,40.10047],[-82.92598,40.10051],[-82.92632,40.10052],[-82.92663,40.10046],[-82.92694,40.10026],[-82.92711,40.09998],[-82.92711,40.09976],[-82.92702,40.09955],[-82.9268,40.09934],[-82.92676,40.09933]]}},{"type":"Feature","properties":{"layer":"local","NAME":"Buckstone Pl","MTFCC":"S1400"},"geometry":{"type":"LineString","coordinates":[[-82.93137,40.13776],[-82.93135,40.13808],[-82.93133,40.13824],[-82.93132,40.13846],[-82.93132,40.1385],[-82.93129,40.1386],[-82.93125,40.13866]]}},{"type":"Feature","properties":{"layer":"local","NAME":"Mohawk Ave","MTFCC":"S1400"},"geometry":{"type":"LineString","coordinates":[[-82.92065,40.11582],[-82.92055,40.1158],[-82.92045,40.11579],[-82.9201,40.11576],[-82.91792,40.11563],[-82.91768,40.11564],[-82.91746,40.11572],[-82.91731,40.11584],[-82.91722,40.11599],[-82.91719,40.11621],[-82.91718,40.11634]]}},{"type":"Feature","properties":{"layer":"local","NAME":"E Walnut St","MTFCC":"S1400"},"geometry":{"type":"LineString","coordinates":[[-82.93004,40.12166],[-82.92947,40.12164],[-82.92936,40.12163],[-82.92908,40.12162],[-82.92833,40.12159],[-82.92817,40.12158],[-82.92798,40.12157],[-82.92725,40.12154],[-82.92635,40.1215],[-82.92632,40.12149],[-82.92562,40.12146],[-82.92419,40.12139],[-82.92184,40.12128],[-82.92156,40.12127],[-82.9213,40.12125],[-82.92091,40.12114],[-82.92047,40.12097],[-82.92013,40.12084],[-82.91911,40.12046],[-82.91832,40.12017],[-82.91813,40.1201],[-82.91776,40.12005],[-82.91577,40.11995],[-82.91425,40.11986],[-82.91408,40.11985],[-82.91314,40.1198],[-82.91235,40.11976],[-82.91119,40.1197],[-82.9109,40.11969],[-82.91037,40.11966],[-82.90859,40.11956],[-82.90732,40.11949],[-82.90648,40.11944],[-82.90599,40.11942],[-82.90551,40.11946],[-82.90515,40.11955],[-82.90434,40.11979],[-82.90375,40.11997],[-82.90351,40.12004],[-82.90293,40.12022],[-82.90225,40.12043],[-82.90204,40.12049],[-82.90158,40.12059],[-82.90115,40.1206],[-82.90102,40.12059],[-82.90059,40.12058],[-82.89937,40.12052],[-82.89772,40.12045],[-82.89767,40.12045],[-82.8971,40.12042],[-82.89599,40.12038],[-82.89547,40.12035],[-82.89484,40.12032],[-82.89372,40.12026],[-82.89361,40.12026],[-82.89303,40.12022],[-82.89254,40.12012],[-82.89231,40.12004],[-82.89209,40.11993],[-82.89098,40.11931],[-82.89022,40.11906],[-82.88973,40.119],[-82.88909,40.11897],[-82.88798,40.11893],[-82.88585,40.11883],[-82.8857,40.11882]]}},{"type":"Feature","properties":{"layer":"local","NAME":"Moses Aly","MTFCC":"S1400"},"geometry":{"type":"LineString","coordinates":[[-82.92311,40.12489],[-82.92312,40.12472],[-82.92319,40.12363]]}},{"type":"Feature","properties":{"layer":"local","NAME":"Liverpool Ct","MTFCC":"S1400"},"geometry":{"type":"LineString","coordinates":[[-82.95347,40.1083],[-82.95297,40.10837]]}},{"type":"Feature","properties":{"layer":"local","NAME":"Emerald Xing","MTFCC":"S1400"},"geometry":{"type":"LineString","coordinates":[[-82.928,40.14231],[-82.92787,40.14215],[-82.92785,40.14212],[-82.92783,40.14207],[-82.92783,40.14203],[-82.92783,40.14199],[-82.92784,40.14196],[-82.92787,40.1419],[-82.92793,40.14181],[-82.92801,40.14168],[-82.9281,40.14154],[-82.92812,40.14151],[-82.92815,40.14148],[-82.92818,40.14145],[-82.92821,40.14143],[-82.92825,40.14142],[-82.92828,40.14141],[-82.92831,40.1414],[-82.92835,40.14139],[-82.92841,40.14138],[-82.92845,40.14138],[-82.92848,40.14138],[-82.92858,40.14139],[-82.92877,40.14141],[-82.92896,40.14143],[-82.92914,40.14145],[-82.92932,40.14147],[-82.92952,40.14148],[-82.92961,40.14149],[-82.92969,40.1415],[-82.92976,40.1415],[-82.92988,40.1415],[-82.93007,40.14151],[-82.93026,40.14152],[-82.93044,40.14152],[-82.93054,40.14152],[-82.93064,40.14151],[-82.93068,40.14151],[-82.93072,40.14151],[-82.93076,40.14151],[-82.93081,40.14151],[-82.93086,40.14152],[-82.93091,40.14154],[-82.93096,40.14156],[-82.931,40.14158],[-82.93104,40.14161],[-82.93106,40.14164],[-82.93114,40.14173],[-82.93125,40.14186]]}},{"type":"Feature","properties":{"layer":"local","NAME":"Oneida Ave","MTFCC":"S1400"},"geometry":{"type":"LineString","coordinates":[[-82.91442,40.11909],[-82.91408,40.11893],[-82.91371,40.11887],[-82.91328,40.11884],[-82.91323,40.11884],[-82.91209,40.11881],[-82.91201,40.11881],[-82.91194,40.11882],[-82.91189,40.11883]]}},{"type":"Feature","properties":{"layer":"local","NAME":"Crescent Ct","MTFCC":"S1400"},"geometry":{"type":"LineString","coordinates":[[-82.92582,40.11688],[-82.92683,40.11695],[-82.92693,40.11583]]}},{"type":"Feature","properties":{"layer":"local","NAME":"Winter St","MTFCC":"S1400"},"geometry":{"type":"LineString","coordinates":[[-82.93129,40.12507],[-82.93111,40.12506],[-82.93061,40.12506],[-82.93027,40.12505],[-82.93015,40.12505],[-82.93008,40.12505],[-82.93006,40.12505],[-82.92926,40.12503]]}},{"type":"Feature","properties":{"layer":"local","NAME":"Oakcreek Dr","MTFCC":"S1400"},"geometry":{"type":"LineString","coordinates":[[-82.9553,40.10797],[-82.95527,40.10892],[-82.95528,40.10919],[-82.95533,40.10932],[-82.95537,40.10943]]}},{"type":"Feature","properties":{"layer":"local","NAME":"Aylesbury Ct","MTFCC":"S1400"},"geometry":{"type":"LineString","coordinates":[[-82.92064,40.134],[-82.92075,40.13399],[-82.92087,40.13397],[-82.92099,40.13396]]}},{"type":"Feature","properties":{"layer":"local","NAME":"Altair Pkwy","MTFCC":"S1400"},"geometry":{"type":"LineString","coordinates":[[-82.94679,40.14381],[-82.94653,40.1438],[-82.94603,40.14378],[-82.94549,40.14372],[-82.94508,40.14364],[-82.94489,40.14358],[-82.94472,40.14354],[-82.94466,40.14351],[-82.94465,40.14349]]}},{"type":"Feature","properties":{"layer":"local","NAME":"Altair Pkwy","MTFCC":"S1400"},"geometry":{"type":"LineString","coordinates":[[-82.94681,40.14367],[-82.94654,40.14366],[-82.94576,40.14363],[-82.94557,40.14361],[-82.94539,40.14359],[-82.94471,40.14347],[-82.94465,40.14349]]}},{"type":"Feature","properties":{"layer":"local","NAME":"Meridian Way","MTFCC":"S1400"},"geometry":{"type":"LineString","coordinates":[[-82.94259,40.1436],[-82.94255,40.14433],[-82.9426,40.1452],[-82.94264,40.14557]]}},{"type":"Feature","properties":{"layer":"local","NAME":"Logan Ave","MTFCC":"S1400"},"geometry":{"type":"LineString","coordinates":[[-82.93271,40.13197],[-82.93228,40.13196],[-82.93145,40.13194],[-82.93064,40.1319],[-82.93,40.13187],[-82.92962,40.13185],[-82.92956,40.13185],[-82.92892,40.13183]]}},{"type":"Feature","properties":{"layer":"local","NAME":"Bramblewood Ct","MTFCC":"S1400"},"geometry":{"type":"LineString","coordinates":[[-82.90569,40.11109],[-82.90633,40.11073]]}},{"type":"Feature","properties":{"layer":"local","NAME":"Belpre Pl W","MTFCC":"S1400"},"geometry":{"type":"LineString","coordinates":[[-82.95807,40.12606],[-82.95832,40.12606],[-82.95846,40.12608],[-82.95856,40.12616],[-82.95859,40.12627],[-82.95856,40.12688],[-82.95852,40.12749]]}},{"type":"Feature","properties":{"layer":"local","NAME":"Buckeye Ct","MTFCC":"S1400"},"geometry":{"type":"LineString","coordinates":[[-82.90628,40.12194],[-82.90617,40.12195],[-82.90593,40.12195],[-82.90506,40.1219],[-82.90478,40.12182]]}},{"type":"Feature","properties":{"layer":"local","NAME":"Autumn Crest Ct","MTFCC":"S1400"},"geometry":{"type":"LineString","coordinates":[[-82.89756,40.10749],[-82.89732,40.10765],[-82.897,40.1078],[-82.89662,40.10781],[-82.89645,40.1078]]}},{"type":"Feature","properties":{"layer":"local","NAME":"Seneca Ave","MTFCC":"S1400"},"geometry":{"type":"LineString","coordinates":[[-82.9138,40.11533],[-82.91382,40.11503],[-82.91375,40.11473],[-82.91367,40.11466],[-82.91335,40.11452],[-82.91296,40.11447],[-82.91236,40.1143],[-82.9122,40.11423],[-82.91208,40.11412],[-82.91201,40.11399],[-82.91199,40.11385],[-82.912,40.11363]]}},{"type":"Feature","properties":{"layer":"local","NAME":"Buckstone Pl","MTFCC":"S1400"},"geometry":{"type":"LineString","coordinates":[[-82.93137,40.13776],[-82.93167,40.13777],[-82.93182,40.13777],[-82.93187,40.13776],[-82.93189,40.13774],[-82.93192,40.13771],[-82.93193,40.13769],[-82.93192,40.13764],[-82.9319,40.13761],[-82.93186,40.13758],[-82.93168,40.13757],[-82.93147,40.13758],[-82.93142,40.13759],[-82.93139,40.13763],[-82.93138,40.13764],[-82.93137,40.13776]]}},{"type":"Feature","properties":{"layer":"local","NAME":"Juniper Ave","MTFCC":"S1400"},"geometry":{"type":"LineString","coordinates":[[-82.91578,40.12587],[-82.91573,40.12669],[-82.91574,40.12704],[-82.91577,40.12721],[-82.91588,40.12772],[-82.91595,40.12834],[-82.91591,40.12909],[-82.91585,40.1294],[-82.9157,40.12966],[-82.91522,40.13033],[-82.91498,40.13066],[-82.91481,40.13095],[-82.91471,40.13143],[-82.91471,40.13157],[-82.91469,40.13172],[-82.91466,40.1324],[-82.91464,40.13264]]}},{"type":"Feature","properties":{"layer":"local","NAME":"Locust Ct","MTFCC":"S1400"},"geometry":{"type":"LineString","coordinates":[[-82.90944,40.13385],[-82.91059,40.1339]]}},{"type":"Feature","properties":{"layer":"local","NAME":"Havelock St","MTFCC":"S1400"},"geometry":{"type":"LineString","coordinates":[[-82.91138,40.14411],[-82.91135,40.14411],[-82.91127,40.14408],[-82.91116,40.14403],[-82.91076,40.14382]]}},{"type":"Feature","properties":{"layer":"local","NAME":"Deer Run Ct","MTFCC":"S1400"},"geometry":{"type":"LineString","coordinates":[[-82.89312,40.11113],[-82.89358,40.11119],[-82.89483,40.11132]]}},{"type":"Feature","properties":{"layer":"local","NAME":"Kennerdown St","MTFCC":"S1400"},"geometry":{"type":"LineString","coordinates":[[-82.9621,40.1036],[-82.96212,40.10366],[-82.96211,40.10392],[-82.96198,40.10455],[-82.96184,40.10534],[-82.9618,40.10594],[-82.96184,40.10613],[-82.96189,40.10628],[-82.96189,40.1063]]}},{"type":"Feature","properties":{"layer":"local","NAME":"Newtown Dr","MTFCC":"S1400"},"geometry":{"type":"LineString","coordinates":[[-82.94528,40.09757],[-82.94519,40.09768],[-82.94514,40.09773],[-82.94507,40.09782],[-82.94502,40.09791],[-82.945,40.09803],[-82.94498,40.09817],[-82.9449,40.09901],[-82.94488,40.09935],[-82.94488,40.09948],[-82.94496,40.0998],[-82.94518,40.10012],[-82.94552,40.1004],[-82.94565,40.10046],[-82.94594,40.10059],[-82.94616,40.10063],[-82.94638,40.10067],[-82.94666,40.10069]]}},{"type":"Feature","properties":{"layer":"local","NAME":"Vancouver Dr","MTFCC":"S1400"},"geometry":{"type":"LineString","coordinates":[[-82.90854,40.10873],[-82.90857,40.10859],[-82.90863,40.10816],[-82.90851,40.10792],[-82.90827,40.10774],[-82.90783,40.10752],[-82.90767,40.10738],[-82.90757,40.10717],[-82.90757,40.10696],[-82.9077,40.10648],[-82.90772,40.10644],[-82.90785,40.10623],[-82.90795,40.1059],[-82.90786,40.10514],[-82.90784,40.10482],[-82.90795,40.1045],[-82.90805,40.10428],[-82.90811,40.10417],[-82.90818,40.10388],[-82.90824,40.10316]]}},{"type":"Feature","properties":{"layer":"local","NAME":null,"MTFCC":"S1630"},"geometry":{"type":"LineString","coordinates":[[-82.94833,40.10708],[-82.9489,40.10715],[-82.94909,40.10716],[-82.9493,40.10716],[-82.94943,40.10717]]}},{"type":"Feature","properties":{"layer":"local","NAME":null,"MTFCC":"S1630"},"geometry":{"type":"LineString","coordinates":[[-82.92479,40.10314],[-82.92495,40.1034],[-82.92522,40.10318]]}},{"type":"Feature","properties":{"layer":"local","NAME":"Red Maple Pl","MTFCC":"S1400"},"geometry":{"type":"LineString","coordinates":[[-82.94471,40.15306],[-82.94421,40.15258],[-82.94417,40.15253],[-82.94413,40.15246],[-82.9441,40.15238],[-82.94409,40.15206],[-82.94407,40.15196],[-82.94404,40.15189],[-82.94401,40.15179],[-82.944,40.15173],[-82.94399,40.15161],[-82.94402,40.15149],[-82.94404,40.15145],[-82.9441,40.15138],[-82.94417,40.15132],[-82.94422,40.15129],[-82.94427,40.15127],[-82.94438,40.15124],[-82.94485,40.15121],[-82.9452,40.15118],[-82.94525,40.15119],[-82.94534,40.15121],[-82.94538,40.15127],[-82.94541,40.15135],[-82.94541,40.1516],[-82.94537,40.15171],[-82.94533,40.1518],[-82.94529,40.15191],[-82.94528,40.15201],[-82.94527,40.15212],[-82.9453,40.15243],[-82.9453,40.1526],[-82.94527,40.15269],[-82.94519,40.15277],[-82.94506,40.15285],[-82.94471,40.15306]]}},{"type":"Feature","properties":{"layer":"local","NAME":"Virginia Lane Ct","MTFCC":"S1400"},"geometry":{"type":"LineString","coordinates":[[-82.94998,40.12292],[-82.95026,40.12294]]}},{"type":"Feature","properties":{"layer":"local","NAME":"Kenmore Ct","MTFCC":"S1400"},"geometry":{"type":"LineString","coordinates":[[-82.90505,40.13104],[-82.90504,40.13142]]}},{"type":"Feature","properties":{"layer":"local","NAME":"Bluestone Ct","MTFCC":"S1400"},"geometry":{"type":"LineString","coordinates":[[-82.89309,40.11807],[-82.89265,40.11872]]}},{"type":"Feature","properties":{"layer":"local","NAME":"Apache Cir","MTFCC":"S1400"},"geometry":{"type":"LineString","coordinates":[[-82.90867,40.1186],[-82.90761,40.11854],[-82.90755,40.11853],[-82.9075,40.1185],[-82.90749,40.11845],[-82.9075,40.11721],[-82.9075,40.11677],[-82.90751,40.11672],[-82.90753,40.11669],[-82.90758,40.11666],[-82.90764,40.11666],[-82.90813,40.11668]]}},{"type":"Feature","properties":{"layer":"local","NAME":"Hickory Ridge Ct","MTFCC":"S1400"},"geometry":{"type":"LineString","coordinates":[[-82.96137,40.1533],[-82.96136,40.15323],[-82.96139,40.15288],[-82.96138,40.15276],[-82.96128,40.15234],[-82.96124,40.15219],[-82.96118,40.15197],[-82.96116,40.15191],[-82.9611,40.15181],[-82.96109,40.15179]]}},{"type":"Feature","properties":{"layer":"local","NAME":"Liverpool Ct","MTFCC":"S1400"},"geometry":{"type":"LineString","coordinates":[[-82.95297,40.10837],[-82.95274,40.10841],[-82.95279,40.10859],[-82.95293,40.10856],[-82.95302,40.10855],[-82.95297,40.10837]]}},{"type":"Feature","properties":{"layer":"local","NAME":"Chestnut Ave","MTFCC":"S1400"},"geometry":{"type":"LineString","coordinates":[[-82.91075,40.13801],[-82.91052,40.13809],[-82.91035,40.13817],[-82.91028,40.13822],[-82.91018,40.13832],[-82.91013,40.13839],[-82.9101,40.13847],[-82.91008,40.13855],[-82.91007,40.13865],[-82.90996,40.14033],[-82.90991,40.14112],[-82.9099,40.14139],[-82.90989,40.1415]]}},{"type":"Feature","properties":{"layer":"local","NAME":"Tree Bend Dr","MTFCC":"S1400"},"geometry":{"type":"LineString","coordinates":[[-82.96174,40.1375],[-82.96171,40.13752],[-82.96164,40.13755],[-82.96157,40.13756],[-82.95951,40.13748],[-82.95886,40.13745],[-82.9588,40.13745],[-82.95877,40.13745],[-82.95857,40.13744],[-82.95842,40.13745],[-82.95819,40.13748],[-82.95804,40.13749],[-82.9556,40.1374]]}},{"type":"Feature","properties":{"layer":"local","NAME":null,"MTFCC":"S1740"},"geometry":{"type":"LineString","coordinates":[[-82.9408,40.11631],[-82.94061,40.11638],[-82.94052,40.1164],[-82.94048,40.1164],[-82.94044,40.11641],[-82.94039,40.11641],[-82.94034,40.11641],[-82.9403,40.11641],[-82.94024,40.11639],[-82.94017,40.11638],[-82.94012,40.11637],[-82.94006,40.11636],[-82.94003,40.11635],[-82.93999,40.11635],[-82.93996,40.11636],[-82.93978,40.11639]]}},{"type":"Feature","properties":{"layer":"local","NAME":"Executive Campus Dr","MTFCC":"S1400"},"geometry":{"type":"LineString","coordinates":[[-82.95028,40.13744],[-82.95015,40.13801],[-82.95012,40.13825],[-82.95013,40.13844],[-82.95015,40.13871],[-82.95014,40.13884],[-82.95009,40.13902],[-82.95,40.13917],[-82.9499,40.13928],[-82.9498,40.13936],[-82.94969,40.13946],[-82.94957,40.13958],[-82.94949,40.1397],[-82.94943,40.13982],[-82.94938,40.13995],[-82.94936,40.14007],[-82.94936,40.1402],[-82.94939,40.14046],[-82.94938,40.14073],[-82.94938,40.1409],[-82.94936,40.14102],[-82.94936,40.14111],[-82.94931,40.14149],[-82.9493,40.14153],[-82.9493,40.14157],[-82.94928,40.14162],[-82.94904,40.14216],[-82.94899,40.1423],[-82.94897,40.14245],[-82.94896,40.14257],[-82.94898,40.14271],[-82.94901,40.14285],[-82.94916,40.14337],[-82.94916,40.14346],[-82.94914,40.14354],[-82.94909,40.14362],[-82.94903,40.14369],[-82.94895,40.14374],[-82.94887,40.14378],[-82.94877,40.14381],[-82.94867,40.14382],[-82.94861,40.14382],[-82.9468,40.14375]]}},{"type":"Feature","properties":{"layer":"local","NAME":"Kimothy Dr","MTFCC":"S1400"},"geometry":{"type":"LineString","coordinates":[[-82.90967,40.12345],[-82.9098,40.12199]]}},{"type":"Feature","properties":{"layer":"local","NAME":"Ainsley Dr","MTFCC":"S1400"},"geometry":{"type":"LineString","coordinates":[[-82.93209,40.15169],[-82.93185,40.15184],[-82.93164,40.15199],[-82.93153,40.15205],[-82.93141,40.15211],[-82.93129,40.15215],[-82.93117,40.15217],[-82.93091,40.1522],[-82.93029,40.15224],[-82.93014,40.15224],[-82.92997,40.15223],[-82.92981,40.15221],[-82.92962,40.15217],[-82.92924,40.15208],[-82.92907,40.15203],[-82.92891,40.15199],[-82.92878,40.15196],[-82.92867,40.15195],[-82.92855,40.15195],[-82.92832,40.15195],[-82.92821,40.15194],[-82.92806,40.15191],[-82.92798,40.15188],[-82.92753,40.1517]]}},{"type":"Feature","properties":{"layer":"local","NAME":"Olde Mill Dr","MTFCC":"S1400"},"geometry":{"type":"LineString","coordinates":[[-82.90674,40.14434],[-82.90643,40.14433],[-82.90637,40.14432],[-82.90633,40.14429],[-82.9063,40.14426],[-82.90628,40.14422],[-82.9063,40.14395],[-82.90631,40.14382],[-82.90632,40.14379],[-82.90635,40.14375],[-82.90639,40.14373],[-82.90644,40.14371],[-82.90706,40.14374]]}},{"type":"Feature","properties":{"layer":"local","NAME":"Birchwood Ln","MTFCC":"S1400"},"geometry":{"type":"LineString","coordinates":[[-82.90939,40.11062],[-82.90953,40.11061],[-82.90975,40.11064],[-82.90994,40.11067],[-82.91023,40.11069],[-82.91039,40.11075],[-82.91048,40.11076],[-82.91086,40.11079],[-82.91093,40.11078],[-82.91099,40.11074],[-82.91102,40.11069],[-82.911,40.11064],[-82.91084,40.11053],[-82.91076,40.11049],[-82.91071,40.11044],[-82.91069,40.11038],[-82.91068,40.11025],[-82.91067,40.11018],[-82.9105,40.11008],[-82.9104,40.11006],[-82.91037,40.10995],[-82.91042,40.10956],[-82.91041,40.1095],[-82.91039,40.10946]]}},{"type":"Feature","properties":{"layer":"local","NAME":null,"MTFCC":"S1630"},"geometry":{"type":"LineString","coordinates":[[-82.94937,40.10613],[-82.94932,40.10633],[-82.94904,40.10667],[-82.94896,40.10677],[-82.94852,40.1069],[-82.94806,40.10685],[-82.94774,40.10664],[-82.94758,40.10633],[-82.94766,40.10598],[-82.94796,40.10572],[-82.94839,40.10561],[-82.94895,40.10565],[-82.94902,40.10566],[-82.94941,40.10571],[-82.94952,40.10573],[-82.94948,40.10584],[-82.94939,40.10611],[-82.94937,40.10613]]}},{"type":"Feature","properties":{"layer":"local","NAME":"Autumn Meadows Dr","MTFCC":"S1400"},"geometry":{"type":"LineString","coordinates":[[-82.89823,40.10781],[-82.89807,40.10779],[-82.89794,40.10776],[-82.89782,40.10771],[-82.89756,40.10749],[-82.89738,40.10734],[-82.89711,40.10714],[-82.89665,40.10698],[-82.89616,40.107],[-82.89575,40.10717],[-82.89552,40.10738],[-82.89527,40.10765],[-82.89517,40.10773],[-82.89505,40.10777],[-82.89473,40.10777]]}},{"type":"Feature","properties":{"layer":"local","NAME":"Ikea Way","MTFCC":"S1400"},"geometry":{"type":"LineString","coordinates":[[-82.95643,40.14868],[-82.95689,40.14859],[-82.95734,40.14852],[-82.95791,40.14849],[-82.95876,40.14849],[-82.95961,40.14845],[-82.96046,40.14841],[-82.9618,40.14836],[-82.9622,40.14833],[-82.96285,40.14829],[-82.96344,40.14825],[-82.96395,40.14817],[-82.96427,40.14813],[-82.96515,40.148],[-82.96556,40.14797],[-82.96631,40.14801]]}},{"type":"Feature","properties":{"layer":"local","NAME":"Morningstar Loop","MTFCC":"S1400"},"geometry":{"type":"LineString","coordinates":[[-82.89724,40.14594],[-82.89725,40.14563],[-82.89724,40.14557]]}},{"type":"Feature","properties":{"layer":"local","NAME":"Sandpiper Ct","MTFCC":"S1400"},"geometry":{"type":"LineString","coordinates":[[-82.89525,40.144],[-82.89528,40.14394],[-82.89532,40.1439],[-82.89535,40.14387],[-82.89536,40.14383],[-82.89535,40.1438],[-82.89533,40.14377],[-82.89529,40.14376],[-82.89527,40.14376],[-82.89525,40.14376],[-82.89522,40.14376],[-82.89519,40.14378],[-82.89517,40.1438],[-82.89517,40.14383],[-82.89518,40.14386],[-82.89523,40.14392],[-82.89525,40.14398],[-82.89525,40.144]]}},{"type":"Feature","properties":{"layer":"local","NAME":"Rose Ct","MTFCC":"S1400"},"geometry":{"type":"LineString","coordinates":[[-82.89707,40.12853],[-82.89704,40.12906]]}},{"type":"Feature","properties":{"layer":"local","NAME":"Center St","MTFCC":"S1400"},"geometry":{"type":"LineString","coordinates":[[-82.93737,40.12599],[-82.93742,40.12624],[-82.93751,40.12662],[-82.93753,40.12674],[-82.93758,40.12696],[-82.93763,40.12721],[-82.93774,40.12772],[-82.93791,40.12851],[-82.93797,40.1288]]}},{"type":"Feature","properties":{"layer":"local","NAME":"W Schrock Rd","MTFCC":"S1400"},"geometry":{"type":"LineString","coordinates":[[-82.92559,40.10972],[-82.92599,40.10974],[-82.92718,40.10979],[-82.92838,40.10986],[-82.92901,40.10989],[-82.92927,40.10991],[-82.93038,40.10998],[-82.93208,40.11003],[-82.93331,40.11008],[-82.9335,40.11009],[-82.93605,40.11023],[-82.93795,40.11034],[-82.94002,40.11045],[-82.94017,40.11046],[-82.94033,40.11047],[-82.94057,40.11048],[-82.94126,40.11052],[-82.94249,40.11059],[-82.94283,40.11061],[-82.94419,40.11072],[-82.94435,40.11074],[-82.9445,40.11075],[-82.94466,40.11076],[-82.94506,40.11078],[-82.94511,40.11078],[-82.9458,40.11082],[-82.94594,40.11083],[-82.94649,40.11086],[-82.94689,40.11088],[-82.94755,40.11086],[-82.94836,40.11074],[-82.94885,40.11068],[-82.94892,40.11066],[-82.94898,40.11065],[-82.94908,40.11062],[-82.94917,40.1106]]}},{"type":"Feature","properties":{"layer":"local","NAME":"Bernadine Ct","MTFCC":"S1400"},"geometry":{"type":"LineString","coordinates":[[-82.90631,40.12283],[-82.90472,40.12275]]}},{"type":"Feature","properties":{"layer":"local","NAME":"Red Bluff Ln","MTFCC":"S1400"},"geometry":{"type":"LineString","coordinates":[[-82.92816,40.15102],[-82.92853,40.15103],[-82.92875,40.15099],[-82.92994,40.15067]]}},{"type":"Feature","properties":{"layer":"local","NAME":"Westdale Ave","MTFCC":"S1400"},"geometry":{"type":"LineString","coordinates":[[-82.92,40.14337],[-82.91974,40.14335],[-82.91901,40.14332],[-82.91598,40.14317],[-82.91586,40.14317],[-82.91465,40.14311],[-82.91388,40.14307]]}},{"type":"Feature","properties":{"layer":"local","NAME":"Windstar Dr","MTFCC":"S1400"},"geometry":{"type":"LineString","coordinates":[[-82.91014,40.14735],[-82.91013,40.14732],[-82.91001,40.14705],[-82.90993,40.14696],[-82.90987,40.1469],[-82.90976,40.14682],[-82.90957,40.14674],[-82.90946,40.1467],[-82.90933,40.14668],[-82.90909,40.14666],[-82.90841,40.14664],[-82.90829,40.14665],[-82.90815,40.14667],[-82.90808,40.14669],[-82.90802,40.14672],[-82.90791,40.14679],[-82.90786,40.14684],[-82.90778,40.14692],[-82.90771,40.14707],[-82.90769,40.1472],[-82.90767,40.14745]]}},{"type":"Feature","properties":{"layer":"local","NAME":"W Ticonderoga Dr","MTFCC":"S1400"},"geometry":{"type":"LineString","coordinates":[[-82.94973,40.12321],[-82.94985,40.12205]]}},{"type":"Feature","properties":{"layer":"local","NAME":"Tradewind Ct","MTFCC":"S1400"},"geometry":{"type":"LineString","coordinates":[[-82.90941,40.10217],[-82.90873,40.10213],[-82.90855,40.10215],[-82.9084,40.10224]]}},{"type":"Feature","properties":{"layer":"local","NAME":"Mill Crossing Dr","MTFCC":"S1400"},"geometry":{"type":"LineString","coordinates":[[-82.90538,40.14391],[-82.90536,40.14426],[-82.90537,40.14443],[-82.90541,40.14452],[-82.90551,40.14465],[-82.90558,40.14472],[-82.90564,40.14479],[-82.90568,40.14485],[-82.90571,40.14495],[-82.90572,40.14505],[-82.90572,40.14517],[-82.9057,40.14538],[-82.90569,40.1455],[-82.9057,40.14554],[-82.90573,40.14558],[-82.90577,40.14561],[-82.90582,40.14563],[-82.90614,40.14564],[-82.90665,40.14566],[-82.90714,40.14568],[-82.90758,40.1457],[-82.90802,40.14571],[-82.9083,40.14572],[-82.90835,40.14572],[-82.9084,40.1457]]}},{"type":"Feature","properties":{"layer":"local","NAME":"S Spring Rd","MTFCC":"S1400"},"geometry":{"type":"LineString","coordinates":[[-82.90335,40.12531],[-82.90341,40.12465],[-82.90342,40.12443],[-82.90345,40.124],[-82.90349,40.1236],[-82.90357,40.12252],[-82.9036,40.12206],[-82.90369,40.12079],[-82.90373,40.12022],[-82.90373,40.12011],[-82.90375,40.11997],[-82.90376,40.11979],[-82.90375,40.11962],[-82.90372,40.11934],[-82.90371,40.11911],[-82.90373,40.11879],[-82.90373,40.1186],[-82.90368,40.11826],[-82.90354,40.11765],[-82.90341,40.11712],[-82.90337,40.11686],[-82.90337,40.11657],[-82.9034,40.11608],[-82.90343,40.11573],[-82.90348,40.11502],[-82.90354,40.11462],[-82.90359,40.11424],[-82.9036,40.11365],[-82.9036,40.11336],[-82.90364,40.11296],[-82.90366,40.11265],[-82.90376,40.11131],[-82.90382,40.11046],[-82.90388,40.10963],[-82.90393,40.10896],[-82.90396,40.10864],[-82.9041,40.10814],[-82.90432,40.10773],[-82.90454,40.10742],[-82.90468,40.10722],[-82.90522,40.10649],[-82.90542,40.10618],[-82.90552,40.10594],[-82.90568,40.1052],[-82.90579,40.10374],[-82.90585,40.10302],[-82.90586,40.1028],[-82.90593,40.10243],[-82.90609,40.10194],[-82.90614,40.1016],[-82.90616,40.10123],[-82.90614,40.10077],[-82.90605,40.10038],[-82.90601,40.10024],[-82.90595,40.10007],[-82.90588,40.0999],[-82.90574,40.09962],[-82.90558,40.09936],[-82.90551,40.09921]]}},{"type":"Feature","properties":{"layer":"local","NAME":"Weyant St","MTFCC":"S1400"},"geometry":{"type":"LineString","coordinates":[[-82.92361,40.1262],[-82.92368,40.12555],[-82.92369,40.12528],[-82.92371,40.12491],[-82.92373,40.12437],[-82.92373,40.12426],[-82.92376,40.12383],[-82.92378,40.12366]]}},{"type":"Feature","properties":{"layer":"local","NAME":"College Ct","MTFCC":"S1400"},"geometry":{"type":"LineString","coordinates":[[-82.89969,40.12382],[-82.89963,40.12443],[-82.89963,40.12456],[-82.89961,40.12483]]}},{"type":"Feature","properties":{"layer":"local","NAME":null,"MTFCC":"S1630"},"geometry":{"type":"LineString","coordinates":[[-82.94833,40.10708],[-82.94866,40.10719],[-82.94905,40.10744],[-82.94916,40.10768],[-82.94922,40.10783],[-82.94922,40.10812],[-82.94921,40.10838],[-82.94922,40.10864],[-82.94927,40.10905],[-82.94947,40.10859],[-82.94968,40.10815],[-82.95013,40.10772],[-82.95064,40.10749],[-82.95234,40.10696],[-82.9528,40.10682],[-82.9534,40.10671],[-82.95418,40.10672],[-82.95439,40.10674],[-82.95528,40.10688],[-82.9558,40.10696],[-82.95705,40.10717],[-82.95799,40.10734],[-82.95928,40.10753]]}},{"type":"Feature","properties":{"layer":"local","NAME":"Willow Glen Ln","MTFCC":"S1400"},"geometry":{"type":"LineString","coordinates":[[-82.96254,40.10329],[-82.96249,40.10299],[-82.96245,40.10294],[-82.96238,40.10292],[-82.96231,40.10291],[-82.96221,40.10291],[-82.96181,40.10294],[-82.96175,40.10297],[-82.9617,40.10302],[-82.96169,40.10308],[-82.96178,40.10363]]}},{"type":"Feature","properties":{"layer":"local","NAME":"Lafayette Dr","MTFCC":"S1400"},"geometry":{"type":"LineString","coordinates":[[-82.94837,40.12198],[-82.94914,40.12202],[-82.94985,40.12205],[-82.94998,40.12206]]}},{"type":"Feature","properties":{"layer":"local","NAME":"Timberlake Dr","MTFCC":"S1400"},"geometry":{"type":"LineString","coordinates":[[-82.95158,40.12015],[-82.9517,40.12004],[-82.95184,40.11994],[-82.95205,40.11986],[-82.95235,40.11984],[-82.95286,40.11986],[-82.95345,40.11988],[-82.95373,40.11989],[-82.95399,40.11993],[-82.95418,40.12003],[-82.95436,40.12023],[-82.95464,40.12061],[-82.95507,40.1212],[-82.9559,40.12232],[-82.956,40.1225],[-82.95604,40.1227],[-82.95602,40.12316],[-82.95601,40.12325],[-82.95595,40.12412],[-82.95591,40.12489],[-82.9559,40.12503]]}},{"type":"Feature","properties":{"layer":"local","NAME":null,"MTFCC":"S1630"},"geometry":{"type":"LineString","coordinates":[[-82.94956,40.10524],[-82.9497,40.10485],[-82.94995,40.10434],[-82.95018,40.10417],[-82.95046,40.10406],[-82.95078,40.10405],[-82.95109,40.10413],[-82.95138,40.10434],[-82.95151,40.10463],[-82.95146,40.1049],[-82.95128,40.10513],[-82.95104,40.10528],[-82.95073,40.10534],[-82.95043,40.10533],[-82.94956,40.10524]]}},{"type":"Feature","properties":{"layer":"local","NAME":"Brooksedge Plaza Dr","MTFCC":"S1400"},"geometry":{"type":"LineString","coordinates":[[-82.93197,40.10746],[-82.93214,40.10749],[-82.93237,40.10753],[-82.93324,40.10757],[-82.93353,40.10757],[-82.93401,40.10742],[-82.9342,40.1073],[-82.93481,40.10679],[-82.93494,40.10662],[-82.93499,40.10647],[-82.935,40.10638],[-82.93511,40.10554]]}},{"type":"Feature","properties":{"layer":"local","NAME":null,"MTFCC":"S1630"},"geometry":{"type":"LineString","coordinates":[[-82.91817,40.09934],[-82.9184,40.09942],[-82.91951,40.09974],[-82.92001,40.09986],[-82.92121,40.10021],[-82.92173,40.10045],[-82.92256,40.10097],[-82.92349,40.10158],[-82.92398,40.10191]]}},{"type":"Feature","properties":{"layer":"local","NAME":null,"MTFCC":"S1630"},"geometry":{"type":"LineString","coordinates":[[-82.92398,40.10191],[-82.92426,40.1021],[-82.92461,40.10248],[-82.92478,40.10296],[-82.92479,40.10314]]}},{"type":"Feature","properties":{"layer":"local","NAME":"North Virginia Ln","MTFCC":"S1400"},"geometry":{"type":"LineString","coordinates":[[-82.94986,40.12479],[-82.94986,40.12457],[-82.94968,40.12437],[-82.94966,40.12433],[-82.9497,40.12369],[-82.94968,40.12354]]}},{"type":"Feature","properties":{"layer":"local","NAME":"Kanpur Pl","MTFCC":"S1400"},"geometry":{"type":"LineString","coordinates":[[-82.90178,40.10786],[-82.90218,40.10791],[-82.9025,40.10792],[-82.9027,40.10789],[-82.90287,40.10781],[-82.90306,40.10761]]}},{"type":"Feature","properties":{"layer":"local","NAME":"Birch St","MTFCC":"S1400"},"geometry":{"type":"LineString","coordinates":[[-82.90996,40.14033],[-82.91064,40.14036],[-82.91081,40.14035],[-82.91091,40.14033],[-82.9111,40.1403],[-82.91119,40.1403],[-82.91133,40.1403],[-82.91165,40.14032],[-82.91235,40.14034],[-82.91425,40.14042],[-82.91436,40.14042],[-82.91449,40.1404],[-82.9146,40.14037],[-82.9147,40.14032],[-82.91479,40.14027],[-82.91488,40.14019],[-82.91493,40.14011],[-82.91498,40.14002],[-82.915,40.13994],[-82.91501,40.13966]]}},{"type":"Feature","properties":{"layer":"local","NAME":null,"MTFCC":"S1400"},"geometry":{"type":"LineString","coordinates":[[-82.9217,40.15197],[-82.92173,40.15202],[-82.92174,40.15204],[-82.92174,40.15216],[-82.92171,40.15257],[-82.92168,40.15263],[-82.92166,40.15266],[-82.92164,40.15269]]}},{"type":"Feature","properties":{"layer":"local","NAME":"Morningstar Loop","MTFCC":"S1400"},"geometry":{"type":"LineString","coordinates":[[-82.89862,40.14601],[-82.89855,40.14599],[-82.89849,40.14599],[-82.89821,40.14598],[-82.89757,40.14596],[-82.89724,40.14594]]}},{"type":"Feature","properties":{"layer":"local","NAME":"Four Seasons Dr","MTFCC":"S1400"},"geometry":{"type":"LineString","coordinates":[[-82.90385,40.14803],[-82.9039,40.14813],[-82.90399,40.14833],[-82.90408,40.14847],[-82.90416,40.14857],[-82.90431,40.14871],[-82.90445,40.14882],[-82.90448,40.14884],[-82.90455,40.14889],[-82.90493,40.14905],[-82.90509,40.1491],[-82.90521,40.14913],[-82.90548,40.14917],[-82.90591,40.14919],[-82.90608,40.14921],[-82.90618,40.14923],[-82.9063,40.14927],[-82.90642,40.14932],[-82.90646,40.14935],[-82.90651,40.14939],[-82.90659,40.14946],[-82.90668,40.14957],[-82.90674,40.14968],[-82.90677,40.14979],[-82.90678,40.1499],[-82.90676,40.15011]]}},{"type":"Feature","properties":{"layer":"local","NAME":"Ohio-Erie Trl","MTFCC":"S1710"},"geometry":{"type":"LineString","coordinates":[[-82.89864,40.20791],[-82.89878,40.20779],[-82.89894,40.20771],[-82.90073,40.20655],[-82.90179,40.20574],[-82.90302,40.20459],[-82.90403,40.20356],[-82.90494,40.20245],[-82.90567,40.20149],[-82.90631,40.20075],[-82.90712,40.19817],[-82.90723,40.19769],[-82.9074,40.19712],[-82.90744,40.19695],[-82.90744,40.19686],[-82.90749,40.19679],[-82.9076,40.19673],[-82.90768,40.19661],[-82.90769,40.19644],[-82.90764,40.19635],[-82.90765,40.19628],[-82.91167,40.18203],[-82.91184,40.18143],[-82.91195,40.18106],[-82.9121,40.18071],[-82.91221,40.18045],[-82.91229,40.18023],[-82.91236,40.17994],[-82.91239,40.17985],[-82.91239,40.17975],[-82.91236,40.17967],[-82.91234,40.17955],[-82.91242,40.17936],[-82.91318,40.17672],[-82.91381,40.17456],[-82.91454,40.17195],[-82.91461,40.17165],[-82.91465,40.17145],[-82.91472,40.17127],[-82.91481,40.17116],[-82.91491,40.17107],[-82.91497,40.17098],[-82.91499,40.17087],[-82.91504,40.17074],[-82.91504,40.17066],[-82.915,40.17058],[-82.91497,40.1705],[-82.91495,40.17038],[-82.91494,40.17027],[-82.91502,40.16999],[-82.91562,40.16818],[-82.91574,40.16768],[-82.91596,40.1668],[-82.91615,40.16619],[-82.91649,40.16508],[-82.91661,40.16444],[-82.91677,40.16399],[-82.91704,40.16318],[-82.9173,40.1623],[-82.91747,40.16171],[-82.91766,40.16104],[-82.91786,40.16038],[-82.9181,40.15958],[-82.91861,40.15771],[-82.91923,40.15556],[-82.91931,40.15532],[-82.91957,40.15439],[-82.9196,40.15434],[-82.91965,40.1543],[-82.91968,40.15426],[-82.91971,40.15415],[-82.91974,40.15401],[-82.91976,40.15396],[-82.91976,40.15392],[-82.91975,40.15388],[-82.91973,40.15382],[-82.91971,40.15376],[-82.91971,40.15368],[-82.91974,40.15359],[-82.91978,40.15354],[-82.91984,40.15348],[-82.91989,40.15342],[-82.91995,40.15333],[-82.92016,40.15285],[-82.92031,40.15253],[-82.92036,40.15241],[-82.92037,40.15237],[-82.92035,40.15234],[-82.92031,40.1523],[-82.92025,40.15225],[-82.9202,40.15221],[-82.92005,40.15219],[-82.92042,40.15091]]}},{"type":"Feature","properties":{"layer":"local","NAME":"Hickory Ridge Ct","MTFCC":"S1400"},"geometry":{"type":"LineString","coordinates":[[-82.96109,40.15179],[-82.96103,40.1518],[-82.96097,40.15179],[-82.96095,40.15178],[-82.96091,40.15175],[-82.96089,40.15171],[-82.96088,40.15168],[-82.96089,40.15165],[-82.96092,40.15161],[-82.96096,40.15158],[-82.96099,40.15157],[-82.96105,40.15157],[-82.9611,40.15158],[-82.96115,40.15161],[-82.96118,40.15164],[-82.96119,40.15167],[-82.96118,40.15171],[-82.96116,40.15176],[-82.96114,40.15177],[-82.96109,40.15179]]}},{"type":"Feature","properties":{"layer":"local","NAME":"Crosswind Loop","MTFCC":"S1400"},"geometry":{"type":"LineString","coordinates":[[-82.91206,40.10123],[-82.91212,40.1011],[-82.91218,40.10103],[-82.91231,40.10094],[-82.91236,40.1009],[-82.91237,40.10085],[-82.91236,40.10082],[-82.91216,40.1006],[-82.91209,40.1005]]}},{"type":"Feature","properties":{"layer":"local","NAME":"Olde Worthington Ct","MTFCC":"S1400"},"geometry":{"type":"LineString","coordinates":[[-82.95485,40.14895],[-82.95497,40.14892],[-82.95507,40.14887],[-82.95519,40.14879],[-82.95567,40.14836],[-82.95575,40.14829],[-82.9558,40.14824],[-82.95592,40.14811],[-82.95597,40.14804],[-82.956,40.14799],[-82.95602,40.14793],[-82.95603,40.14787],[-82.95603,40.14782],[-82.956,40.14776],[-82.95596,40.14769],[-82.95592,40.14761],[-82.95591,40.14757],[-82.95592,40.14753],[-82.95595,40.1475],[-82.95598,40.14747],[-82.95604,40.14746],[-82.9561,40.14746],[-82.9563,40.14745],[-82.95638,40.14745],[-82.95647,40.14746],[-82.95656,40.14746],[-82.95661,40.14745],[-82.95667,40.14742],[-82.95672,40.14739],[-82.95718,40.14696],[-82.95753,40.14663],[-82.95758,40.14659]]}},{"type":"Feature","properties":{"layer":"local","NAME":"Ivyside Sq","MTFCC":"S1400"},"geometry":{"type":"LineString","coordinates":[[-82.93006,40.13894],[-82.93014,40.13894],[-82.93019,40.13896],[-82.93023,40.13899],[-82.93026,40.13903],[-82.93027,40.13908],[-82.93025,40.13931]]}},{"type":"Feature","properties":{"layer":"local","NAME":"Ivyside Sq","MTFCC":"S1400"},"geometry":{"type":"LineString","coordinates":[[-82.93025,40.13931],[-82.9298,40.13928],[-82.92975,40.13927],[-82.9297,40.13924],[-82.92967,40.1392],[-82.92966,40.13916],[-82.92967,40.13904],[-82.92968,40.139],[-82.92972,40.13897],[-82.92976,40.13894],[-82.92982,40.13893],[-82.93006,40.13894]]}},{"type":"Feature","properties":{"layer":"local","NAME":"E Plum St","MTFCC":"S1400"},"geometry":{"type":"LineString","coordinates":[[-82.91895,40.12223],[-82.91833,40.1222]]}},{"type":"Feature","properties":{"layer":"local","NAME":null,"MTFCC":"S1730"},"geometry":{"type":"LineString","coordinates":[[-82.90614,40.14564],[-82.90617,40.14528],[-82.90618,40.14508],[-82.90618,40.14497],[-82.90619,40.14476]]}},{"type":"Feature","properties":{"layer":"local","NAME":"Lighthouse Ct","MTFCC":"S1400"},"geometry":{"type":"LineString","coordinates":[[-82.89438,40.14058],[-82.89429,40.14144]]}},{"type":"Feature","properties":{"layer":"local","NAME":"Peachtree Ct","MTFCC":"S1400"},"geometry":{"type":"LineString","coordinates":[[-82.91185,40.10289],[-82.91187,40.10271]]}},{"type":"Feature","properties":{"layer":"local","NAME":"Essen Pl","MTFCC":"S1400"},"geometry":{"type":"LineString","coordinates":[[-82.90552,40.10817],[-82.90576,40.10784],[-82.90584,40.10773]]}},{"type":"Feature","properties":{"layer":"local","NAME":"W College Ave","MTFCC":"S1400"},"geometry":{"type":"LineString","coordinates":[[-82.93161,40.12593],[-82.93164,40.12592],[-82.93317,40.12572],[-82.93321,40.12571],[-82.93347,40.12568],[-82.93401,40.12561],[-82.93491,40.12551],[-82.93499,40.12549],[-82.93556,40.12542]]}},{"type":"Feature","properties":{"layer":"local","NAME":"High Timber Dr","MTFCC":"S1400"},"geometry":{"type":"LineString","coordinates":[[-82.90594,40.13908],[-82.90567,40.13928],[-82.90532,40.13953],[-82.90525,40.1396],[-82.90519,40.13969],[-82.90516,40.13976],[-82.90515,40.13985],[-82.90509,40.14071],[-82.90508,40.14091],[-82.90504,40.14145],[-82.90495,40.14288],[-82.90494,40.14301]]}},{"type":"Feature","properties":{"layer":"local","NAME":"Northgate Ct","MTFCC":"S1400"},"geometry":{"type":"LineString","coordinates":[[-82.91057,40.1008],[-82.91067,40.10093]]}},{"type":"Feature","properties":{"layer":"local","NAME":"Concord Ct","MTFCC":"S1400"},"geometry":{"type":"LineString","coordinates":[[-82.90257,40.11042],[-82.90219,40.1104],[-82.90179,40.11038],[-82.90145,40.11039]]}},{"type":"Feature","properties":{"layer":"local","NAME":"S Otterbein Ave","MTFCC":"S1400"},"geometry":{"type":"LineString","coordinates":[[-82.92187,40.12612],[-82.92189,40.12563],[-82.92188,40.12541],[-82.92184,40.12516],[-82.92179,40.12496],[-82.92175,40.12485],[-82.92161,40.1244],[-82.92159,40.12418],[-82.92161,40.12386],[-82.92164,40.12355]]}},{"type":"Feature","properties":{"layer":"local","NAME":"Sterling Glen Dr","MTFCC":"S1400"},"geometry":{"type":"LineString","coordinates":[[-82.91863,40.1297],[-82.91858,40.13012],[-82.91856,40.13034],[-82.91854,40.13052],[-82.91851,40.13094],[-82.91855,40.13125],[-82.91867,40.13144],[-82.91872,40.13148],[-82.91879,40.13153],[-82.91921,40.1318],[-82.91927,40.13185],[-82.91938,40.132],[-82.91943,40.13215],[-82.91943,40.13224],[-82.91938,40.13284]]}},{"type":"Feature","properties":{"layer":"local","NAME":"Nadine Pl N","MTFCC":"S1400"},"geometry":{"type":"LineString","coordinates":[[-82.89463,40.12397],[-82.8949,40.12424],[-82.89502,40.12442],[-82.89506,40.12464]]}},{"type":"Feature","properties":{"layer":"local","NAME":"Cross Country Dr E","MTFCC":"S1400"},"geometry":{"type":"LineString","coordinates":[[-82.91145,40.10085],[-82.91158,40.10078],[-82.91187,40.10063],[-82.91209,40.1005],[-82.91275,40.1001],[-82.91282,40.10005],[-82.91296,40.09999]]}},{"type":"Feature","properties":{"layer":"local","NAME":"Treva Ct","MTFCC":"S1400"},"geometry":{"type":"LineString","coordinates":[[-82.92849,40.11384],[-82.92851,40.11365],[-82.92831,40.11364],[-82.92829,40.11383],[-82.92849,40.11384]]}},{"type":"Feature","properties":{"layer":"local","NAME":"Village Green Loop","MTFCC":"S1400"},"geometry":{"type":"LineString","coordinates":[[-82.93162,40.14079],[-82.93166,40.14076],[-82.93168,40.14074],[-82.9317,40.1407],[-82.93174,40.14019],[-82.93173,40.14017],[-82.93172,40.14014],[-82.93168,40.14011],[-82.93163,40.1401],[-82.93159,40.14011],[-82.93155,40.14012],[-82.93153,40.14015],[-82.93152,40.14018],[-82.93149,40.14074]]}},{"type":"Feature","properties":{"layer":"local","NAME":"Village Green Dr","MTFCC":"S1400"},"geometry":{"type":"LineString","coordinates":[[-82.93057,40.1407],[-82.93149,40.14074],[-82.93156,40.14075],[-82.93161,40.14077],[-82.93162,40.14079],[-82.93165,40.14081],[-82.93166,40.14086],[-82.93166,40.14103],[-82.93165,40.14105],[-82.93164,40.14123],[-82.93165,40.14128],[-82.93167,40.14136],[-82.93168,40.1414],[-82.93173,40.14149],[-82.93179,40.14159]]}},{"type":"Feature","properties":{"layer":"local","NAME":"Harrogate Loop N","MTFCC":"S1400"},"geometry":{"type":"LineString","coordinates":[[-82.91872,40.136],[-82.91884,40.13607],[-82.91901,40.13609],[-82.91963,40.13611],[-82.92034,40.13614],[-82.92043,40.13613],[-82.92051,40.1361]]}},{"type":"Feature","properties":{"layer":"local","NAME":"Community Park Dr","MTFCC":"S1400"},"geometry":{"type":"LineString","coordinates":[[-82.94666,40.10069],[-82.94682,40.1007],[-82.94807,40.10076],[-82.94853,40.10074],[-82.94873,40.10069],[-82.94941,40.10054],[-82.94988,40.10054],[-82.9507,40.10057],[-82.95106,40.10059],[-82.95125,40.1006],[-82.95161,40.10061],[-82.95187,40.10062],[-82.95214,40.10063],[-82.95224,40.10064],[-82.95269,40.10066],[-82.95295,40.10067],[-82.95333,40.10069],[-82.9534,40.10069],[-82.95372,40.10071],[-82.95386,40.10071],[-82.95422,40.10073],[-82.95492,40.10077],[-82.95503,40.10077],[-82.95513,40.10077],[-82.95575,40.1008],[-82.95589,40.1008],[-82.95595,40.1008],[-82.95602,40.10081],[-82.95612,40.10081],[-82.95621,40.10081],[-82.95632,40.10082],[-82.95672,40.10084],[-82.95743,40.10088],[-82.95799,40.1009]]}},{"type":"Feature","properties":{"layer":"local","NAME":"Whitetail Ln","MTFCC":"S1400"},"geometry":{"type":"LineString","coordinates":[[-82.89967,40.14567],[-82.89966,40.14578],[-82.89937,40.14911]]}},{"type":"Feature","properties":{"layer":"local","NAME":"Robinson Aly","MTFCC":"S1730"},"geometry":{"type":"LineString","coordinates":[[-82.92373,40.12426],[-82.92423,40.12426],[-82.92426,40.12426]]}},{"type":"Feature","properties":{"layer":"local","NAME":"Orchard Ln","MTFCC":"S1400"},"geometry":{"type":"LineString","coordinates":[[-82.9159,40.12327],[-82.91568,40.12306],[-82.9156,40.12291],[-82.91557,40.12257],[-82.91561,40.12214],[-82.91569,40.1211],[-82.91575,40.12018],[-82.91577,40.11995]]}},{"type":"Feature","properties":{"layer":"local","NAME":"Farmeadow Dr","MTFCC":"S1400"},"geometry":{"type":"LineString","coordinates":[[-82.95791,40.13654],[-82.95764,40.13653],[-82.95755,40.13651],[-82.95747,40.13647],[-82.95743,40.13644],[-82.9574,40.13641],[-82.95736,40.13635],[-82.95733,40.13628],[-82.95733,40.13625],[-82.95742,40.13512]]}},{"type":"Feature","properties":{"layer":"local","NAME":"Castile Ln","MTFCC":"S1400"},"geometry":{"type":"LineString","coordinates":[[-82.89882,40.11525],[-82.89881,40.11536],[-82.89877,40.11555],[-82.89873,40.11562],[-82.89829,40.11628],[-82.89822,40.11634]]}},{"type":"Feature","properties":{"layer":"local","NAME":"Catawba Ave","MTFCC":"S1400"},"geometry":{"type":"LineString","coordinates":[[-82.92065,40.11994],[-82.92013,40.11974],[-82.91984,40.11963],[-82.91946,40.11942],[-82.91918,40.11911],[-82.91914,40.11901],[-82.91912,40.11902],[-82.91888,40.11907],[-82.91847,40.11909],[-82.91784,40.11906],[-82.91686,40.119],[-82.9159,40.11893],[-82.91527,40.11879],[-82.91489,40.11862],[-82.91474,40.11852],[-82.91442,40.11825],[-82.91403,40.11783],[-82.91371,40.11756],[-82.91327,40.11728],[-82.9125,40.117],[-82.9122,40.11695],[-82.91181,40.11691],[-82.91134,40.11688],[-82.91117,40.11687],[-82.91063,40.11684],[-82.91047,40.11684],[-82.91034,40.11692],[-82.91028,40.11703],[-82.9102,40.11729]]}},{"type":"Feature","properties":{"layer":"local","NAME":null,"MTFCC":"S1740"},"geometry":{"type":"LineString","coordinates":[[-82.94265,40.11341],[-82.94359,40.11346]]}},{"type":"Feature","properties":{"layer":"local","NAME":"Day Ct","MTFCC":"S1400"},"geometry":{"type":"LineString","coordinates":[[-82.90794,40.12716],[-82.90789,40.1278]]}},{"type":"Feature","properties":{"layer":"local","NAME":"Charring Cross Dr","MTFCC":"S1400"},"geometry":{"type":"LineString","coordinates":[[-82.93012,40.1122],[-82.93022,40.11191],[-82.93024,40.11175],[-82.93031,40.1109],[-82.93038,40.10998]]}},{"type":"Feature","properties":{"layer":"local","NAME":"Maple Hill Dr","MTFCC":"S1400"},"geometry":{"type":"LineString","coordinates":[[-82.90822,40.14749],[-82.90821,40.14773],[-82.90818,40.14785],[-82.90815,40.14793],[-82.9081,40.148],[-82.90803,40.14807],[-82.90791,40.14817],[-82.90776,40.14827],[-82.90774,40.14828],[-82.90769,40.14829],[-82.90752,40.14833],[-82.90743,40.14834],[-82.90715,40.14835],[-82.90705,40.14836],[-82.90693,40.14839],[-82.90682,40.14843],[-82.90674,40.14847],[-82.90662,40.14854]]}},{"type":"Feature","properties":{"layer":"local","NAME":"E Schrock Rd","MTFCC":"S1400"},"geometry":{"type":"LineString","coordinates":[[-82.92559,40.10972],[-82.92466,40.10966],[-82.9233,40.10958],[-82.92289,40.10956],[-82.9222,40.10952],[-82.92087,40.10944],[-82.92006,40.1094],[-82.91884,40.10933],[-82.918,40.10928],[-82.91649,40.1092],[-82.91601,40.10921],[-82.91551,40.10935],[-82.9152,40.10953],[-82.91501,40.10966],[-82.91465,40.10989],[-82.91428,40.11003],[-82.9136,40.1101],[-82.91321,40.11003],[-82.91265,40.10976],[-82.91233,40.10949],[-82.91198,40.10925],[-82.91165,40.10903],[-82.91112,40.1089],[-82.91053,40.10887],[-82.90941,40.1088],[-82.90867,40.10875],[-82.90854,40.10873],[-82.90789,40.10859],[-82.90745,40.10843],[-82.90721,40.10832],[-82.90716,40.1083],[-82.90584,40.10773],[-82.90535,40.10751],[-82.90468,40.10722],[-82.90449,40.10714],[-82.90399,40.10692],[-82.90366,40.10677],[-82.90321,40.10649],[-82.90299,40.10632],[-82.90253,40.10592],[-82.9023,40.10571],[-82.90217,40.1056],[-82.90203,40.10551],[-82.90175,40.10532],[-82.90151,40.10521],[-82.90146,40.10519],[-82.90125,40.10509],[-82.90075,40.10494],[-82.90027,40.10482],[-82.90021,40.1048]]}},{"type":"Feature","properties":{"layer":"local","NAME":"Park Bend Dr","MTFCC":"S1400"},"geometry":{"type":"LineString","coordinates":[[-82.901,40.15021],[-82.90098,40.15018],[-82.90094,40.15016],[-82.90092,40.15016],[-82.90064,40.15014],[-82.90056,40.15016],[-82.90054,40.15017]]}},{"type":"Feature","properties":{"layer":"local","NAME":"Nadine Pl S","MTFCC":"S1400"},"geometry":{"type":"LineString","coordinates":[[-82.89463,40.12397],[-82.89442,40.12376],[-82.89429,40.12366],[-82.89405,40.12357],[-82.89367,40.12354],[-82.89344,40.12352]]}},{"type":"Feature","properties":{"layer":"local","NAME":"Naples Pl","MTFCC":"S1400"},"geometry":{"type":"LineString","coordinates":[[-82.91257,40.10437],[-82.91266,40.10341]]}},{"type":"Feature","properties":{"layer":"local","NAME":"Landings Loop S","MTFCC":"S1400"},"geometry":{"type":"LineString","coordinates":[[-82.89326,40.13705],[-82.89327,40.13704],[-82.89333,40.137],[-82.89336,40.13698],[-82.89344,40.13697],[-82.89348,40.13697],[-82.89448,40.13702],[-82.89451,40.13703],[-82.89458,40.13706],[-82.8946,40.13708],[-82.89463,40.13712]]}},{"type":"Feature","properties":{"layer":"local","NAME":"Drakewood Rd","MTFCC":"S1400"},"geometry":{"type":"LineString","coordinates":[[-82.91561,40.1126],[-82.91547,40.11259],[-82.91493,40.11256],[-82.91475,40.11254],[-82.91457,40.11251]]}},{"type":"Feature","properties":{"layer":"local","NAME":"Well Fleet Dr","MTFCC":"S1400"},"geometry":{"type":"LineString","coordinates":[[-82.94598,40.10009],[-82.94609,40.10015],[-82.94627,40.10021],[-82.94652,40.10024]]}},{"type":"Feature","properties":{"layer":"local","NAME":"Ainsley Dr","MTFCC":"S1400"},"geometry":{"type":"LineString","coordinates":[[-82.9348,40.15147],[-82.93462,40.15147],[-82.93448,40.15146],[-82.93372,40.15143],[-82.93355,40.15143],[-82.93323,40.15142],[-82.93303,40.15142],[-82.93294,40.15143],[-82.9327,40.15148],[-82.93251,40.15153]]}},{"type":"Feature","properties":{"layer":"local","NAME":"Wood St","MTFCC":"S1400"},"geometry":{"type":"LineString","coordinates":[[-82.90442,40.12701],[-82.90442,40.12708],[-82.90431,40.12828],[-82.90424,40.12933]]}},{"type":"Feature","properties":{"layer":"local","NAME":null,"MTFCC":"S1630"},"geometry":{"type":"LineString","coordinates":[[-82.92507,40.10039],[-82.92511,40.10054],[-82.92517,40.10041]]}},{"type":"Feature","properties":{"layer":"local","NAME":null,"MTFCC":"S1630"},"geometry":{"type":"LineString","coordinates":[[-82.92676,40.09933],[-82.92649,40.09924],[-82.92614,40.09923],[-82.92581,40.09932],[-82.92552,40.09955],[-82.9253,40.10006],[-82.92521,40.10033],[-82.92517,40.10041]]}},{"type":"Feature","properties":{"layer":"local","NAME":"Ravines Way","MTFCC":"S1400"},"geometry":{"type":"LineString","coordinates":[[-82.92706,40.13578],[-82.9271,40.13558],[-82.92713,40.13555],[-82.92725,40.13547],[-82.9273,40.13545],[-82.92748,40.13535],[-82.92752,40.13534],[-82.92774,40.13535],[-82.92781,40.13536],[-82.92785,40.13537],[-82.92788,40.1354],[-82.9279,40.13544],[-82.92793,40.13558]]}},{"type":"Feature","properties":{"layer":"local","NAME":"Farrington Dr","MTFCC":"S1400"},"geometry":{"type":"LineString","coordinates":[[-82.90014,40.11571],[-82.89986,40.11551],[-82.89958,40.11536],[-82.89913,40.11527],[-82.89882,40.11525],[-82.89821,40.11523],[-82.8977,40.11521],[-82.89757,40.11521],[-82.89695,40.1151],[-82.89672,40.11501],[-82.89611,40.11477],[-82.89562,40.1146],[-82.89492,40.11442],[-82.8938,40.11415],[-82.89364,40.11412],[-82.89328,40.11406],[-82.89285,40.11404]]}},{"type":"Feature","properties":{"layer":"local","NAME":"Merlin Dr","MTFCC":"S1400"},"geometry":{"type":"LineString","coordinates":[[-82.92754,40.10771],[-82.92759,40.10767],[-82.9276,40.10753],[-82.9276,40.10747],[-82.92756,40.10742],[-82.92752,40.10737],[-82.92752,40.10731],[-82.92752,40.10724],[-82.92747,40.10708],[-82.92732,40.10678]]}},{"type":"Feature","properties":{"layer":"local","NAME":"Black Walnut Dr","MTFCC":"S1400"},"geometry":{"type":"LineString","coordinates":[[-82.92209,40.13733],[-82.92208,40.13736],[-82.92203,40.13736],[-82.92193,40.13736],[-82.92186,40.13736],[-82.92176,40.13734],[-82.92169,40.13734],[-82.92162,40.13734],[-82.92156,40.13734],[-82.9213,40.13738]]}},{"type":"Feature","properties":{"layer":"local","NAME":null,"MTFCC":"S1400"},"geometry":{"type":"LineString","coordinates":[[-82.92342,40.15192],[-82.925,40.15199],[-82.92504,40.152],[-82.92506,40.15202],[-82.92508,40.15204],[-82.92509,40.1521],[-82.9251,40.15223],[-82.92508,40.15251],[-82.92505,40.1528],[-82.92503,40.15285],[-82.92501,40.15287],[-82.92497,40.15291],[-82.92494,40.15292],[-82.92487,40.15293],[-82.92348,40.15287],[-82.92335,40.15286]]}},{"type":"Feature","properties":{"layer":"local","NAME":"Park Bend Dr","MTFCC":"S1400"},"geometry":{"type":"LineString","coordinates":[[-82.90054,40.15017],[-82.89929,40.15009],[-82.89901,40.15008],[-82.89863,40.15006],[-82.89763,40.15],[-82.89722,40.14999],[-82.89705,40.15],[-82.89689,40.15003],[-82.89674,40.15008],[-82.8966,40.15014],[-82.8965,40.1502],[-82.89647,40.15023],[-82.89639,40.15029],[-82.8963,40.15039],[-82.89623,40.1505],[-82.89618,40.15062],[-82.89615,40.15074],[-82.89613,40.15091],[-82.89609,40.15138],[-82.8961,40.15146],[-82.89613,40.15154],[-82.89618,40.15161],[-82.89624,40.15168],[-82.89633,40.15174]]}},{"type":"Feature","properties":{"layer":"local","NAME":"Cobblestone Ave","MTFCC":"S1400"},"geometry":{"type":"LineString","coordinates":[[-82.88798,40.11893],[-82.88801,40.1184],[-82.88805,40.11778],[-82.88807,40.11774],[-82.88813,40.11771],[-82.8882,40.1177],[-82.88852,40.11772],[-82.88891,40.11774],[-82.88915,40.11774],[-82.88935,40.11771],[-82.88964,40.11768],[-82.88982,40.11768],[-82.88991,40.11769],[-82.89016,40.11772],[-82.89047,40.1178],[-82.89068,40.11783],[-82.89113,40.11782],[-82.89149,40.11776],[-82.89156,40.11773],[-82.89187,40.11768],[-82.89219,40.11772],[-82.8923,40.11777],[-82.89309,40.11807],[-82.8933,40.11815],[-82.89374,40.11833]]}},{"type":"Feature","properties":{"layer":"local","NAME":"Westar Blvd","MTFCC":"S1400"},"geometry":{"type":"LineString","coordinates":[[-82.94781,40.14104],[-82.94777,40.14101],[-82.94773,40.141],[-82.94769,40.141],[-82.94702,40.14096]]}},{"type":"Feature","properties":{"layer":"local","NAME":"Rockbourne Dr","MTFCC":"S1400"},"geometry":{"type":"LineString","coordinates":[[-82.91521,40.1339],[-82.91575,40.13392],[-82.91593,40.13393],[-82.91608,40.13397],[-82.91619,40.13402],[-82.91623,40.13404],[-82.9163,40.1341],[-82.9164,40.13421],[-82.91643,40.13426],[-82.91646,40.13432],[-82.91648,40.13441],[-82.91648,40.13449],[-82.91643,40.13511],[-82.91641,40.1352],[-82.91635,40.13531],[-82.91626,40.13541],[-82.91617,40.13548],[-82.91612,40.1355]]}},{"type":"Feature","properties":{"layer":"local","NAME":"Aylesbury Dr W","MTFCC":"S1400"},"geometry":{"type":"LineString","coordinates":[[-82.92064,40.134],[-82.92065,40.13408],[-82.92064,40.13418],[-82.92062,40.13426],[-82.9206,40.1343],[-82.92053,40.13439],[-82.92047,40.13446],[-82.92037,40.13455],[-82.9203,40.13463],[-82.92018,40.13481],[-82.92014,40.13492],[-82.92011,40.13502]]}},{"type":"Feature","properties":{"layer":"local","NAME":"Thompson Ave","MTFCC":"S1400"},"geometry":{"type":"LineString","coordinates":[[-82.9349,40.13574],[-82.93488,40.13621],[-82.93486,40.1365]]}},{"type":"Feature","properties":{"layer":"local","NAME":"Treva Ct","MTFCC":"S1400"},"geometry":{"type":"LineString","coordinates":[[-82.92849,40.11384],[-82.92903,40.11387],[-82.92929,40.11389],[-82.92945,40.11389]]}},{"type":"Feature","properties":{"layer":"local","NAME":"Amesbury Ct","MTFCC":"S1400"},"geometry":{"type":"LineString","coordinates":[[-82.92102,40.13531],[-82.92109,40.13522],[-82.92119,40.13508],[-82.92126,40.13501],[-82.92139,40.13488],[-82.92152,40.13477],[-82.92174,40.13461]]}},{"type":"Feature","properties":{"layer":"local","NAME":"Waterton Ct","MTFCC":"S1400"},"geometry":{"type":"LineString","coordinates":[[-82.95424,40.12818],[-82.95446,40.12856]]}},{"type":"Feature","properties":{"layer":"local","NAME":"Wetherby Ln","MTFCC":"S1400"},"geometry":{"type":"LineString","coordinates":[[-82.93031,40.1109],[-82.93154,40.11094],[-82.93201,40.11105],[-82.93226,40.11115],[-82.93265,40.1112],[-82.93328,40.11123],[-82.93339,40.11121]]}},{"type":"Feature","properties":{"layer":"local","NAME":"Bunker Hill Ct","MTFCC":"S1400"},"geometry":{"type":"LineString","coordinates":[[-82.90251,40.11124],[-82.9022,40.11122],[-82.90185,40.11121],[-82.90151,40.11121]]}},{"type":"Feature","properties":{"layer":"local","NAME":"Sharelane Rd","MTFCC":"S1400"},"geometry":{"type":"LineString","coordinates":[[-82.94228,40.15137],[-82.94181,40.15163],[-82.94173,40.15167]]}},{"type":"Feature","properties":{"layer":"local","NAME":"S Knox St","MTFCC":"S1400"},"geometry":{"type":"LineString","coordinates":[[-82.93321,40.12571],[-82.9331,40.12518],[-82.9331,40.12499],[-82.93309,40.12416]]}},{"type":"Feature","properties":{"layer":"local","NAME":"S West St","MTFCC":"S1400"},"geometry":{"type":"LineString","coordinates":[[-82.93899,40.1258],[-82.93895,40.12561],[-82.93887,40.12524],[-82.93874,40.12472],[-82.93872,40.12464],[-82.93869,40.12459],[-82.93864,40.12456]]}},{"type":"Feature","properties":{"layer":"local","NAME":"Northchurch Ln","MTFCC":"S1400"},"geometry":{"type":"LineString","coordinates":[[-82.91363,40.13713],[-82.91375,40.13714],[-82.91505,40.13719],[-82.9156,40.13722],[-82.91573,40.13722],[-82.91581,40.13721],[-82.91589,40.13719],[-82.91602,40.13715],[-82.91608,40.13712],[-82.9161,40.1371]]}},{"type":"Feature","properties":{"layer":"local","NAME":"Brookstone Dr","MTFCC":"S1400"},"geometry":{"type":"LineString","coordinates":[[-82.90689,40.15236],[-82.90701,40.15222],[-82.90708,40.15213],[-82.90712,40.15204],[-82.90715,40.15194],[-82.90717,40.1517],[-82.90719,40.1516],[-82.90723,40.1515],[-82.90728,40.15141],[-82.90736,40.15132],[-82.90746,40.15124],[-82.90755,40.15118],[-82.90767,40.15113],[-82.90779,40.15109],[-82.90792,40.15107],[-82.90806,40.15106],[-82.91003,40.15113]]}},{"type":"Feature","properties":{"layer":"local","NAME":"Tressler Dr","MTFCC":"S1400"},"geometry":{"type":"LineString","coordinates":[[-82.9234,40.14013],[-82.92327,40.14056],[-82.92316,40.14099],[-82.92292,40.14183],[-82.92284,40.1421]]}},{"type":"Feature","properties":{"layer":"local","NAME":"Houghoon Aly","MTFCC":"S1730"},"geometry":{"type":"LineString","coordinates":[[-82.92311,40.12489],[-82.92306,40.12618]]}},{"type":"Feature","properties":{"layer":"local","NAME":"Burns Dr","MTFCC":"S1400"},"geometry":{"type":"LineString","coordinates":[[-82.91133,40.1403],[-82.91133,40.14024],[-82.91137,40.13973],[-82.91138,40.13941],[-82.91138,40.13922],[-82.91137,40.13914],[-82.91131,40.13897],[-82.91127,40.13889],[-82.91075,40.13801],[-82.91054,40.13764],[-82.91046,40.13746],[-82.91034,40.13718],[-82.91031,40.13708],[-82.91018,40.13671],[-82.91003,40.1363],[-82.90974,40.13553],[-82.90966,40.13531],[-82.90945,40.13475],[-82.90941,40.1345],[-82.9094,40.13439],[-82.90944,40.13385],[-82.90949,40.13311],[-82.90954,40.13243]]}},{"type":"Feature","properties":{"layer":"local","NAME":"Pepper Ct","MTFCC":"S1400"},"geometry":{"type":"LineString","coordinates":[[-82.90705,40.13349],[-82.90691,40.13351],[-82.90672,40.13353],[-82.90657,40.13353],[-82.90626,40.13352],[-82.90609,40.13351],[-82.90604,40.13349],[-82.90595,40.13346],[-82.90588,40.13341],[-82.90583,40.13335],[-82.90578,40.13328],[-82.90576,40.13321],[-82.90576,40.13309],[-82.90577,40.13287],[-82.90578,40.13277]]}},{"type":"Feature","properties":{"layer":"local","NAME":"Liverpool Pl","MTFCC":"S1400"},"geometry":{"type":"LineString","coordinates":[[-82.90203,40.10551],[-82.90241,40.10519],[-82.90261,40.10509],[-82.90285,40.10505],[-82.90299,40.10506],[-82.90328,40.10518],[-82.90348,40.10536],[-82.90362,40.10547],[-82.90385,40.10568],[-82.90424,40.10586]]}},{"type":"Feature","properties":{"layer":"local","NAME":"Ivyside Sq","MTFCC":"S1400"},"geometry":{"type":"LineString","coordinates":[[-82.93025,40.13931],[-82.9302,40.14004]]}},{"type":"Feature","properties":{"layer":"local","NAME":"Directors Ct","MTFCC":"S1400"},"geometry":{"type":"LineString","coordinates":[[-82.93391,40.13246],[-82.93393,40.13226],[-82.93397,40.13214],[-82.93407,40.13204],[-82.93416,40.132],[-82.93427,40.13199],[-82.93465,40.132]]}},{"type":"Feature","properties":{"layer":"local","NAME":"Budd Aly","MTFCC":"S1730"},"geometry":{"type":"LineString","coordinates":[[-82.93013,40.12399],[-82.93008,40.12505],[-82.93007,40.12562]]}},{"type":"Feature","properties":{"layer":"local","NAME":"Walker Aly","MTFCC":"S1730"},"geometry":{"type":"LineString","coordinates":[[-82.93066,40.12676],[-82.93065,40.12717],[-82.93064,40.12755],[-82.93063,40.12814]]}},{"type":"Feature","properties":{"layer":"local","NAME":"Braxton Pl S","MTFCC":"S1400"},"geometry":{"type":"LineString","coordinates":[[-82.91869,40.11035],[-82.91872,40.11033],[-82.91879,40.11032],[-82.91952,40.11036],[-82.91965,40.11043]]}},{"type":"Feature","properties":{"layer":"local","NAME":"Woodview Rd","MTFCC":"S1400"},"geometry":{"type":"LineString","coordinates":[[-82.90756,40.1109],[-82.90849,40.11121],[-82.90876,40.11127],[-82.90895,40.11125],[-82.90913,40.1112],[-82.90917,40.11118],[-82.90928,40.1111],[-82.90939,40.11097],[-82.90943,40.1108],[-82.90939,40.11062],[-82.90924,40.11025],[-82.90895,40.10961],[-82.90884,40.10943],[-82.90865,40.1093],[-82.90853,40.10917],[-82.90847,40.10902],[-82.90849,40.10888],[-82.90854,40.10873]]}},{"type":"Feature","properties":{"layer":"local","NAME":"N Grove St","MTFCC":"S1400"},"geometry":{"type":"LineString","coordinates":[[-82.93556,40.12542],[-82.93573,40.12619],[-82.93587,40.12682],[-82.93599,40.1274]]}},{"type":"Feature","properties":{"layer":"local","NAME":"Farthing Ct","MTFCC":"S1400"},"geometry":{"type":"LineString","coordinates":[[-82.92001,40.13105],[-82.91976,40.13079],[-82.91969,40.1306]]}},{"type":"Feature","properties":{"layer":"local","NAME":"Benderson Dr","MTFCC":"S1400"},"geometry":{"type":"LineString","coordinates":[[-82.89763,40.15],[-82.89765,40.14985],[-82.89765,40.14978],[-82.89763,40.14964],[-82.89761,40.14956],[-82.89757,40.14946],[-82.8975,40.14936],[-82.89742,40.14927],[-82.89732,40.14918],[-82.89723,40.14913],[-82.89714,40.14908],[-82.89701,40.14903],[-82.89687,40.14899],[-82.89676,40.14897],[-82.89665,40.14896],[-82.89315,40.14878]]}},{"type":"Feature","properties":{"layer":"local","NAME":null,"MTFCC":"S1740"},"geometry":{"type":"LineString","coordinates":[[-82.9482,40.11385],[-82.94812,40.11389],[-82.94807,40.11393],[-82.94795,40.11406],[-82.94759,40.11443],[-82.94751,40.11452],[-82.94749,40.11455],[-82.94748,40.11458],[-82.94747,40.1146],[-82.94747,40.11463],[-82.94749,40.11466],[-82.94753,40.11471],[-82.94771,40.11487],[-82.9479,40.11503],[-82.94792,40.11505],[-82.94794,40.11508],[-82.94794,40.11511],[-82.94794,40.11514],[-82.94791,40.11556],[-82.9479,40.11561],[-82.94789,40.11566],[-82.94787,40.11569],[-82.94782,40.11575],[-82.94774,40.11582]]}},{"type":"Feature","properties":{"layer":"local","NAME":null,"MTFCC":"S1740"},"geometry":{"type":"LineString","coordinates":[[-82.94553,40.1137],[-82.94558,40.11365],[-82.94566,40.11356],[-82.94574,40.11351],[-82.94582,40.11347],[-82.94592,40.11343],[-82.9461,40.11338],[-82.94619,40.11336],[-82.94634,40.11333],[-82.94663,40.11331],[-82.94687,40.11331]]}},{"type":"Feature","properties":{"layer":"local","NAME":"Burwood Ct","MTFCC":"S1400"},"geometry":{"type":"LineString","coordinates":[[-82.90726,40.10972],[-82.90714,40.10977],[-82.90687,40.10986],[-82.90667,40.10989],[-82.90648,40.10992]]}},{"type":"Feature","properties":{"layer":"local","NAME":null,"MTFCC":"S1740"},"geometry":{"type":"LineString","coordinates":[[-82.94687,40.11331],[-82.94685,40.1134],[-82.94685,40.11346],[-82.94685,40.1135],[-82.94686,40.11354],[-82.94687,40.1136],[-82.94688,40.11363],[-82.94692,40.1137],[-82.94694,40.11376],[-82.94695,40.11379],[-82.94695,40.11384],[-82.94695,40.11389],[-82.94695,40.11395],[-82.94694,40.11409],[-82.94693,40.11424]]}},{"type":"Feature","properties":{"layer":"local","NAME":"Flour Ct","MTFCC":"S1400"},"geometry":{"type":"LineString","coordinates":[[-82.90825,40.135],[-82.90798,40.13507],[-82.90777,40.13514],[-82.90762,40.13522],[-82.90748,40.13532],[-82.90736,40.13539],[-82.90731,40.13541]]}},{"type":"Feature","properties":{"layer":"local","NAME":"Westridge Ct","MTFCC":"S1400"},"geometry":{"type":"LineString","coordinates":[[-82.91381,40.12755],[-82.91377,40.12759],[-82.91376,40.12765],[-82.91379,40.12769],[-82.91385,40.12772],[-82.91392,40.12772],[-82.91398,40.1277],[-82.91402,40.12765],[-82.91402,40.12761],[-82.91399,40.12756],[-82.91393,40.12753],[-82.91387,40.12753],[-82.91381,40.12755]]}},{"type":"Feature","properties":{"layer":"local","NAME":"Crosslake Ct","MTFCC":"S1400"},"geometry":{"type":"LineString","coordinates":[[-82.91513,40.11084],[-82.91481,40.11088],[-82.9141,40.11097],[-82.91391,40.11104],[-82.91339,40.11134]]}},{"type":"Feature","properties":{"layer":"local","NAME":"Hartfordshire Ln","MTFCC":"S1400"},"geometry":{"type":"LineString","coordinates":[[-82.8977,40.11521],[-82.89766,40.11545],[-82.8976,40.11557],[-82.89734,40.11596],[-82.89723,40.11621],[-82.89722,40.11634]]}},{"type":"Feature","properties":{"layer":"local","NAME":"Crossbrook Blvd","MTFCC":"S1400"},"geometry":{"type":"LineString","coordinates":[[-82.93339,40.11121],[-82.93342,40.11118],[-82.93343,40.11115],[-82.93347,40.11068],[-82.9335,40.11009]]}},{"type":"Feature","properties":{"layer":"local","NAME":"Granby Pl E","MTFCC":"S1400"},"geometry":{"type":"LineString","coordinates":[[-82.95934,40.12277],[-82.95928,40.12283],[-82.95926,40.12291],[-82.95916,40.12424]]}},{"type":"Feature","properties":{"layer":"local","NAME":"Deer Run Rd","MTFCC":"S1400"},"geometry":{"type":"LineString","coordinates":[[-82.89483,40.11132],[-82.89526,40.11136],[-82.89548,40.11135],[-82.89579,40.11122],[-82.89597,40.11101],[-82.89601,40.11084],[-82.89605,40.11061],[-82.89608,40.11042],[-82.89609,40.11024],[-82.89604,40.10999],[-82.89598,40.10984],[-82.89586,40.10959]]}},{"type":"Feature","properties":{"layer":"local","NAME":"Intek Way","MTFCC":"S1400"},"geometry":{"type":"LineString","coordinates":[[-82.91994,40.14416],[-82.92015,40.14416],[-82.92021,40.14416],[-82.92107,40.1442]]}},{"type":"Feature","properties":{"layer":"local","NAME":"Sherwood Ln","MTFCC":"S1400"},"geometry":{"type":"LineString","coordinates":[[-82.95872,40.14177],[-82.96073,40.14184],[-82.96081,40.14183],[-82.9609,40.14184],[-82.96096,40.14183],[-82.96101,40.14182],[-82.96109,40.14182],[-82.96119,40.14182],[-82.96128,40.14183],[-82.96173,40.14193],[-82.96184,40.14195],[-82.96196,40.14195],[-82.96205,40.14194],[-82.96211,40.14192],[-82.96214,40.1419],[-82.96225,40.14186],[-82.96231,40.14185],[-82.96239,40.14184],[-82.96247,40.14185],[-82.96254,40.14187],[-82.96262,40.14191]]}},{"type":"Feature","properties":{"layer":"local","NAME":"Stoner Aly","MTFCC":"S1400"},"geometry":{"type":"LineString","coordinates":[[-82.92571,40.12741],[-82.92582,40.12629]]}},{"type":"Feature","properties":{"layer":"local","NAME":"Craigside Ln","MTFCC":"S1400"},"geometry":{"type":"LineString","coordinates":[[-82.9575,40.14202],[-82.95745,40.142],[-82.95737,40.14199],[-82.95719,40.14197],[-82.95701,40.14196],[-82.95688,40.14196],[-82.95683,40.14197],[-82.95681,40.14199],[-82.95677,40.14215],[-82.95667,40.14246]]}},{"type":"Feature","properties":{"layer":"local","NAME":"Well Fleet Dr","MTFCC":"S1400"},"geometry":{"type":"LineString","coordinates":[[-82.94545,40.099],[-82.94548,40.09909],[-82.94546,40.09926],[-82.94546,40.09942],[-82.94547,40.09948],[-82.94557,40.09973],[-82.94568,40.09986],[-82.94578,40.09998],[-82.94598,40.10009]]}},{"type":"Feature","properties":{"layer":"local","NAME":"Westridge Ct","MTFCC":"S1400"},"geometry":{"type":"LineString","coordinates":[[-82.91368,40.1274],[-82.91381,40.12755]]}},{"type":"Feature","properties":{"layer":"local","NAME":null,"MTFCC":"S1630"},"geometry":{"type":"LineString","coordinates":[[-82.95497,40.10631],[-82.95258,40.10584],[-82.94956,40.10524]]}},{"type":"Feature","properties":{"layer":"local","NAME":"Sorensen Pl","MTFCC":"S1400"},"geometry":{"type":"LineString","coordinates":[[-82.90291,40.15171],[-82.903,40.15165],[-82.90308,40.15156],[-82.90314,40.15148],[-82.90318,40.15138],[-82.90321,40.15128],[-82.90324,40.15091]]}},{"type":"Feature","properties":{"layer":"local","NAME":"Morningstar Loop","MTFCC":"S1400"},"geometry":{"type":"LineString","coordinates":[[-82.89867,40.14563],[-82.89866,40.14569],[-82.89865,40.14594],[-82.89862,40.14601]]}},{"type":"Feature","properties":{"layer":"local","NAME":"Tottenham Blvd","MTFCC":"S1400"},"geometry":{"type":"LineString","coordinates":[[-82.9588,40.1382],[-82.95881,40.13806],[-82.95886,40.13745]]}},{"type":"Feature","properties":{"layer":"local","NAME":"Woodgate Ln","MTFCC":"S1400"},"geometry":{"type":"LineString","coordinates":[[-82.92908,40.13501],[-82.92883,40.13502],[-82.92869,40.13503],[-82.92856,40.13507]]}},{"type":"Feature","properties":{"layer":"local","NAME":"W Lincoln St","MTFCC":"S1400"},"geometry":{"type":"LineString","coordinates":[[-82.93268,40.12882],[-82.93375,40.12888],[-82.93457,40.12895],[-82.93513,40.129],[-82.93524,40.12901]]}},{"type":"Feature","properties":{"layer":"local","NAME":"Woodgate Ln","MTFCC":"S1400"},"geometry":{"type":"LineString","coordinates":[[-82.92856,40.13507],[-82.92854,40.13507],[-82.92839,40.1351]]}},{"type":"Feature","properties":{"layer":"local","NAME":"Olde Mill Dr","MTFCC":"S1400"},"geometry":{"type":"LineString","coordinates":[[-82.90706,40.14374],[-82.90705,40.14402],[-82.90703,40.14426],[-82.90701,40.14429],[-82.90696,40.14433],[-82.90691,40.14434],[-82.90687,40.14435],[-82.90674,40.14434]]}},{"type":"Feature","properties":{"layer":"local","NAME":"Olde Mill Dr","MTFCC":"S1400"},"geometry":{"type":"LineString","coordinates":[[-82.90674,40.14434],[-82.90665,40.14566],[-82.90664,40.14596]]}},{"type":"Feature","properties":{"layer":"local","NAME":"Otterbein Ave","MTFCC":"S1400"},"geometry":{"type":"LineString","coordinates":[[-82.9211,40.1329],[-82.9211,40.13292],[-82.92109,40.13293],[-82.92107,40.13297],[-82.9209,40.1332]]}},{"type":"Feature","properties":{"layer":"local","NAME":"Park Bend Ct","MTFCC":"S1400"},"geometry":{"type":"LineString","coordinates":[[-82.89647,40.15023],[-82.89638,40.15016],[-82.8963,40.1501],[-82.89614,40.15001],[-82.89605,40.14997],[-82.89599,40.14995],[-82.89585,40.14992],[-82.89578,40.14991],[-82.89563,40.14991],[-82.89458,40.14985]]}},{"type":"Feature","properties":{"layer":"local","NAME":"Maplebrooke Dr E","MTFCC":"S1400"},"geometry":{"type":"LineString","coordinates":[[-82.92527,40.13836],[-82.92528,40.13823],[-82.9253,40.1379],[-82.92534,40.13725],[-82.92536,40.13713],[-82.92538,40.13704],[-82.92539,40.137],[-82.92541,40.13696],[-82.92547,40.1369],[-82.92554,40.13684],[-82.92559,40.13682],[-82.92568,40.13678],[-82.92578,40.13676],[-82.92586,40.13676]]}},{"type":"Feature","properties":{"layer":"local","NAME":null,"MTFCC":"S1630"},"geometry":{"type":"LineString","coordinates":[[-82.94396,40.10416],[-82.94505,40.10428],[-82.94566,40.10433],[-82.94596,40.10433],[-82.94634,40.10428],[-82.94666,40.1042],[-82.94689,40.10413],[-82.94744,40.10397],[-82.94795,40.10382],[-82.94819,40.10375],[-82.94844,40.10372],[-82.94872,40.10369],[-82.94913,40.10368],[-82.94965,40.10368],[-82.95006,40.1037],[-82.95062,40.10376],[-82.95094,40.10383],[-82.95105,40.10389],[-82.95131,40.10402],[-82.95188,40.10456],[-82.9523,40.10498],[-82.95264,40.10532],[-82.9531,40.10568],[-82.95356,40.1059],[-82.95411,40.10607],[-82.95497,40.10631]]}},{"type":"Feature","properties":{"layer":"local","NAME":"Southbluff Dr","MTFCC":"S1400"},"geometry":{"type":"LineString","coordinates":[[-82.9531,40.1344],[-82.95317,40.13438],[-82.95325,40.13435],[-82.95342,40.1343],[-82.95348,40.13429],[-82.95361,40.13428],[-82.95373,40.13429],[-82.95385,40.13431],[-82.95445,40.13455],[-82.95465,40.13461],[-82.95473,40.13462],[-82.95491,40.13465],[-82.95508,40.13465],[-82.95527,40.13464],[-82.95544,40.13462],[-82.9556,40.13457],[-82.95568,40.13454],[-82.956,40.1344],[-82.95619,40.13431]]}},{"type":"Feature","properties":{"layer":"local","NAME":"Peachtree Ct","MTFCC":"S1400"},"geometry":{"type":"LineString","coordinates":[[-82.91155,40.10335],[-82.91158,40.10311],[-82.91163,40.10303],[-82.91183,40.1029],[-82.91185,40.10289]]}},{"type":"Feature","properties":{"layer":"local","NAME":"White Chapel Ct","MTFCC":"S1400"},"geometry":{"type":"LineString","coordinates":[[-82.95374,40.10895],[-82.95332,40.10901]]}},{"type":"Feature","properties":{"layer":"local","NAME":null,"MTFCC":"S1740"},"geometry":{"type":"LineString","coordinates":[[-82.94774,40.11582],[-82.94769,40.11579],[-82.94762,40.11575],[-82.94755,40.11573],[-82.94738,40.1157],[-82.94726,40.1157],[-82.94706,40.11571],[-82.94682,40.11572],[-82.94656,40.11573],[-82.94624,40.11572],[-82.94599,40.1157],[-82.94535,40.11565],[-82.94528,40.11566],[-82.94496,40.11569],[-82.94485,40.1157]]}},{"type":"Feature","properties":{"layer":"local","NAME":"Ashton Village Dr","MTFCC":"S1400"},"geometry":{"type":"LineString","coordinates":[[-82.928,40.14231],[-82.92816,40.14249]]}},{"type":"Feature","properties":{"layer":"local","NAME":"Pinebrooke Dr","MTFCC":"S1400"},"geometry":{"type":"LineString","coordinates":[[-82.92745,40.13776],[-82.92743,40.13814],[-82.92741,40.13826],[-82.92742,40.1383],[-82.92743,40.13833],[-82.92746,40.13839],[-82.92748,40.13842],[-82.92753,40.13845],[-82.92757,40.13847],[-82.92764,40.13849],[-82.9279,40.1385],[-82.92835,40.13852]]}},{"type":"Feature","properties":{"layer":"local","NAME":null,"MTFCC":"S1630"},"geometry":{"type":"LineString","coordinates":[[-82.92421,40.10022],[-82.92392,40.10013],[-82.92347,40.09986],[-82.9233,40.09959],[-82.92328,40.09949],[-82.92331,40.09928],[-82.92342,40.09908],[-82.92372,40.09887],[-82.9241,40.09879],[-82.92424,40.09879]]}},{"type":"Feature","properties":{"layer":"local","NAME":"Manila Pl","MTFCC":"S1400"},"geometry":{"type":"LineString","coordinates":[[-82.90805,40.10428],[-82.90727,40.10406]]}},{"type":"Feature","properties":{"layer":"local","NAME":"Big Rock Dr","MTFCC":"S1400"},"geometry":{"type":"LineString","coordinates":[[-82.90638,40.13938],[-82.90659,40.13919],[-82.90674,40.13906],[-82.90696,40.13886],[-82.90708,40.13875],[-82.90712,40.13872],[-82.90723,40.13865],[-82.90733,40.1386],[-82.90743,40.13858],[-82.90751,40.13856],[-82.9077,40.13856],[-82.90835,40.13858],[-82.90905,40.13861],[-82.90918,40.13861],[-82.90961,40.13863],[-82.91007,40.13865]]}},{"type":"Feature","properties":{"layer":"local","NAME":"Taylor Way","MTFCC":"S1400"},"geometry":{"type":"LineString","coordinates":[[-82.95872,40.1382],[-82.95871,40.13828],[-82.95867,40.13846],[-82.95845,40.13924],[-82.95829,40.13987],[-82.95822,40.14013],[-82.95818,40.14027],[-82.95817,40.14031],[-82.95816,40.14034],[-82.95815,40.1404]]}},{"type":"Feature","properties":{"layer":"local","NAME":"Brookhurst Ave","MTFCC":"S1400"},"geometry":{"type":"LineString","coordinates":[[-82.95886,40.10325],[-82.95885,40.10337],[-82.95887,40.10345],[-82.95891,40.10351],[-82.95903,40.10361],[-82.95906,40.10367],[-82.95906,40.10372],[-82.95894,40.10377],[-82.95873,40.10356],[-82.9587,40.10349],[-82.95873,40.10341],[-82.95886,40.10325]]}},{"type":"Feature","properties":{"layer":"local","NAME":"Liege Pl","MTFCC":"S1400"},"geometry":{"type":"LineString","coordinates":[[-82.90362,40.10547],[-82.90429,40.10504]]}},{"type":"Feature","properties":{"layer":"local","NAME":"Matthew Ave","MTFCC":"S1400"},"geometry":{"type":"LineString","coordinates":[[-82.91368,40.1274],[-82.91315,40.12738],[-82.91186,40.12732],[-82.9117,40.12733],[-82.91157,40.12739],[-82.91147,40.12748],[-82.91144,40.12762],[-82.91142,40.12812],[-82.91137,40.12892],[-82.9113,40.12985],[-82.91125,40.13062],[-82.91122,40.13117]]}},{"type":"Feature","properties":{"layer":"local","NAME":"Pointview Dr","MTFCC":"S1400"},"geometry":{"type":"LineString","coordinates":[[-82.91321,40.11003],[-82.91323,40.10998],[-82.91341,40.10961],[-82.91351,40.10935],[-82.91357,40.10905],[-82.91359,40.10883],[-82.91367,40.10802],[-82.91368,40.10787],[-82.91368,40.10767],[-82.91364,40.10741],[-82.91361,40.10714],[-82.91361,40.10705],[-82.91367,40.10646],[-82.91373,40.10571],[-82.91377,40.10529],[-82.9138,40.10492],[-82.9138,40.10468],[-82.91379,40.10454],[-82.91378,40.10441],[-82.91377,40.1041],[-82.91377,40.10386],[-82.91379,40.10365],[-82.9138,40.10348]]}},{"type":"Feature","properties":{"layer":"local","NAME":"Green Acres Dr","MTFCC":"S1400"},"geometry":{"type":"LineString","coordinates":[[-82.91382,40.12578],[-82.91375,40.12705],[-82.91373,40.12737],[-82.91371,40.12739],[-82.91368,40.1274]]}},{"type":"Feature","properties":{"layer":"local","NAME":"Mariemont Dr W","MTFCC":"S1400"},"geometry":{"type":"LineString","coordinates":[[-82.93341,40.1151],[-82.93346,40.11507],[-82.93349,40.11503],[-82.93357,40.11482],[-82.93359,40.11448]]}},{"type":"Feature","properties":{"layer":"local","NAME":"Surf Ct","MTFCC":"S1400"},"geometry":{"type":"LineString","coordinates":[[-82.89634,40.14434],[-82.89638,40.1438]]}},{"type":"Feature","properties":{"layer":"local","NAME":"Ruttington Ln","MTFCC":"S1400"},"geometry":{"type":"LineString","coordinates":[[-82.91095,40.14242],[-82.91204,40.14253],[-82.9122,40.14251],[-82.9125,40.14245]]}},{"type":"Feature","properties":{"layer":"local","NAME":"Stonefield Dr","MTFCC":"S1400"},"geometry":{"type":"LineString","coordinates":[[-82.9111,40.14616],[-82.91114,40.14533],[-82.91113,40.1452],[-82.9111,40.14505],[-82.91105,40.14493],[-82.91099,40.14481],[-82.91089,40.14468],[-82.91079,40.14457],[-82.91068,40.14448],[-82.91056,40.14439],[-82.91043,40.14431],[-82.9104,40.1443],[-82.91026,40.14424],[-82.91008,40.14418],[-82.90992,40.14414],[-82.90975,40.14412],[-82.90955,40.14411],[-82.90911,40.14409],[-82.90854,40.14408],[-82.90762,40.14404],[-82.90754,40.14404],[-82.90705,40.14402]]}},{"type":"Feature","properties":{"layer":"local","NAME":"Prince William Ln","MTFCC":"S1400"},"geometry":{"type":"LineString","coordinates":[[-82.90177,40.12747],[-82.90193,40.12732],[-82.90207,40.12712],[-82.90208,40.12709],[-82.90212,40.1269],[-82.90216,40.12631],[-82.90216,40.12613],[-82.90202,40.12596],[-82.90179,40.12585],[-82.90154,40.12578],[-82.90128,40.12573],[-82.90121,40.12572],[-82.89992,40.12565],[-82.8998,40.12566],[-82.89969,40.12569],[-82.89956,40.1258],[-82.89954,40.12592],[-82.89957,40.12603],[-82.89969,40.12622],[-82.89978,40.12636],[-82.89979,40.12644],[-82.89977,40.12653],[-82.89945,40.12706]]}},{"type":"Feature","properties":{"layer":"local","NAME":"Brownstone Ct","MTFCC":"S1400"},"geometry":{"type":"LineString","coordinates":[[-82.89309,40.11807],[-82.89371,40.11713]]}},{"type":"Feature","properties":{"layer":"local","NAME":"Delaware Dr","MTFCC":"S1400"},"geometry":{"type":"LineString","coordinates":[[-82.90671,40.11571],[-82.90784,40.11577],[-82.90823,40.11579],[-82.90874,40.11573],[-82.90923,40.11555],[-82.90958,40.11528],[-82.90981,40.11492],[-82.90989,40.11452],[-82.90988,40.11432],[-82.90982,40.11406],[-82.90981,40.11362],[-82.90982,40.11349]]}},{"type":"Feature","properties":{"layer":"local","NAME":"Drakewood Rd","MTFCC":"S1400"},"geometry":{"type":"LineString","coordinates":[[-82.92082,40.1129],[-82.92058,40.11286],[-82.91888,40.11274],[-82.91828,40.11271],[-82.91757,40.11267],[-82.91727,40.11266]]}},{"type":"Feature","properties":{"layer":"local","NAME":null,"MTFCC":"S1730"},"geometry":{"type":"LineString","coordinates":[[-82.90863,40.14199],[-82.90855,40.14316]]}},{"type":"Feature","properties":{"layer":"local","NAME":"Bruce Ct","MTFCC":"S1400"},"geometry":{"type":"LineString","coordinates":[[-82.96007,40.13404],[-82.96009,40.13374],[-82.96013,40.13317]]}},{"type":"Feature","properties":{"layer":"local","NAME":"Crossings Dr","MTFCC":"S1400"},"geometry":{"type":"LineString","coordinates":[[-82.92706,40.13578],[-82.92702,40.13615],[-82.92702,40.1362],[-82.92705,40.1363],[-82.92707,40.13635],[-82.92709,40.1364],[-82.92713,40.13645],[-82.92726,40.13658],[-82.92734,40.13666],[-82.92738,40.1367],[-82.92741,40.13674],[-82.92747,40.13686],[-82.92749,40.13697],[-82.9275,40.13705],[-82.92749,40.13724],[-82.92745,40.13776]]}},{"type":"Feature","properties":{"layer":"local","NAME":"Merom Lndg","MTFCC":"S1400"},"geometry":{"type":"LineString","coordinates":[[-82.89822,40.14664],[-82.89819,40.14709],[-82.89818,40.14729],[-82.89817,40.14732],[-82.89813,40.14737],[-82.89808,40.14741],[-82.89802,40.14743],[-82.89795,40.14744],[-82.89752,40.14742],[-82.89742,40.14739],[-82.89735,40.14732],[-82.89734,40.14729],[-82.89733,40.14724],[-82.89736,40.14661]]}},{"type":"Feature","properties":{"layer":"local","NAME":"Monroe Ln","MTFCC":"S1400"},"geometry":{"type":"LineString","coordinates":[[-82.91413,40.12147],[-82.91423,40.12018],[-82.91425,40.11986]]}},{"type":"Feature","properties":{"layer":"local","NAME":"Beech Ln","MTFCC":"S1400"},"geometry":{"type":"LineString","coordinates":[[-82.9104,40.11006],[-82.91022,40.1101],[-82.90994,40.11012],[-82.90951,40.11014]]}},{"type":"Feature","properties":{"layer":"local","NAME":null,"MTFCC":"S1630"},"geometry":{"type":"LineString","coordinates":[[-82.94032,40.10377],[-82.94114,40.10399],[-82.94207,40.10421],[-82.94258,40.10433],[-82.94394,40.10461],[-82.94431,40.1047],[-82.94521,40.10495],[-82.94572,40.10512],[-82.94581,40.10515],[-82.94641,40.10552],[-82.94686,40.106],[-82.9471,40.10634],[-82.94721,40.10649],[-82.94759,40.10679],[-82.94812,40.10701],[-82.94833,40.10708]]}},{"type":"Feature","properties":{"layer":"local","NAME":"Storington Rd","MTFCC":"S1400"},"geometry":{"type":"LineString","coordinates":[[-82.95088,40.11987],[-82.9508,40.12005],[-82.95074,40.1202],[-82.95071,40.12039],[-82.95077,40.12059],[-82.95084,40.12069],[-82.95091,40.12078],[-82.95121,40.12118],[-82.95132,40.12135],[-82.95139,40.12152],[-82.95141,40.12175],[-82.95139,40.12199],[-82.95139,40.12208],[-82.95143,40.12217],[-82.95159,40.12224],[-82.95237,40.12226],[-82.95262,40.12224],[-82.95286,40.12216],[-82.95313,40.12204]]}},{"type":"Feature","properties":{"layer":"local","NAME":"Hilmar Dr","MTFCC":"S1400"},"geometry":{"type":"LineString","coordinates":[[-82.9111,40.14616],[-82.91109,40.14632],[-82.91108,40.14649],[-82.91107,40.14676],[-82.91109,40.14693],[-82.91114,40.14714],[-82.91121,40.1473],[-82.91129,40.14747],[-82.91135,40.14756],[-82.91152,40.14786],[-82.91157,40.14803],[-82.91158,40.14805],[-82.91159,40.14812],[-82.91159,40.14834],[-82.91156,40.14848],[-82.91152,40.14863],[-82.91146,40.14875],[-82.91137,40.14889],[-82.91131,40.14896],[-82.91124,40.14905],[-82.91088,40.14938],[-82.91065,40.1496],[-82.91047,40.14977],[-82.91036,40.1499],[-82.91027,40.15003],[-82.9102,40.15017],[-82.91014,40.15031],[-82.9101,40.15045],[-82.91007,40.1506],[-82.91006,40.15072],[-82.91003,40.15113],[-82.90999,40.15151],[-82.90996,40.1516],[-82.90991,40.1517],[-82.90983,40.15182],[-82.90976,40.15191],[-82.90965,40.15201],[-82.90952,40.1521],[-82.90951,40.15211],[-82.90938,40.15218],[-82.90906,40.15231],[-82.90893,40.15238],[-82.90882,40.15246],[-82.9087,40.15257],[-82.90863,40.15265],[-82.90855,40.15276],[-82.9085,40.15287],[-82.90846,40.15301],[-82.90838,40.15387],[-82.90836,40.15396],[-82.90834,40.15404],[-82.90827,40.15416],[-82.90806,40.15446],[-82.90802,40.15454],[-82.90799,40.15461],[-82.90796,40.15469],[-82.90794,40.15478],[-82.90791,40.1551],[-82.90778,40.15639],[-82.90779,40.15649],[-82.90781,40.1566],[-82.9079,40.15685],[-82.90793,40.15698],[-82.90794,40.1571],[-82.90792,40.15729],[-82.90788,40.15772],[-82.90783,40.15821],[-82.90774,40.15916],[-82.9077,40.15957],[-82.90768,40.1597],[-82.90764,40.15983],[-82.90757,40.15995],[-82.90749,40.16007],[-82.9074,40.16017],[-82.90731,40.16025],[-82.90722,40.16032],[-82.90717,40.16035],[-82.90703,40.16042],[-82.90679,40.16052],[-82.90674,40.16054],[-82.90659,40.16057],[-82.90642,40.16059],[-82.90627,40.16059],[-82.90545,40.16055],[-82.90429,40.1605],[-82.9037,40.16047],[-82.90358,40.16046],[-82.90341,40.16043],[-82.90326,40.1604],[-82.90312,40.16034],[-82.90304,40.16031],[-82.90291,40.16025],[-82.90243,40.15994],[-82.90231,40.15988],[-82.90216,40.15981],[-82.90203,40.15977],[-82.90186,40.15973],[-82.90172,40.15971],[-82.90164,40.15971],[-82.90099,40.15969]]}},{"type":"Feature","properties":{"layer":"local","NAME":"Lynette Pl N","MTFCC":"S1400"},"geometry":{"type":"LineString","coordinates":[[-82.9017,40.12463],[-82.90157,40.12474],[-82.90146,40.12483],[-82.90135,40.12488],[-82.90126,40.1249],[-82.90116,40.1249],[-82.9006,40.12488]]}},{"type":"Feature","properties":{"layer":"local","NAME":"Bombay Ave","MTFCC":"S1400"},"geometry":{"type":"LineString","coordinates":[[-82.92013,40.10392],[-82.92003,40.10413],[-82.91993,40.10435],[-82.9198,40.10452],[-82.91955,40.10467],[-82.91924,40.10472],[-82.91378,40.10441]]}},{"type":"Feature","properties":{"layer":"local","NAME":"Ridge Lake Ct","MTFCC":"S1400"},"geometry":{"type":"LineString","coordinates":[[-82.91336,40.14806],[-82.91337,40.14809],[-82.91339,40.14813],[-82.91343,40.14816],[-82.91348,40.14818],[-82.91353,40.14818],[-82.9136,40.14817],[-82.91364,40.14813],[-82.91366,40.1481],[-82.91366,40.14807],[-82.91367,40.14805],[-82.91365,40.14802],[-82.91361,40.14798],[-82.91356,40.14795],[-82.91349,40.14795],[-82.91344,40.14796],[-82.9134,40.14799],[-82.91338,40.14802],[-82.91336,40.14806]]}},{"type":"Feature","properties":{"layer":"local","NAME":"Collier Dr","MTFCC":"S1400"},"geometry":{"type":"LineString","coordinates":[[-82.90403,40.14279],[-82.90408,40.14283],[-82.90416,40.14289],[-82.90426,40.14293],[-82.90435,40.14296],[-82.90448,40.14299],[-82.90494,40.14301],[-82.90602,40.14305],[-82.90711,40.14309],[-82.9076,40.14311],[-82.90768,40.14311],[-82.90808,40.14313],[-82.90811,40.14314],[-82.90855,40.14316],[-82.90857,40.14316],[-82.90902,40.14317]]}},{"type":"Feature","properties":{"layer":"local","NAME":"Mark Pl","MTFCC":"S1400"},"geometry":{"type":"LineString","coordinates":[[-82.92843,40.12559],[-82.92842,40.12571],[-82.92856,40.12572],[-82.92867,40.12573],[-82.92885,40.12575],[-82.92922,40.12576]]}},{"type":"Feature","properties":{"layer":"local","NAME":"Augusta Woods Ter","MTFCC":"S1400"},"geometry":{"type":"LineString","coordinates":[[-82.93805,40.15113],[-82.93805,40.15105],[-82.93905,40.15108],[-82.93916,40.15107],[-82.93927,40.15105],[-82.93937,40.15101],[-82.93946,40.15096]]}},{"type":"Feature","properties":{"layer":"local","NAME":"Babbington Ct","MTFCC":"S1400"},"geometry":{"type":"LineString","coordinates":[[-82.90221,40.11453],[-82.9022,40.11434],[-82.90219,40.11427],[-82.90215,40.11421],[-82.90205,40.11416],[-82.90193,40.11415],[-82.90124,40.11419],[-82.90083,40.11423],[-82.90071,40.11425]]}},{"type":"Feature","properties":{"layer":"local","NAME":"Autumn Creek Cir","MTFCC":"S1400"},"geometry":{"type":"LineString","coordinates":[[-82.89473,40.10777],[-82.89447,40.10764],[-82.89438,40.10746],[-82.89438,40.10732],[-82.89443,40.1072],[-82.89462,40.10678],[-82.89465,40.10652],[-82.89459,40.10619],[-82.89437,40.10579],[-82.89391,40.1054],[-82.89377,40.1053],[-82.89365,40.10523],[-82.89349,40.10505],[-82.89346,40.10491],[-82.89349,40.10478],[-82.8936,40.10464],[-82.89377,40.10455]]}},{"type":"Feature","properties":{"layer":"local","NAME":"Kristin Ct","MTFCC":"S1400"},"geometry":{"type":"LineString","coordinates":[[-82.89778,40.12848],[-82.89788,40.12858],[-82.89813,40.12885],[-82.8982,40.12904],[-82.8982,40.1291]]}},{"type":"Feature","properties":{"layer":"local","NAME":"Laketree Ct W","MTFCC":"S1400"},"geometry":{"type":"LineString","coordinates":[[-82.89593,40.12952],[-82.89782,40.12961]]}},{"type":"Feature","properties":{"layer":"local","NAME":"S Cleveland Ave","MTFCC":"S1400"},"geometry":{"type":"LineString","coordinates":[[-82.94902,40.11282],[-82.94899,40.11319],[-82.94895,40.11376],[-82.94893,40.11399],[-82.94892,40.11415],[-82.94875,40.11643],[-82.94874,40.11662],[-82.94857,40.1193],[-82.94854,40.11973],[-82.94852,40.11989],[-82.94846,40.12084],[-82.94842,40.1213],[-82.94837,40.12198],[-82.94834,40.12253],[-82.94828,40.12327],[-82.94826,40.12348],[-82.94818,40.12434],[-82.94817,40.12475]]}},{"type":"Feature","properties":{"layer":"local","NAME":"Bishop Dr","MTFCC":"S1400"},"geometry":{"type":"LineString","coordinates":[[-82.92908,40.11906],[-82.92944,40.11907],[-82.92998,40.11908],[-82.93015,40.11906],[-82.93039,40.119],[-82.93065,40.11897],[-82.93105,40.11901],[-82.93116,40.11903],[-82.93146,40.1191],[-82.93186,40.11917],[-82.93209,40.11918],[-82.93408,40.11927]]}},{"type":"Feature","properties":{"layer":"local","NAME":"Mulberry Way W","MTFCC":"S1400"},"geometry":{"type":"LineString","coordinates":[[-82.91162,40.1348],[-82.91164,40.13484],[-82.91166,40.13489],[-82.91161,40.13554],[-82.91157,40.1363],[-82.91153,40.13684],[-82.91151,40.137],[-82.91147,40.13704]]}},{"type":"Feature","properties":{"layer":"local","NAME":"Walbridge St","MTFCC":"S1400"},"geometry":{"type":"LineString","coordinates":[[-82.95875,40.10442],[-82.95869,40.10456],[-82.95861,40.10566],[-82.95863,40.10576],[-82.95869,40.10586]]}},{"type":"Feature","properties":{"layer":"local","NAME":"N Knox St","MTFCC":"S1400"},"geometry":{"type":"LineString","coordinates":[[-82.93317,40.12572],[-82.93321,40.12597],[-82.93332,40.12649],[-82.93345,40.1271]]}},{"type":"Feature","properties":{"layer":"local","NAME":"Martin Dr","MTFCC":"S1400"},"geometry":{"type":"LineString","coordinates":[[-82.93898,40.12944],[-82.93942,40.12949],[-82.93969,40.12951],[-82.93975,40.1295],[-82.93981,40.12948],[-82.93988,40.12943]]}},{"type":"Feature","properties":{"layer":"local","NAME":"Library Rd","MTFCC":"S1400"},"geometry":{"type":"LineString","coordinates":[[-82.92856,40.12272],[-82.92855,40.1223],[-82.92855,40.12216],[-82.92833,40.12159]]}},{"type":"Feature","properties":{"layer":"local","NAME":"Lookout Ridge Dr","MTFCC":"S1400"},"geometry":{"type":"LineString","coordinates":[[-82.95213,40.13424],[-82.95212,40.13425],[-82.9521,40.13428],[-82.95207,40.13431],[-82.95202,40.13435],[-82.95195,40.13439],[-82.9518,40.13445],[-82.95164,40.13451],[-82.95142,40.1346]]}},{"type":"Feature","properties":{"layer":"local","NAME":"Polaris Pkwy","MTFCC":"S1400"},"geometry":{"type":"LineString","coordinates":[[-82.96941,40.14226],[-82.96936,40.14227],[-82.9693,40.14228],[-82.96908,40.1423],[-82.96881,40.14232],[-82.96851,40.14235],[-82.96798,40.14241],[-82.96739,40.1425],[-82.96698,40.14259],[-82.96674,40.14265],[-82.9661,40.14284],[-82.96601,40.14287],[-82.96581,40.14294],[-82.96552,40.14307],[-82.96522,40.14323],[-82.96498,40.14339],[-82.96475,40.14354],[-82.96448,40.14373],[-82.9642,40.14394],[-82.96314,40.14473],[-82.9629,40.14489],[-82.96267,40.14502],[-82.96256,40.14509],[-82.9624,40.14516],[-82.96218,40.14526],[-82.96194,40.14536],[-82.96162,40.14548],[-82.96125,40.14558],[-82.96092,40.14566],[-82.96058,40.14572],[-82.96024,40.14576],[-82.95992,40.14578],[-82.95924,40.14579],[-82.95909,40.1458],[-82.95879,40.1458],[-82.95875,40.1458],[-82.95855,40.14581],[-82.95843,40.14581],[-82.9584,40.14581],[-82.95825,40.14581],[-82.95793,40.14582],[-82.95698,40.14583],[-82.95628,40.14584],[-82.9549,40.14587],[-82.95327,40.1459],[-82.95142,40.14592],[-82.95066,40.14593],[-82.94991,40.14594],[-82.94953,40.14594],[-82.94922,40.14594],[-82.94856,40.14593],[-82.94772,40.14591],[-82.94664,40.14587],[-82.94642,40.14586],[-82.94448,40.14578],[-82.94389,40.14576],[-82.94341,40.14575],[-82.94275,40.14576],[-82.94253,40.14577],[-82.94219,40.14578],[-82.94135,40.14586],[-82.94046,40.14598],[-82.93905,40.14623],[-82.93828,40.14635],[-82.93699,40.14658],[-82.93569,40.1468],[-82.93175,40.14747],[-82.93162,40.14749],[-82.93117,40.14755],[-82.93046,40.14762],[-82.92976,40.14767],[-82.92951,40.14768],[-82.92902,40.14769],[-82.92878,40.14769],[-82.92843,40.14769],[-82.92782,40.14766],[-82.92692,40.14759],[-82.92634,40.14751],[-82.92589,40.14744],[-82.92555,40.14738],[-82.92478,40.14721],[-82.9241,40.14702],[-82.92399,40.14697],[-82.92388,40.1469],[-82.92401,40.14691],[-82.92421,40.14693],[-82.92442,40.14696],[-82.92545,40.14718],[-82.92594,40.14726],[-82.92637,40.14732],[-82.92673,40.14737],[-82.92711,40.14741],[-82.92758,40.14745],[-82.92818,40.14748],[-82.92879,40.1475],[-82.92929,40.14749],[-82.9296,40.14749],[-82.92995,40.14747],[-82.9303,40.14744],[-82.93078,40.1474],[-82.9312,40.14735],[-82.93158,40.1473],[-82.93163,40.14729],[-82.9346,40.14679],[-82.93906,40.14603],[-82.94024,40.14583],[-82.94077,40.14574],[-82.94128,40.14567],[-82.94177,40.14563],[-82.94219,40.14559],[-82.94264,40.14557],[-82.9427,40.14557],[-82.94331,40.14555],[-82.9437,40.14556],[-82.94449,40.14559],[-82.94465,40.1456],[-82.94523,40.14562],[-82.94643,40.14567],[-82.94666,40.14568],[-82.94732,40.1457],[-82.94888,40.14575],[-82.94929,40.14575],[-82.94957,40.14574],[-82.95005,40.14574],[-82.95126,40.14573],[-82.95329,40.1457],[-82.95628,40.14566],[-82.95639,40.14566],[-82.95689,40.14565],[-82.95716,40.14565],[-82.95776,40.14564],[-82.95845,40.14564],[-82.95859,40.14564],[-82.95863,40.14564],[-82.95872,40.14564],[-82.95895,40.14564],[-82.95924,40.14564],[-82.95982,40.14564],[-82.96003,40.14563],[-82.96027,40.14561],[-82.96058,40.14557],[-82.96081,40.14553],[-82.96107,40.14548],[-82.96132,40.14541],[-82.96155,40.14535],[-82.96187,40.14523],[-82.96201,40.14518],[-82.96229,40.14504],[-82.96235,40.14502],[-82.96248,40.14495],[-82.96273,40.14481],[-82.96294,40.14467],[-82.96348,40.14428],[-82.96401,40.14389],[-82.9645,40.14352],[-82.96477,40.14333],[-82.96502,40.14318],[-82.96533,40.14302],[-82.96565,40.14287],[-82.96594,40.14275],[-82.96603,40.14272],[-82.96616,40.14268],[-82.96649,40.14257],[-82.96698,40.14244],[-82.96708,40.14242],[-82.96736,40.14236],[-82.96768,40.14231],[-82.96817,40.14226],[-82.96853,40.14222],[-82.96916,40.14216],[-82.96922,40.14216],[-82.96939,40.14217],[-82.96961,40.14219],[-82.96954,40.14221],[-82.96941,40.14226]]}},{"type":"Feature","properties":{"layer":"local","NAME":"Canterbrick Ln","MTFCC":"S1400"},"geometry":{"type":"LineString","coordinates":[[-82.92749,40.13724],[-82.92804,40.13726],[-82.92828,40.13726],[-82.92833,40.13727]]}},{"type":"Feature","properties":{"layer":"local","NAME":"Seafield Ct","MTFCC":"S1400"},"geometry":{"type":"LineString","coordinates":[[-82.90425,40.14786],[-82.90415,40.14776],[-82.90395,40.14752],[-82.90389,40.14743],[-82.90381,40.14723],[-82.90378,40.14706],[-82.90378,40.14694],[-82.9038,40.14681],[-82.90385,40.14673],[-82.90392,40.14666],[-82.90402,40.14658],[-82.90409,40.1465]]}},{"type":"Feature","properties":{"layer":"local","NAME":"Rousham St","MTFCC":"S1400"},"geometry":{"type":"LineString","coordinates":[[-82.92994,40.15067],[-82.92982,40.15042],[-82.92976,40.15029],[-82.92972,40.15021],[-82.9297,40.15019],[-82.92962,40.15015],[-82.92953,40.15012],[-82.92911,40.15008],[-82.92897,40.15005],[-82.92884,40.15001]]}},{"type":"Feature","properties":{"layer":"local","NAME":"Cooper Meadows Rd","MTFCC":"S1400"},"geometry":{"type":"LineString","coordinates":[[-82.94067,40.10545],[-82.93997,40.10553],[-82.93958,40.10553],[-82.93938,40.1055],[-82.93923,40.1054],[-82.9391,40.10491],[-82.93886,40.10392]]}},{"type":"Feature","properties":{"layer":"local","NAME":"Buck Run Trl","MTFCC":"S1400"},"geometry":{"type":"LineString","coordinates":[[-82.92612,40.13311],[-82.9261,40.13315],[-82.92608,40.13323],[-82.92607,40.13342],[-82.92604,40.13363],[-82.92594,40.13397],[-82.92592,40.13409],[-82.92591,40.13447],[-82.92592,40.13453],[-82.92593,40.13457],[-82.92598,40.13465]]}},{"type":"Feature","properties":{"layer":"local","NAME":"Ashbrooke Dr","MTFCC":"S1400"},"geometry":{"type":"LineString","coordinates":[[-82.92962,40.13798],[-82.92937,40.13789],[-82.92916,40.13784],[-82.92902,40.13782],[-82.92884,40.13782],[-82.9284,40.1378],[-82.92745,40.13776],[-82.92734,40.13775],[-82.92721,40.13775],[-82.92628,40.1377]]}},{"type":"Feature","properties":{"layer":"local","NAME":"Granby Pl W","MTFCC":"S1400"},"geometry":{"type":"LineString","coordinates":[[-82.96026,40.12281],[-82.96031,40.12288],[-82.96032,40.12296],[-82.96024,40.12429],[-82.96017,40.12521],[-82.96016,40.12549],[-82.96014,40.12567],[-82.95996,40.12602],[-82.95977,40.12628],[-82.95967,40.12661],[-82.95966,40.12688],[-82.9596,40.12754],[-82.95957,40.12815],[-82.95944,40.12844],[-82.95938,40.12853],[-82.95919,40.12878],[-82.95905,40.12923],[-82.95896,40.13039],[-82.95896,40.13042],[-82.95898,40.13061],[-82.95894,40.13077],[-82.95891,40.13101],[-82.95891,40.13106],[-82.95887,40.13135],[-82.95886,40.13169],[-82.95882,40.13189],[-82.95882,40.13198]]}},{"type":"Feature","properties":{"layer":"local","NAME":"Merriss Ct","MTFCC":"S1400"},"geometry":{"type":"LineString","coordinates":[[-82.93039,40.119],[-82.93033,40.11874]]}},{"type":"Feature","properties":{"layer":"local","NAME":"Elcliff Dr","MTFCC":"S1400"},"geometry":{"type":"LineString","coordinates":[[-82.89484,40.12718],[-82.89493,40.12711],[-82.89501,40.12706],[-82.8951,40.12703],[-82.89519,40.12703],[-82.89592,40.12706],[-82.89613,40.12711],[-82.89619,40.12717],[-82.89621,40.12724],[-82.89618,40.12752],[-82.89622,40.1276],[-82.89629,40.12765],[-82.8964,40.12767],[-82.89669,40.12769],[-82.89749,40.12773],[-82.89794,40.12776],[-82.89803,40.12777],[-82.8981,40.12782],[-82.89815,40.12788],[-82.89816,40.12797],[-82.89814,40.12805],[-82.89789,40.1284],[-82.89778,40.12848],[-82.89773,40.12853],[-82.8976,40.12855],[-82.89747,40.12855],[-82.89707,40.12853],[-82.89675,40.12851],[-82.89623,40.1285],[-82.89593,40.12855]]}},{"type":"Feature","properties":{"layer":"local","NAME":"Eastwind Ct","MTFCC":"S1400"},"geometry":{"type":"LineString","coordinates":[[-82.91399,40.10174],[-82.91316,40.10162]]}},{"type":"Feature","properties":{"layer":"local","NAME":"Llewellyn Ave","MTFCC":"S1400"},"geometry":{"type":"LineString","coordinates":[[-82.91885,40.12342],[-82.91895,40.12223],[-82.91911,40.12046]]}},{"type":"Feature","properties":{"layer":"local","NAME":"Woodmont Ct","MTFCC":"S1400"},"geometry":{"type":"LineString","coordinates":[[-82.91006,40.11137],[-82.90987,40.11126],[-82.9098,40.11116],[-82.90965,40.11107],[-82.90939,40.11097]]}},{"type":"Feature","properties":{"layer":"local","NAME":"Peachtree Ct","MTFCC":"S1400"},"geometry":{"type":"LineString","coordinates":[[-82.9117,40.10259],[-82.91187,40.10271]]}},{"type":"Feature","properties":{"layer":"local","NAME":"Whitechapel Ct E","MTFCC":"S1400"},"geometry":{"type":"LineString","coordinates":[[-82.95332,40.10901],[-82.95309,40.10905],[-82.95306,40.10906],[-82.95304,40.10909],[-82.95305,40.10911],[-82.95308,40.10922],[-82.95321,40.1092],[-82.95328,40.10951],[-82.9532,40.10952]]}},{"type":"Feature","properties":{"layer":"local","NAME":null,"MTFCC":"S1730"},"geometry":{"type":"LineString","coordinates":[[-82.90767,40.14197],[-82.9076,40.14311],[-82.90754,40.14404],[-82.90754,40.14438]]}},{"type":"Feature","properties":{"layer":"local","NAME":null,"MTFCC":"S1740"},"geometry":{"type":"LineString","coordinates":[[-82.94687,40.11331],[-82.9469,40.11271]]}},{"type":"Feature","properties":{"layer":"local","NAME":"Slaughter Aly","MTFCC":"S1730"},"geometry":{"type":"LineString","coordinates":[[-82.92923,40.12561],[-82.93,40.12562],[-82.93003,40.12562],[-82.93007,40.12562],[-82.93027,40.12562],[-82.9315,40.12563]]}},{"type":"Feature","properties":{"layer":"local","NAME":"Kingsmead Rd","MTFCC":"S1400"},"geometry":{"type":"LineString","coordinates":[[-82.91011,40.14483],[-82.91015,40.14475],[-82.91024,40.14458],[-82.91028,40.1445],[-82.9104,40.1443]]}},{"type":"Feature","properties":{"layer":"local","NAME":"Village Green Dr","MTFCC":"S1400"},"geometry":{"type":"LineString","coordinates":[[-82.92941,40.14015],[-82.9294,40.14042],[-82.92938,40.14047],[-82.92935,40.14051],[-82.9293,40.14053],[-82.92924,40.14055],[-82.92911,40.14054]]}},{"type":"Feature","properties":{"layer":"local","NAME":"Village Green Dr","MTFCC":"S1400"},"geometry":{"type":"LineString","coordinates":[[-82.93057,40.1407],[-82.9306,40.1401],[-82.93058,40.14006],[-82.93053,40.14004],[-82.9302,40.14004]]}},{"type":"Feature","properties":{"layer":"local","NAME":"Grist Run Ct","MTFCC":"S1400"},"geometry":{"type":"LineString","coordinates":[[-82.90884,40.13662],[-82.90871,40.13665],[-82.90858,40.13668],[-82.90839,40.13677],[-82.90829,40.13683],[-82.90819,40.13689],[-82.90814,40.13692],[-82.90811,40.13694]]}},{"type":"Feature","properties":{"layer":"local","NAME":"Maebelle Way","MTFCC":"S1400"},"geometry":{"type":"LineString","coordinates":[[-82.96399,40.13315],[-82.96266,40.13308],[-82.96219,40.13306],[-82.96206,40.13307],[-82.96174,40.13315],[-82.9615,40.13333],[-82.96118,40.13373],[-82.96088,40.13395],[-82.96048,40.13405],[-82.96021,40.13405],[-82.96007,40.13404],[-82.95905,40.134],[-82.95876,40.13404],[-82.9587,40.13409]]}},{"type":"Feature","properties":{"layer":"local","NAME":"Saint Thomas Dr","MTFCC":"S1400"},"geometry":{"type":"LineString","coordinates":[[-82.91158,40.09823],[-82.91144,40.09834],[-82.91106,40.09859],[-82.91017,40.09919],[-82.90971,40.09938],[-82.90937,40.09945],[-82.90917,40.0995],[-82.90862,40.09961],[-82.90847,40.09964],[-82.90813,40.09969],[-82.90757,40.09971],[-82.90726,40.09976],[-82.90692,40.09984],[-82.90595,40.10007]]}},{"type":"Feature","properties":{"layer":"local","NAME":"Woodlawn Ave","MTFCC":"S1400"},"geometry":{"type":"LineString","coordinates":[[-82.91094,40.1213],[-82.91004,40.12125]]}},{"type":"Feature","properties":{"layer":"local","NAME":"Nottingham Ct","MTFCC":"S1400"},"geometry":{"type":"LineString","coordinates":[[-82.92056,40.13288],[-82.92055,40.13295],[-82.92054,40.13301],[-82.9205,40.13305]]}},{"type":"Feature","properties":{"layer":"local","NAME":"Mill Wind Dr","MTFCC":"S1400"},"geometry":{"type":"LineString","coordinates":[[-82.90452,40.13868],[-82.90443,40.13857],[-82.90438,40.1385],[-82.90435,40.13841],[-82.90434,40.13833],[-82.90439,40.13764],[-82.90458,40.13507],[-82.90458,40.13503]]}},{"type":"Feature","properties":{"layer":"local","NAME":"Keyham Terrace Dr","MTFCC":"S1400"},"geometry":{"type":"LineString","coordinates":[[-82.90396,40.14166],[-82.90196,40.14159]]}},{"type":"Feature","properties":{"layer":"local","NAME":"Commerce Park Dr","MTFCC":"S1400"},"geometry":{"type":"LineString","coordinates":[[-82.92847,40.13977],[-82.92819,40.13968],[-82.92806,40.13966],[-82.92679,40.13961],[-82.92664,40.13962],[-82.92647,40.13964],[-82.92634,40.13969],[-82.92626,40.13972],[-82.92625,40.13973],[-82.92622,40.13973],[-82.92612,40.13979],[-82.92602,40.13986],[-82.92589,40.13997],[-82.92575,40.14006],[-82.92561,40.14013],[-82.92551,40.14017],[-82.92536,40.14022],[-82.92517,40.14026],[-82.92499,40.14028],[-82.92484,40.14028],[-82.9241,40.14024]]}},{"type":"Feature","properties":{"layer":"local","NAME":"N Vine St","MTFCC":"S1400"},"geometry":{"type":"LineString","coordinates":[[-82.9292,40.12623],[-82.92917,40.12671],[-82.92917,40.12691],[-82.92916,40.12699],[-82.92916,40.12707],[-82.92916,40.12713],[-82.92914,40.12751],[-82.92912,40.12797],[-82.92911,40.12807],[-82.92908,40.12867],[-82.92906,40.12906],[-82.92905,40.12931],[-82.92902,40.12989],[-82.92899,40.13052],[-82.92898,40.13075],[-82.92893,40.13157],[-82.92892,40.13183],[-82.92889,40.1324],[-82.92888,40.13323]]}},{"type":"Feature","properties":{"layer":"local","NAME":"Liberty Ln","MTFCC":"S1400"},"geometry":{"type":"LineString","coordinates":[[-82.90364,40.11296],[-82.90221,40.11289],[-82.90156,40.11286],[-82.90134,40.11283],[-82.90104,40.11266],[-82.90089,40.11242],[-82.9009,40.11217],[-82.90098,40.11204],[-82.9011,40.11193],[-82.90125,40.1118],[-82.90131,40.11175],[-82.90144,40.11161],[-82.90152,40.11131],[-82.90151,40.11121],[-82.90146,40.11066],[-82.90145,40.11039],[-82.90138,40.10955],[-82.90137,40.10945],[-82.90133,40.10927],[-82.90124,40.10909],[-82.90119,40.10894],[-82.9012,40.10872],[-82.90133,40.10854],[-82.90166,40.1081],[-82.90174,40.10799],[-82.90178,40.10786],[-82.90181,40.10776],[-82.90178,40.10753],[-82.90171,40.10721],[-82.90169,40.10709],[-82.90166,40.10694],[-82.90158,40.1065],[-82.90154,40.10635],[-82.90152,40.1061],[-82.90166,40.10583],[-82.90203,40.10551]]}},{"type":"Feature","properties":{"layer":"local","NAME":"Olde Mill Ct","MTFCC":"S1400"},"geometry":{"type":"LineString","coordinates":[[-82.90692,40.13311],[-82.90701,40.13308],[-82.90751,40.13297]]}},{"type":"Feature","properties":{"layer":"local","NAME":"Hillegas Farm Dr","MTFCC":"S1400"},"geometry":{"type":"LineString","coordinates":[[-82.90945,40.14771],[-82.9092,40.14758],[-82.90908,40.14754],[-82.909,40.14753],[-82.90865,40.1475],[-82.90837,40.14749],[-82.90822,40.14749],[-82.90789,40.14746],[-82.90767,40.14745],[-82.90671,40.14741],[-82.90653,40.1474],[-82.9055,40.14737],[-82.9053,40.14738],[-82.90517,40.1474],[-82.90501,40.14745],[-82.90489,40.14749],[-82.90478,40.14754],[-82.90464,40.14762],[-82.90431,40.14784],[-82.90425,40.14786],[-82.90412,40.14793],[-82.90388,40.14803],[-82.90385,40.14803],[-82.90374,40.14806],[-82.9035,40.1481]]}},{"type":"Feature","properties":{"layer":"local","NAME":"Glenmore Way","MTFCC":"S1400"},"geometry":{"type":"LineString","coordinates":[[-82.92804,40.15008],[-82.92828,40.15043]]}},{"type":"Feature","properties":{"layer":"local","NAME":"Abbeycross Ln","MTFCC":"S1400"},"geometry":{"type":"LineString","coordinates":[[-82.92837,40.13651],[-82.92841,40.13651],[-82.92844,40.1365],[-82.92848,40.13648]]}},{"type":"Feature","properties":{"layer":"local","NAME":"Abbeycross Ln","MTFCC":"S1400"},"geometry":{"type":"LineString","coordinates":[[-82.92713,40.13645],[-82.92722,40.13642],[-82.92727,40.13642],[-82.92749,40.13644],[-82.92755,40.13644],[-82.92799,40.13648],[-82.92835,40.13651],[-82.92837,40.13651]]}},{"type":"Feature","properties":{"layer":"local","NAME":null,"MTFCC":"S1630"},"geometry":{"type":"LineString","coordinates":[[-82.95874,40.10717],[-82.95827,40.10705],[-82.95791,40.10695],[-82.95713,40.10675],[-82.95662,40.10663],[-82.95621,40.10654],[-82.9558,40.10646],[-82.95519,40.10634],[-82.95497,40.10631]]}},{"type":"Feature","properties":{"layer":"local","NAME":"Gladale Dr","MTFCC":"S1400"},"geometry":{"type":"LineString","coordinates":[[-82.90703,40.12547],[-82.90708,40.12489],[-82.90711,40.1246],[-82.90717,40.12376]]}},{"type":"Feature","properties":{"layer":"local","NAME":"Fairdale Ave","MTFCC":"S1400"},"geometry":{"type":"LineString","coordinates":[[-82.92339,40.10858],[-82.92294,40.10855],[-82.92204,40.1085],[-82.92121,40.10846],[-82.92006,40.10839],[-82.91962,40.10837],[-82.91934,40.10833],[-82.91905,40.10824],[-82.91874,40.10805],[-82.91839,40.10769],[-82.91821,40.10753],[-82.91784,40.10734],[-82.91749,40.10727],[-82.91687,40.10724],[-82.91623,40.1072],[-82.91361,40.10705]]}},{"type":"Feature","properties":{"layer":"local","NAME":"Brandywine Dr","MTFCC":"S1400"},"geometry":{"type":"LineString","coordinates":[[-82.94919,40.12134],[-82.94925,40.12042]]}},{"type":"Feature","properties":{"layer":"local","NAME":"Maple Hill Ct","MTFCC":"S1400"},"geometry":{"type":"LineString","coordinates":[[-82.90774,40.14828],[-82.90782,40.14838],[-82.90797,40.14862],[-82.90801,40.14871],[-82.90803,40.14881],[-82.90803,40.14893],[-82.90802,40.14915],[-82.908,40.14932]]}},{"type":"Feature","properties":{"layer":"local","NAME":"Piccadilly Pl","MTFCC":"S1400"},"geometry":{"type":"LineString","coordinates":[[-82.95347,40.10758],[-82.95346,40.10774],[-82.95346,40.10797],[-82.95347,40.1083],[-82.95347,40.10844],[-82.95349,40.10858],[-82.95359,40.10883],[-82.95374,40.10895],[-82.95384,40.10925],[-82.95389,40.10945],[-82.95401,40.10981]]}},{"type":"Feature","properties":{"layer":"local","NAME":"Ashton Village Dr","MTFCC":"S1400"},"geometry":{"type":"LineString","coordinates":[[-82.92816,40.14249],[-82.92793,40.14258],[-82.92781,40.1426],[-82.92764,40.14261],[-82.92737,40.14261]]}},{"type":"Feature","properties":{"layer":"local","NAME":"Troy Ct","MTFCC":"S1400"},"geometry":{"type":"LineString","coordinates":[[-82.92918,40.11281],[-82.92941,40.11284],[-82.92968,40.1129],[-82.92995,40.11294],[-82.93001,40.11295]]}},{"type":"Feature","properties":{"layer":"local","NAME":"Lauffer Rd","MTFCC":"S1400"},"geometry":{"type":"LineString","coordinates":[[-82.94649,40.11086],[-82.9465,40.11077],[-82.9465,40.11066],[-82.94652,40.11045],[-82.94654,40.11024],[-82.94659,40.11011],[-82.94671,40.11001]]}},{"type":"Feature","properties":{"layer":"local","NAME":null,"MTFCC":"S1630"},"geometry":{"type":"LineString","coordinates":[[-82.94396,40.10416],[-82.94385,40.10414],[-82.94281,40.10396],[-82.94102,40.10363],[-82.94008,40.10349]]}},{"type":"Feature","properties":{"layer":"local","NAME":"Hampton Park W","MTFCC":"S1400"},"geometry":{"type":"LineString","coordinates":[[-82.92019,40.12957],[-82.92029,40.12945],[-82.92032,40.12931],[-82.92035,40.12896],[-82.92042,40.12814]]}},{"type":"Feature","properties":{"layer":"local","NAME":"S Hempstead Rd","MTFCC":"S1400"},"geometry":{"type":"LineString","coordinates":[[-82.90564,40.09483],[-82.90562,40.0952],[-82.90558,40.09573],[-82.90554,40.09596],[-82.90553,40.09606],[-82.9055,40.09667],[-82.90546,40.09726],[-82.90537,40.09818],[-82.90535,40.0984],[-82.90534,40.09854],[-82.90534,40.0987],[-82.90538,40.09889],[-82.90551,40.09921],[-82.90532,40.09926],[-82.90504,40.09937],[-82.90492,40.09947],[-82.90478,40.09963],[-82.9045,40.09995],[-82.90427,40.10021],[-82.90369,40.10087],[-82.90365,40.10091],[-82.90324,40.10138],[-82.90286,40.10182],[-82.90215,40.10259],[-82.90191,40.10286],[-82.90168,40.10312],[-82.90155,40.10327],[-82.90105,40.10383],[-82.90053,40.10443],[-82.90021,40.1048],[-82.90006,40.10496],[-82.89997,40.10507],[-82.89987,40.10518],[-82.89942,40.10572],[-82.89933,40.10583],[-82.89876,40.10651],[-82.89864,40.10666],[-82.89852,40.10683],[-82.89835,40.10725],[-82.89832,40.10741],[-82.89823,40.10781],[-82.89808,40.10857],[-82.89801,40.10892],[-82.89791,40.10949],[-82.89782,40.11006],[-82.89775,40.11044],[-82.89771,40.11068],[-82.89768,40.11079],[-82.89759,40.11126],[-82.89743,40.11202],[-82.89729,40.11262],[-82.8972,40.11299],[-82.89714,40.11312],[-82.8971,40.11323],[-82.89704,40.11334],[-82.89702,40.11338],[-82.89639,40.11435],[-82.89611,40.11477],[-82.8958,40.11524],[-82.89517,40.11618],[-82.89467,40.11694],[-82.89441,40.11734],[-82.89374,40.11833],[-82.89331,40.11898],[-82.89297,40.11946],[-82.89274,40.11981],[-82.89254,40.12012],[-82.89249,40.12082],[-82.89238,40.12216],[-82.89232,40.1231],[-82.89221,40.12446]]}},{"type":"Feature","properties":{"layer":"local","NAME":"Hoff Rd","MTFCC":"S1400"},"geometry":{"type":"LineString","coordinates":[[-82.93204,40.14149],[-82.93197,40.14151],[-82.93191,40.14153],[-82.93185,40.14155],[-82.93179,40.14159],[-82.93175,40.1416],[-82.93126,40.14184],[-82.93125,40.14186],[-82.93111,40.14193],[-82.93105,40.14195],[-82.93098,40.14198],[-82.93091,40.142],[-82.93083,40.14201],[-82.93076,40.14201],[-82.93069,40.14201],[-82.92895,40.14194],[-82.92888,40.14194],[-82.92881,40.14194],[-82.92873,40.14195],[-82.92866,40.14197],[-82.92858,40.142],[-82.92852,40.14203],[-82.928,40.14231],[-82.92793,40.14234],[-82.92786,40.14238],[-82.92779,40.1424],[-82.92772,40.14242],[-82.92764,40.14243],[-82.92757,40.14244],[-82.92749,40.14244],[-82.92693,40.14242],[-82.92678,40.14241],[-82.92661,40.1424],[-82.92641,40.14238],[-82.9259,40.14236],[-82.92555,40.14234],[-82.92518,40.14233],[-82.92497,40.14232],[-82.92445,40.14226],[-82.92375,40.14215],[-82.92344,40.14213],[-82.92308,40.14211],[-82.92301,40.1421],[-82.92284,40.1421],[-82.92061,40.14199],[-82.92035,40.14198],[-82.9201,40.14197]]}},{"type":"Feature","properties":{"layer":"local","NAME":"Parkview Dr","MTFCC":"S1400"},"geometry":{"type":"LineString","coordinates":[[-82.95791,40.1016],[-82.95788,40.10161],[-82.95783,40.10162],[-82.9578,40.10163],[-82.95769,40.10163],[-82.95752,40.10162],[-82.95747,40.10162]]}},{"type":"Feature","properties":{"layer":"local","NAME":"Honey Ct","MTFCC":"S1400"},"geometry":{"type":"LineString","coordinates":[[-82.9403,40.12563],[-82.94042,40.12616]]}},{"type":"Feature","properties":{"layer":"local","NAME":"Lynda Ct","MTFCC":"S1400"},"geometry":{"type":"LineString","coordinates":[[-82.93051,40.11376],[-82.93053,40.11379],[-82.93053,40.11382]]}},{"type":"Feature","properties":{"layer":"local","NAME":"Melinda Dr","MTFCC":"S1400"},"geometry":{"type":"LineString","coordinates":[[-82.89588,40.12587],[-82.89586,40.12605],[-82.89584,40.12613],[-82.89577,40.1262],[-82.89563,40.12624],[-82.89548,40.12624],[-82.89335,40.12613],[-82.892,40.12607]]}},{"type":"Feature","properties":{"layer":"local","NAME":null,"MTFCC":"S1740"},"geometry":{"type":"LineString","coordinates":[[-82.94485,40.11644],[-82.94487,40.11651],[-82.9449,40.1166],[-82.94493,40.11671],[-82.94496,40.11678],[-82.945,40.11688],[-82.94504,40.11698],[-82.9451,40.11708],[-82.94517,40.1172],[-82.94527,40.11733],[-82.94563,40.11775],[-82.94613,40.11755]]}},{"type":"Feature","properties":{"layer":"local","NAME":"Meacham Run Ct","MTFCC":"S1400"},"geometry":{"type":"LineString","coordinates":[[-82.94102,40.10785],[-82.9407,40.1079],[-82.94044,40.10798],[-82.94031,40.10807],[-82.94014,40.10812],[-82.93913,40.10822]]}},{"type":"Feature","properties":{"layer":"local","NAME":"Abbotsbury Ct","MTFCC":"S1400"},"geometry":{"type":"LineString","coordinates":[[-82.96149,40.13523],[-82.96106,40.13551],[-82.961,40.13556],[-82.96092,40.13564],[-82.96085,40.13573],[-82.96081,40.13582],[-82.96078,40.13593],[-82.96072,40.13666]]}},{"type":"Feature","properties":{"layer":"local","NAME":"Greencrest Dr","MTFCC":"S1400"},"geometry":{"type":"LineString","coordinates":[[-82.93131,40.10795],[-82.93116,40.10774],[-82.93094,40.1075],[-82.93058,40.10726],[-82.93005,40.10699],[-82.92972,40.1068],[-82.9295,40.1066],[-82.92939,40.1064],[-82.92931,40.10614],[-82.92934,40.10585],[-82.9294,40.10505],[-82.92941,40.10503],[-82.92942,40.105],[-82.92945,40.10475],[-82.92952,40.10446],[-82.9296,40.10424],[-82.92962,40.10382],[-82.92941,40.10338]]}},{"type":"Feature","properties":{"layer":"local","NAME":"Leacrest Pl W","MTFCC":"S1400"},"geometry":{"type":"LineString","coordinates":[[-82.9173,40.11179],[-82.91742,40.11043],[-82.91742,40.11037],[-82.91739,40.11032],[-82.91732,40.11026],[-82.91726,40.11024]]}},{"type":"Feature","properties":{"layer":"local","NAME":"Israel St","MTFCC":"S1400"},"geometry":{"type":"LineString","coordinates":[[-82.92656,40.12632],[-82.92653,40.127],[-82.92651,40.12731],[-82.9265,40.12744],[-82.92648,40.12753],[-82.92647,40.12769],[-82.92641,40.12792]]}},{"type":"Feature","properties":{"layer":"local","NAME":"Woodlake Dr","MTFCC":"S1400"},"geometry":{"type":"LineString","coordinates":[[-82.90941,40.1088],[-82.90936,40.10927],[-82.90934,40.10932],[-82.90931,40.1094],[-82.90932,40.10945],[-82.90936,40.10949],[-82.90947,40.10967],[-82.90953,40.10994],[-82.90951,40.11014],[-82.90952,40.11021],[-82.90956,40.11027],[-82.90978,40.11042],[-82.90994,40.11055],[-82.90994,40.11067]]}},{"type":"Feature","properties":{"layer":"local","NAME":"Applewood Ln","MTFCC":"S1400"},"geometry":{"type":"LineString","coordinates":[[-82.90946,40.10199],[-82.90988,40.10207],[-82.91002,40.10212],[-82.91011,40.10221],[-82.9104,40.1026],[-82.91058,40.10285],[-82.91059,40.10295],[-82.91056,40.10329]]}},{"type":"Feature","properties":{"layer":"local","NAME":"Lancelot Ln","MTFCC":"S1400"},"geometry":{"type":"LineString","coordinates":[[-82.92732,40.10678],[-82.92728,40.10649],[-82.92729,40.10641],[-82.92734,40.10567],[-82.92738,40.10555],[-82.9274,40.10553],[-82.92744,40.10551],[-82.92748,40.10551],[-82.928,40.10554],[-82.92803,40.10555],[-82.92804,40.10557],[-82.92803,40.10581]]}},{"type":"Feature","properties":{"layer":"local","NAME":"Brooksedge Blvd","MTFCC":"S1400"},"geometry":{"type":"LineString","coordinates":[[-82.93038,40.10998],[-82.93046,40.10885],[-82.93049,40.10864],[-82.93064,40.10835],[-82.9309,40.10814],[-82.93131,40.10795],[-82.93146,40.10788],[-82.93168,40.10777],[-82.93191,40.10756],[-82.93197,40.10746],[-82.93204,40.10732],[-82.9321,40.10686],[-82.93212,40.10666],[-82.93216,40.10639],[-82.93242,40.10591],[-82.93274,40.10565],[-82.93338,40.10548],[-82.93387,40.10546],[-82.93511,40.10554],[-82.93651,40.10563],[-82.93678,40.1057],[-82.93698,40.10584]]}},{"type":"Feature","properties":{"layer":"local","NAME":"Belle Haven Pkwy","MTFCC":"S1400"},"geometry":{"type":"LineString","coordinates":[[-82.91528,40.13267],[-82.91525,40.13308],[-82.91523,40.1335],[-82.91521,40.1339],[-82.9152,40.13401],[-82.91515,40.1342],[-82.91508,40.13437],[-82.91497,40.13454],[-82.91471,40.13486],[-82.91456,40.13502],[-82.91431,40.13532],[-82.91393,40.13577],[-82.91388,40.13584],[-82.91377,40.13603],[-82.91371,40.13623],[-82.91367,40.13642],[-82.91363,40.13713],[-82.91357,40.13801]]}},{"type":"Feature","properties":{"layer":"local","NAME":"Augusta Woods Ter","MTFCC":"S1400"},"geometry":{"type":"LineString","coordinates":[[-82.93946,40.15096],[-82.93988,40.15132],[-82.93994,40.15139],[-82.94013,40.15171]]}},{"type":"Feature","properties":{"layer":"local","NAME":"Pleasant Ave","MTFCC":"S1400"},"geometry":{"type":"LineString","coordinates":[[-82.91839,40.12598],[-82.91828,40.12747],[-82.91826,40.1276]]}},{"type":"Feature","properties":{"layer":"local","NAME":"Springview Dr","MTFCC":"S1400"},"geometry":{"type":"LineString","coordinates":[[-82.89613,40.15091],[-82.89559,40.15089],[-82.8938,40.15077],[-82.89368,40.15075],[-82.89356,40.15072],[-82.89345,40.15066],[-82.89328,40.15056],[-82.8932,40.15049],[-82.89312,40.15038],[-82.8931,40.15035],[-82.89306,40.15023],[-82.89305,40.15017],[-82.89315,40.14878],[-82.89321,40.14799],[-82.89321,40.14791],[-82.89318,40.14781],[-82.89297,40.14725],[-82.89292,40.14715],[-82.89284,40.14706],[-82.89275,40.14698],[-82.89265,40.14692],[-82.89253,40.14687],[-82.89241,40.14683],[-82.89229,40.14681],[-82.89222,40.1468],[-82.89144,40.14674]]}},{"type":"Feature","properties":{"layer":"local","NAME":"Electric Ave","MTFCC":"S1400"},"geometry":{"type":"LineString","coordinates":[[-82.92765,40.11523],[-82.92741,40.11528],[-82.92699,40.11536],[-82.92663,40.11538],[-82.92624,40.11535],[-82.92605,40.11534],[-82.92405,40.11522],[-82.92193,40.11509],[-82.92087,40.11503],[-82.9201,40.11498],[-82.91897,40.1149],[-82.918,40.11485],[-82.91743,40.11491],[-82.91688,40.11514],[-82.91669,40.11528],[-82.91638,40.11551],[-82.91572,40.116],[-82.91554,40.11612],[-82.91537,40.11619],[-82.91518,40.11622],[-82.91467,40.1162],[-82.91214,40.11604],[-82.91198,40.11599],[-82.91192,40.11592],[-82.91187,40.11587],[-82.91186,40.11573],[-82.91192,40.1156],[-82.91213,40.1152]]}},{"type":"Feature","properties":{"layer":"local","NAME":null,"MTFCC":"S1740"},"geometry":{"type":"LineString","coordinates":[[-82.94485,40.11644],[-82.94485,40.11616],[-82.94485,40.11589],[-82.94485,40.1157]]}},{"type":"Feature","properties":{"layer":"local","NAME":"Lookout Ridge Dr","MTFCC":"S1400"},"geometry":{"type":"LineString","coordinates":[[-82.95623,40.13562],[-82.9559,40.13559],[-82.95401,40.13552],[-82.95388,40.13551],[-82.95376,40.13548],[-82.9537,40.13546],[-82.9536,40.13541],[-82.95355,40.13537],[-82.95346,40.1353],[-82.95339,40.13522],[-82.95337,40.13517],[-82.95335,40.13512],[-82.95314,40.13446],[-82.9531,40.1344],[-82.95306,40.13434],[-82.95299,40.13428],[-82.95289,40.13421],[-82.95279,40.13417],[-82.95273,40.13415],[-82.95268,40.13414],[-82.95256,40.13413],[-82.95243,40.13414],[-82.95239,40.13415],[-82.95236,40.13416],[-82.9523,40.13417],[-82.95224,40.13419],[-82.95213,40.13424]]}},{"type":"Feature","properties":{"layer":"local","NAME":"Creek Run Ct","MTFCC":"S1400"},"geometry":{"type":"LineString","coordinates":[[-82.89808,40.10857],[-82.89874,40.10873],[-82.89881,40.10873],[-82.899,40.10873],[-82.89947,40.10886],[-82.8995,40.10888],[-82.89952,40.10894],[-82.89954,40.10923]]}},{"type":"Feature","properties":{"layer":"local","NAME":"Blue Sail Dr","MTFCC":"S1400"},"geometry":{"type":"LineString","coordinates":[[-82.89832,40.11883],[-82.89819,40.11857],[-82.89806,40.11836],[-82.89796,40.11822],[-82.89794,40.11821],[-82.8978,40.11811],[-82.8974,40.11801],[-82.89624,40.11796],[-82.89596,40.11794],[-82.89586,40.11793],[-82.89577,40.11789],[-82.8957,40.11782],[-82.89563,40.11776],[-82.89558,40.11764],[-82.8956,40.11751],[-82.89568,40.1171]]}},{"type":"Feature","properties":{"layer":"local","NAME":"Ivyside Sq","MTFCC":"S1400"},"geometry":{"type":"LineString","coordinates":[[-82.93015,40.13817],[-82.93011,40.13837],[-82.93006,40.13894]]}},{"type":"Feature","properties":{"layer":"local","NAME":"Westerview Dr","MTFCC":"S1400"},"geometry":{"type":"LineString","coordinates":[[-82.94728,40.12321],[-82.94726,40.12342],[-82.94723,40.1238],[-82.94722,40.12408],[-82.94721,40.1243],[-82.94724,40.12452],[-82.9471,40.12454],[-82.94697,40.12455]]}},{"type":"Feature","properties":{"layer":"local","NAME":"Gibson Pl","MTFCC":"S1400"},"geometry":{"type":"LineString","coordinates":[[-82.89372,40.12026],[-82.89357,40.1221],[-82.89354,40.12217]]}},{"type":"Feature","properties":{"layer":"local","NAME":"Red Barn Ct","MTFCC":"S1400"},"geometry":{"type":"LineString","coordinates":[[-82.89983,40.13082],[-82.89979,40.13138]]}},{"type":"Feature","properties":{"layer":"local","NAME":"Snyder Ct","MTFCC":"S1400"},"geometry":{"type":"LineString","coordinates":[[-82.9434,40.10046],[-82.94447,40.10052]]}},{"type":"Feature","properties":{"layer":"local","NAME":"Washington Square Ct","MTFCC":"S1400"},"geometry":{"type":"LineString","coordinates":[[-82.90366,40.11265],[-82.90464,40.11269]]}},{"type":"Feature","properties":{"layer":"local","NAME":"Hawksway Ct","MTFCC":"S1400"},"geometry":{"type":"LineString","coordinates":[[-82.94211,40.10497],[-82.94218,40.10527]]}},{"type":"Feature","properties":{"layer":"local","NAME":null,"MTFCC":"S1740"},"geometry":{"type":"LineString","coordinates":[[-82.94485,40.1157],[-82.94472,40.1157],[-82.94455,40.11571],[-82.94436,40.1157],[-82.94407,40.11568],[-82.94301,40.11556],[-82.94271,40.11553],[-82.94261,40.11552],[-82.94253,40.11553],[-82.94245,40.11553],[-82.94233,40.11555],[-82.94221,40.11559],[-82.94212,40.11563],[-82.94208,40.11564],[-82.94205,40.11566],[-82.94202,40.11569],[-82.94192,40.11577],[-82.94178,40.11588],[-82.94171,40.11593],[-82.94158,40.11601],[-82.9408,40.11631]]}},{"type":"Feature","properties":{"layer":"local","NAME":"Tree Bend Ct","MTFCC":"S1400"},"geometry":{"type":"LineString","coordinates":[[-82.9556,40.1374],[-82.9543,40.13735]]}},{"type":"Feature","properties":{"layer":"local","NAME":"E Main St","MTFCC":"S1400"},"geometry":{"type":"LineString","coordinates":[[-82.93189,40.12667],[-82.93081,40.12676],[-82.93066,40.12676],[-82.93049,40.12675],[-82.93031,40.12674],[-82.93029,40.12674],[-82.92937,40.12671],[-82.92917,40.12671]]}},{"type":"Feature","properties":{"layer":"local","NAME":null,"MTFCC":"S1630"},"geometry":{"type":"LineString","coordinates":[[-82.92398,40.10191],[-82.9243,40.10206],[-82.92455,40.10215],[-82.92481,40.10217],[-82.92503,40.10218],[-82.92549,40.1022],[-82.92587,40.1022],[-82.92623,40.10212],[-82.92682,40.10189]]}},{"type":"Feature","properties":{"layer":"local","NAME":"Inlet Ct","MTFCC":"S1400"},"geometry":{"type":"LineString","coordinates":[[-82.89149,40.14128],[-82.89319,40.14138]]}},{"type":"Feature","properties":{"layer":"local","NAME":"Centerpark Dr","MTFCC":"S1400"},"geometry":{"type":"LineString","coordinates":[[-82.9063,40.14395],[-82.90604,40.14394],[-82.90584,40.14393],[-82.90538,40.14391],[-82.90497,40.14389],[-82.90451,40.14387],[-82.90354,40.14383]]}},{"type":"Feature","properties":{"layer":"local","NAME":"Viewland Ct","MTFCC":"S1400"},"geometry":{"type":"LineString","coordinates":[[-82.92287,40.11342],[-82.92261,40.11341],[-82.92227,40.11343],[-82.92213,40.11346]]}},{"type":"Feature","properties":{"layer":"local","NAME":"Old County Line Rd","MTFCC":"S1400"},"geometry":{"type":"LineString","coordinates":[[-82.93258,40.13309],[-82.93223,40.13313],[-82.93128,40.13326],[-82.93067,40.1333]]}},{"type":"Feature","properties":{"layer":"local","NAME":"Bentley Pl","MTFCC":"S1400"},"geometry":{"type":"LineString","coordinates":[[-82.89863,40.15006],[-82.8986,40.15043],[-82.89857,40.15054],[-82.89854,40.15059],[-82.89848,40.15068],[-82.8984,40.15077],[-82.8983,40.15084],[-82.89822,40.15089],[-82.8981,40.15095],[-82.89804,40.15097],[-82.89791,40.151],[-82.89778,40.15101],[-82.89764,40.151],[-82.89757,40.15098],[-82.8975,40.15095]]}},{"type":"Feature","properties":{"layer":"local","NAME":"Arnold Aly","MTFCC":"S1730"},"geometry":{"type":"LineString","coordinates":[[-82.92899,40.13052],[-82.9297,40.13055],[-82.93007,40.13057],[-82.93239,40.13067]]}},{"type":"Feature","properties":{"layer":"local","NAME":"Sugar Ct","MTFCC":"S1400"},"geometry":{"type":"LineString","coordinates":[[-82.90665,40.13477],[-82.90634,40.13455],[-82.90622,40.13446],[-82.90613,40.13441],[-82.90602,40.13437],[-82.90592,40.13434],[-82.90557,40.13427]]}},{"type":"Feature","properties":{"layer":"local","NAME":"Lynette Pl S","MTFCC":"S1400"},"geometry":{"type":"LineString","coordinates":[[-82.9017,40.12463],[-82.90186,40.1245],[-82.90215,40.12425],[-82.90225,40.12409],[-82.90224,40.12392]]}},{"type":"Feature","properties":{"layer":"local","NAME":"Mariemont Dr E","MTFCC":"S1400"},"geometry":{"type":"LineString","coordinates":[[-82.92969,40.11495],[-82.92957,40.11491],[-82.92947,40.11485],[-82.9294,40.11476],[-82.92938,40.11465],[-82.92942,40.11426]]}},{"type":"Feature","properties":{"layer":"local","NAME":"Brisbane Ave","MTFCC":"S1400"},"geometry":{"type":"LineString","coordinates":[[-82.92058,40.10567],[-82.92004,40.10564],[-82.91873,40.10557],[-82.91559,40.10539],[-82.91493,40.10535],[-82.91377,40.10529],[-82.9133,40.10526],[-82.91253,40.10522],[-82.91213,40.10519],[-82.91185,40.10518],[-82.91167,40.10515],[-82.91151,40.10507],[-82.91142,40.10495],[-82.9114,40.10481],[-82.91155,40.10335]]}},{"type":"Feature","properties":{"layer":"local","NAME":"E Broadway Ave","MTFCC":"S1400"},"geometry":{"type":"LineString","coordinates":[[-82.9328,40.13009],[-82.93241,40.13004],[-82.93011,40.12995],[-82.92954,40.12991],[-82.92913,40.1299],[-82.92902,40.12989],[-82.9285,40.12987],[-82.92674,40.12979],[-82.92637,40.12974],[-82.92479,40.12968],[-82.92401,40.12965],[-82.92162,40.12955],[-82.92084,40.12952]]}},{"type":"Feature","properties":{"layer":"local","NAME":"Groton Dr","MTFCC":"S1400"},"geometry":{"type":"LineString","coordinates":[[-82.95014,40.1248],[-82.95012,40.12509],[-82.95011,40.12526],[-82.95009,40.12537],[-82.95008,40.12543],[-82.94999,40.12568],[-82.94989,40.12592],[-82.94983,40.12618],[-82.94982,40.12632],[-82.94975,40.12691],[-82.94972,40.12701],[-82.94964,40.12709],[-82.94952,40.12713],[-82.94928,40.12713],[-82.94904,40.12715],[-82.94883,40.12715],[-82.94868,40.12714],[-82.94802,40.12711]]}},{"type":"Feature","properties":{"layer":"local","NAME":null,"MTFCC":"S1630"},"geometry":{"type":"LineString","coordinates":[[-82.92682,40.10189],[-82.92706,40.10177],[-82.92788,40.10162],[-82.92797,40.10162],[-82.92829,40.10162],[-82.92835,40.10162],[-82.92895,40.10169],[-82.93014,40.10188],[-82.9319,40.1022],[-82.93314,40.10235]]}},{"type":"Feature","properties":{"layer":"local","NAME":"Deer Trl","MTFCC":"S1400"},"geometry":{"type":"LineString","coordinates":[[-82.9055,40.13845],[-82.90509,40.13853],[-82.90472,40.13861],[-82.90459,40.13865],[-82.90452,40.13868],[-82.90442,40.13874],[-82.90434,40.13881],[-82.90426,40.13888],[-82.9042,40.13896],[-82.90415,40.13906],[-82.90412,40.13917],[-82.90409,40.13957],[-82.90402,40.14067],[-82.90396,40.14166],[-82.90391,40.1425],[-82.90392,40.1426],[-82.90396,40.14269],[-82.90402,40.14277],[-82.90403,40.14279]]}},{"type":"Feature","properties":{"layer":"local","NAME":null,"MTFCC":"S1730"},"geometry":{"type":"LineString","coordinates":[[-82.90802,40.14571],[-82.90809,40.14485],[-82.9081,40.14476]]}},{"type":"Feature","properties":{"layer":"local","NAME":"Funkhauser Aly","MTFCC":"S1730"},"geometry":{"type":"LineString","coordinates":[[-82.92956,40.13326],[-82.92962,40.13185],[-82.9297,40.13065],[-82.9297,40.13055]]}},{"type":"Feature","properties":{"layer":"local","NAME":"Thurston Aly","MTFCC":"S1730"},"geometry":{"type":"LineString","coordinates":[[-82.92856,40.12805],[-82.92858,40.12749]]}},{"type":"Feature","properties":{"layer":"local","NAME":"Dill Aly","MTFCC":"S1730"},"geometry":{"type":"LineString","coordinates":[[-82.93153,40.12817],[-82.93147,40.12814],[-82.93141,40.12813],[-82.93128,40.12813],[-82.93063,40.12814],[-82.92911,40.12807]]}},{"type":"Feature","properties":{"layer":"local","NAME":"E Lincoln St","MTFCC":"S1400"},"geometry":{"type":"LineString","coordinates":[[-82.93268,40.12882],[-82.93158,40.1288],[-82.92908,40.12867],[-82.92748,40.12859]]}},{"type":"Feature","properties":{"layer":"local","NAME":"Thomas Aly","MTFCC":"S1730"},"geometry":{"type":"LineString","coordinates":[[-82.9331,40.12499],[-82.93243,40.12506]]}},{"type":"Feature","properties":{"layer":"local","NAME":null,"MTFCC":"S1400"},"geometry":{"type":"LineString","coordinates":[[-82.94641,40.12846],[-82.94659,40.12838],[-82.94679,40.12825],[-82.94691,40.12809],[-82.94695,40.12798],[-82.94696,40.1278],[-82.94685,40.12712],[-82.94672,40.12658],[-82.94644,40.12559],[-82.94626,40.12492]]}},{"type":"Feature","properties":{"layer":"local","NAME":"Village Green Dr","MTFCC":"S1400"},"geometry":{"type":"LineString","coordinates":[[-82.92911,40.14054],[-82.92892,40.14054],[-82.92875,40.14056],[-82.92855,40.14062],[-82.92837,40.1407],[-82.92826,40.14072],[-82.92813,40.14073],[-82.92803,40.1407],[-82.9279,40.14066]]}},{"type":"Feature","properties":{"layer":"local","NAME":"Cleveland Ave","MTFCC":"S1400"},"geometry":{"type":"LineString","coordinates":[[-82.96487,40.02083],[-82.96481,40.02174],[-82.96475,40.02274],[-82.9647,40.02323],[-82.96466,40.02366],[-82.96463,40.02392],[-82.96458,40.02456],[-82.96452,40.02522],[-82.96448,40.02558],[-82.96441,40.02655],[-82.96438,40.02692],[-82.96433,40.02752],[-82.96429,40.02807],[-82.96425,40.02859],[-82.96422,40.02901],[-82.96418,40.0295],[-82.96414,40.02996],[-82.96411,40.03032],[-82.96407,40.03078],[-82.96403,40.0313],[-82.96398,40.03191],[-82.96397,40.03202],[-82.96393,40.0324],[-82.96392,40.0325],[-82.9639,40.03274],[-82.96389,40.03286],[-82.96386,40.03326],[-82.96382,40.03357],[-82.96381,40.03366],[-82.96378,40.0338],[-82.96365,40.03442],[-82.96364,40.03448],[-82.96362,40.03454],[-82.96361,40.0346],[-82.96359,40.0347],[-82.96356,40.03485],[-82.96351,40.0351],[-82.96344,40.03529],[-82.96332,40.03559],[-82.96295,40.03635],[-82.96279,40.03673],[-82.96248,40.03741],[-82.96237,40.03765],[-82.96156,40.03958],[-82.96113,40.04057],[-82.96109,40.04066],[-82.96102,40.04083],[-82.96092,40.04106],[-82.96091,40.04109],[-82.96089,40.04114],[-82.96085,40.04124],[-82.9608,40.04136],[-82.96064,40.04173],[-82.96043,40.04221],[-82.96024,40.0426],[-82.96009,40.04281],[-82.95994,40.04298],[-82.95963,40.0433],[-82.95914,40.04382],[-82.9591,40.04387],[-82.95847,40.04453],[-82.95818,40.04483],[-82.95807,40.04494],[-82.95761,40.04542],[-82.95722,40.04582],[-82.95703,40.04601],[-82.95635,40.04673],[-82.95627,40.04681],[-82.95617,40.04692],[-82.95604,40.04706],[-82.95578,40.04733],[-82.95542,40.04771],[-82.95501,40.04813],[-82.95442,40.04875],[-82.95434,40.04884],[-82.95419,40.04899],[-82.95395,40.04927],[-82.9538,40.04966],[-82.95379,40.04979],[-82.95378,40.04981],[-82.95373,40.05034],[-82.95371,40.05072],[-82.95368,40.05114],[-82.95366,40.05131],[-82.95365,40.05147],[-82.95362,40.05187],[-82.95361,40.05199],[-82.9536,40.05206],[-82.95358,40.05227],[-82.95355,40.05262],[-82.95355,40.0527],[-82.9535,40.05326],[-82.95349,40.0533],[-82.95347,40.05359],[-82.95346,40.05371],[-82.95336,40.05506],[-82.95332,40.05556],[-82.95327,40.05626],[-82.95323,40.05678],[-82.95311,40.05827],[-82.95303,40.05933],[-82.95301,40.05953],[-82.95299,40.05973],[-82.95297,40.06009],[-82.95297,40.06016],[-82.95294,40.06053],[-82.9529,40.06076],[-82.95286,40.06143],[-82.95284,40.06172],[-82.95279,40.06234],[-82.95276,40.06264],[-82.95272,40.06312],[-82.95271,40.06324],[-82.95271,40.06328],[-82.95267,40.06376],[-82.95264,40.06415],[-82.95259,40.0648],[-82.95258,40.06501],[-82.95257,40.06514],[-82.9525,40.06587],[-82.95247,40.0663],[-82.95245,40.06665],[-82.95244,40.06674],[-82.9524,40.06738],[-82.95236,40.06787],[-82.95229,40.06866],[-82.95227,40.06877],[-82.95223,40.06941],[-82.95223,40.06951],[-82.9522,40.0698],[-82.95218,40.06999],[-82.95215,40.07054],[-82.95208,40.07122],[-82.95208,40.07127],[-82.95206,40.07164],[-82.95205,40.07172],[-82.95204,40.07194],[-82.95203,40.072],[-82.952,40.07239],[-82.95195,40.07305],[-82.95193,40.07323],[-82.9519,40.0737],[-82.95187,40.0741],[-82.95184,40.07427],[-82.95182,40.07469],[-82.95176,40.07567],[-82.95173,40.07626],[-82.95169,40.07688],[-82.95159,40.07829],[-82.95156,40.07861],[-82.95154,40.07887],[-82.9515,40.07944],[-82.95144,40.08021],[-82.95137,40.08113],[-82.95134,40.08156],[-82.95132,40.08177],[-82.95131,40.08186],[-82.9513,40.082],[-82.95128,40.08253],[-82.9512,40.08352],[-82.95115,40.08403],[-82.95106,40.08501],[-82.95105,40.08513],[-82.95101,40.08573],[-82.951,40.08583],[-82.95096,40.08649],[-82.95082,40.08834],[-82.95075,40.0892],[-82.95069,40.09003],[-82.95063,40.09088],[-82.95055,40.09187],[-82.95049,40.0926],[-82.95043,40.09354],[-82.9503,40.0953],[-82.95023,40.09615],[-82.9502,40.09649],[-82.95016,40.09692],[-82.95016,40.09698],[-82.95014,40.09721],[-82.95012,40.09748],[-82.9501,40.09778],[-82.95007,40.09812],[-82.95001,40.09886],[-82.94999,40.09913],[-82.94999,40.09915],[-82.94996,40.09946],[-82.94989,40.10016],[-82.94988,40.10038],[-82.94988,40.10054],[-82.94984,40.10112],[-82.94981,40.10146],[-82.94981,40.10151],[-82.94977,40.10218],[-82.94971,40.10279],[-82.94965,40.10368],[-82.94965,40.10382],[-82.94956,40.10524],[-82.94955,40.10538],[-82.94953,40.10558],[-82.94953,40.10566],[-82.94952,40.10573],[-82.94948,40.10633],[-82.94943,40.10717],[-82.94927,40.10905],[-82.94925,40.10935],[-82.94917,40.1106],[-82.94915,40.11087],[-82.94915,40.11092],[-82.94915,40.11099],[-82.94914,40.11111],[-82.94913,40.11122],[-82.94913,40.11123],[-82.94912,40.11142],[-82.94911,40.11158],[-82.94902,40.11282]]}},{"type":"Feature","properties":{"layer":"local","NAME":"Ursa Minor","MTFCC":"S1400"},"geometry":{"type":"LineString","coordinates":[[-82.95929,40.14919],[-82.95928,40.14921],[-82.95927,40.14923],[-82.95927,40.14925],[-82.95914,40.15014],[-82.9591,40.15039],[-82.95911,40.15042],[-82.95912,40.15044],[-82.95913,40.15046],[-82.95915,40.15048]]}},{"type":"Feature","properties":{"layer":"local","NAME":"Galileo Way","MTFCC":"S1400"},"geometry":{"type":"LineString","coordinates":[[-82.96114,40.15036],[-82.95914,40.15014]]}},{"type":"Feature","properties":{"layer":"local","NAME":"Willowick Dr","MTFCC":"S1400"},"geometry":{"type":"LineString","coordinates":[[-82.96239,40.10092],[-82.96212,40.10097],[-82.96187,40.101],[-82.96168,40.101]]}},{"type":"Feature","properties":{"layer":"local","NAME":"Clear Water Dr","MTFCC":"S1400"},"geometry":{"type":"LineString","coordinates":[[-82.93081,40.14968],[-82.93076,40.14969],[-82.93068,40.14968],[-82.93058,40.14965],[-82.93049,40.14963],[-82.93009,40.1495],[-82.92977,40.14942],[-82.9295,40.14938],[-82.92918,40.14935]]}},{"type":"Feature","properties":{"layer":"local","NAME":"Windcroft Dr","MTFCC":"S1400"},"geometry":{"type":"LineString","coordinates":[[-82.9587,40.13409],[-82.95864,40.1342],[-82.95863,40.13428],[-82.95862,40.1344]]}},{"type":"Feature","properties":{"layer":"local","NAME":"Brandywine Dr","MTFCC":"S1400"},"geometry":{"type":"LineString","coordinates":[[-82.94928,40.12005],[-82.9493,40.11975]]}},{"type":"Feature","properties":{"layer":"local","NAME":"Brandywine Dr","MTFCC":"S1400"},"geometry":{"type":"LineString","coordinates":[[-82.94925,40.12042],[-82.94928,40.12005]]}},{"type":"Feature","properties":{"layer":"local","NAME":"King Cross Ct","MTFCC":"S1400"},"geometry":{"type":"LineString","coordinates":[[-82.95294,40.1076],[-82.95254,40.10767],[-82.95259,40.10787],[-82.95293,40.10781],[-82.95295,40.1078],[-82.95297,40.10777],[-82.95294,40.1076]]}},{"type":"Feature","properties":{"layer":"local","NAME":"Elm Ct","MTFCC":"S1400"},"geometry":{"type":"LineString","coordinates":[[-82.90991,40.14112],[-82.91034,40.14115],[-82.91125,40.14118]]}},{"type":"Feature","properties":{"layer":"local","NAME":"N Center St","MTFCC":"S1400"},"geometry":{"type":"LineString","coordinates":[[-82.9382,40.13032],[-82.9382,40.13028],[-82.9382,40.13023],[-82.9382,40.13017],[-82.93821,40.13011],[-82.93821,40.13006],[-82.93821,40.13],[-82.9382,40.12994],[-82.93819,40.12988],[-82.93818,40.12984],[-82.93817,40.12978],[-82.93816,40.12972],[-82.93815,40.12967],[-82.93815,40.12961],[-82.93815,40.12955],[-82.93815,40.1295],[-82.93814,40.12944],[-82.93813,40.1294],[-82.93813,40.12935],[-82.9381,40.12927],[-82.93809,40.12921],[-82.93807,40.12917],[-82.93806,40.12911],[-82.93804,40.12907],[-82.93803,40.12902],[-82.93801,40.12895],[-82.938,40.12889],[-82.93799,40.12883],[-82.93797,40.1288]]}},{"type":"Feature","properties":{"layer":"local","NAME":"Mallard Dr","MTFCC":"S1400"},"geometry":{"type":"LineString","coordinates":[[-82.90875,40.14111],[-82.90868,40.14114],[-82.90861,40.14117],[-82.90852,40.14118],[-82.90837,40.14118],[-82.90723,40.14114]]}},{"type":"Feature","properties":{"layer":"local","NAME":"Westerview Dr","MTFCC":"S1400"},"geometry":{"type":"LineString","coordinates":[[-82.94828,40.12327],[-82.94762,40.12323],[-82.94728,40.12321]]}},{"type":"Feature","properties":{"layer":"local","NAME":"Tammerlane Ct","MTFCC":"S1400"},"geometry":{"type":"LineString","coordinates":[[-82.91773,40.12519],[-82.91773,40.12508],[-82.91779,40.12426]]}},{"type":"Feature","properties":{"layer":"local","NAME":"Charterhouse Ct","MTFCC":"S1400"},"geometry":{"type":"LineString","coordinates":[[-82.90071,40.11425],[-82.90007,40.11442],[-82.89988,40.11445],[-82.89933,40.11444]]}},{"type":"Feature","properties":{"layer":"local","NAME":"Legacy Ct","MTFCC":"S1400"},"geometry":{"type":"LineString","coordinates":[[-82.91478,40.13837],[-82.91499,40.13823]]}},{"type":"Feature","properties":{"layer":"local","NAME":"Office Pkwy","MTFCC":"S1400"},"geometry":{"type":"LineString","coordinates":[[-82.92518,40.14233],[-82.92521,40.1418],[-82.92523,40.14167],[-82.92527,40.14156],[-82.92533,40.14145],[-82.92539,40.14132],[-82.92543,40.14119],[-82.92546,40.14088],[-82.92551,40.14017]]}},{"type":"Feature","properties":{"layer":"local","NAME":"Linncrest Dr","MTFCC":"S1400"},"geometry":{"type":"LineString","coordinates":[[-82.90711,40.1246],[-82.90574,40.12454],[-82.90409,40.12447],[-82.90342,40.12443]]}},{"type":"Feature","properties":{"layer":"local","NAME":"Woodcreek Ln","MTFCC":"S1400"},"geometry":{"type":"LineString","coordinates":[[-82.90909,40.14202],[-82.90863,40.14199],[-82.9082,40.14198],[-82.90817,40.14198],[-82.90775,40.14197],[-82.90769,40.14197],[-82.90767,40.14197],[-82.9072,40.14195]]}},{"type":"Feature","properties":{"layer":"local","NAME":"Waterton Dr","MTFCC":"S1400"},"geometry":{"type":"LineString","coordinates":[[-82.95938,40.12853],[-82.95928,40.12848],[-82.95874,40.12833],[-82.95801,40.12829],[-82.95746,40.12827],[-82.95694,40.12825],[-82.95594,40.12821],[-82.95571,40.12822],[-82.95537,40.12828],[-82.95446,40.12856],[-82.95417,40.12865],[-82.95397,40.12877],[-82.95384,40.12894],[-82.95379,40.1291],[-82.95381,40.12928],[-82.95397,40.1296]]}},{"type":"Feature","properties":{"layer":"local","NAME":"Coss Cir","MTFCC":"S1400"},"geometry":{"type":"LineString","coordinates":[[-82.90098,40.12657],[-82.90104,40.12678],[-82.90102,40.12709],[-82.90101,40.12723]]}},{"type":"Feature","properties":{"layer":"local","NAME":"Glenmore Way","MTFCC":"S1400"},"geometry":{"type":"LineString","coordinates":[[-82.92922,40.14857],[-82.92925,40.14864],[-82.92929,40.14874],[-82.92928,40.1489],[-82.92918,40.14935],[-82.92915,40.1494],[-82.92907,40.1496],[-82.929,40.14974],[-82.92889,40.14993],[-82.92884,40.15001],[-82.92866,40.15019],[-82.92855,40.15028],[-82.92843,40.15036],[-82.9283,40.15042],[-82.92828,40.15043]]}},{"type":"Feature","properties":{"layer":"local","NAME":"Brook Run Ct","MTFCC":"S1400"},"geometry":{"type":"LineString","coordinates":[[-82.90375,40.10329],[-82.90382,40.10336],[-82.90421,40.10371],[-82.90434,40.10382],[-82.90437,40.10392]]}},{"type":"Feature","properties":{"layer":"local","NAME":"Emrick Rd","MTFCC":"S1400"},"geometry":{"type":"LineString","coordinates":[[-82.927,40.09826],[-82.92714,40.09833],[-82.92735,40.09839],[-82.92759,40.09842],[-82.92786,40.09843],[-82.92807,40.09845],[-82.92817,40.09845],[-82.92828,40.09846],[-82.92837,40.09846],[-82.92854,40.09851],[-82.92878,40.09862],[-82.92896,40.0988],[-82.92918,40.09907],[-82.92937,40.09928],[-82.9295,40.09937],[-82.92962,40.09942],[-82.9299,40.09948],[-82.93036,40.09956],[-82.93106,40.09964],[-82.93122,40.09968],[-82.9315,40.09978],[-82.93178,40.09993],[-82.93207,40.10005],[-82.93225,40.10009],[-82.93252,40.10014],[-82.93274,40.10016]]}},{"type":"Feature","properties":{"layer":"local","NAME":"Collingwood Dr","MTFCC":"S1400"},"geometry":{"type":"LineString","coordinates":[[-82.90961,40.1243],[-82.90873,40.12426],[-82.90845,40.12421],[-82.90827,40.12402],[-82.90809,40.12386],[-82.9079,40.12379],[-82.90775,40.12379],[-82.90717,40.12376],[-82.90623,40.12372],[-82.90405,40.12363],[-82.90349,40.1236]]}},{"type":"Feature","properties":{"layer":"local","NAME":"Kalu Pl","MTFCC":"S1400"},"geometry":{"type":"LineString","coordinates":[[-82.90169,40.10709],[-82.90218,40.10704],[-82.9022,40.10704]]}},{"type":"Feature","properties":{"layer":"local","NAME":"Ivydale Dr","MTFCC":"S1400"},"geometry":{"type":"LineString","coordinates":[[-82.918,40.10928],[-82.91801,40.10918],[-82.918,40.10895],[-82.91789,40.10871],[-82.91779,40.1086],[-82.91765,40.10845],[-82.91731,40.1081],[-82.91715,40.10794],[-82.91697,40.10773],[-82.91688,40.10751],[-82.91686,40.10733],[-82.91687,40.10724]]}},{"type":"Feature","properties":{"layer":"local","NAME":"Bellfrey Ct","MTFCC":"S1400"},"geometry":{"type":"LineString","coordinates":[[-82.91501,40.13966],[-82.9137,40.1396]]}},{"type":"Feature","properties":{"layer":"local","NAME":"Flags Center Dr","MTFCC":"S1400"},"geometry":{"type":"LineString","coordinates":[[-82.9514,40.11025],[-82.95118,40.10943],[-82.95056,40.1094],[-82.95028,40.10944],[-82.95,40.10943]]}},{"type":"Feature","properties":{"layer":"local","NAME":"Chillingham Dr","MTFCC":"S1400"},"geometry":{"type":"LineString","coordinates":[[-82.96247,40.14185],[-82.96249,40.14142],[-82.96249,40.14137],[-82.96248,40.14133],[-82.96245,40.1413],[-82.96241,40.14129],[-82.96239,40.14129],[-82.96226,40.14128],[-82.9608,40.1412],[-82.96078,40.1415],[-82.96071,40.1415],[-82.95874,40.14142]]}},{"type":"Feature","properties":{"layer":"local","NAME":"Schrock Hill Ct","MTFCC":"S1400"},"geometry":{"type":"LineString","coordinates":[[-82.95186,40.11018],[-82.95157,40.10913],[-82.95141,40.10883],[-82.95128,40.10857],[-82.95119,40.10837]]}},{"type":"Feature","properties":{"layer":"local","NAME":"Logan Ave","MTFCC":"S1400"},"geometry":{"type":"LineString","coordinates":[[-82.92893,40.13157],[-82.92841,40.13154],[-82.92659,40.13147]]}},{"type":"Feature","properties":{"layer":"local","NAME":"Worthington Rd","MTFCC":"S1400"},"geometry":{"type":"LineString","coordinates":[[-82.9571,40.13813],[-82.95706,40.13869],[-82.95704,40.13882],[-82.95645,40.14097]]}},{"type":"Feature","properties":{"layer":"local","NAME":"Aylesbury Dr S","MTFCC":"S1400"},"geometry":{"type":"LineString","coordinates":[[-82.91771,40.1341],[-82.91811,40.134],[-82.91821,40.13397],[-82.91832,40.13391],[-82.91848,40.13377],[-82.91869,40.13357],[-82.91883,40.13349],[-82.91887,40.13347],[-82.91898,40.13343],[-82.91916,40.13341],[-82.91929,40.1334],[-82.91958,40.13343],[-82.9198,40.13346],[-82.92011,40.13354],[-82.92029,40.1336],[-82.92043,40.13368],[-82.92051,40.13375],[-82.92053,40.13377],[-82.92062,40.13391],[-82.92064,40.134]]}},{"type":"Feature","properties":{"layer":"local","NAME":"Mingo Ln","MTFCC":"S1400"},"geometry":{"type":"LineString","coordinates":[[-82.90813,40.11668],[-82.90818,40.11624],[-82.90823,40.11579]]}},{"type":"Feature","properties":{"layer":"local","NAME":"Narrgansett St","MTFCC":"S1400"},"geometry":{"type":"LineString","coordinates":[[-82.91776,40.12005],[-82.91782,40.11943],[-82.91784,40.11906],[-82.91789,40.11817]]}},{"type":"Feature","properties":{"layer":"local","NAME":"Progressive Way","MTFCC":"S1400"},"geometry":{"type":"LineString","coordinates":[[-82.92116,40.13901],[-82.92129,40.13902],[-82.92234,40.13908]]}},{"type":"Feature","properties":{"layer":"local","NAME":"Talltree Ct","MTFCC":"S1400"},"geometry":{"type":"LineString","coordinates":[[-82.89685,40.11154],[-82.89635,40.11149],[-82.89609,40.11142],[-82.89588,40.1113],[-82.89579,40.11122]]}},{"type":"Feature","properties":{"layer":"local","NAME":"Olde English Ct","MTFCC":"S1400"},"geometry":{"type":"LineString","coordinates":[[-82.91634,40.13644],[-82.91534,40.1364],[-82.91494,40.13638],[-82.9147,40.13636]]}},{"type":"Feature","properties":{"layer":"local","NAME":"Springhurst Ct","MTFCC":"S1400"},"geometry":{"type":"LineString","coordinates":[[-82.89474,40.12857],[-82.89486,40.12896]]}},{"type":"Feature","properties":{"layer":"local","NAME":"Sunset Dr","MTFCC":"S1400"},"geometry":{"type":"LineString","coordinates":[[-82.93942,40.12949],[-82.93929,40.13138],[-82.9393,40.13144],[-82.93935,40.13148],[-82.93943,40.1315],[-82.9402,40.13153]]}},{"type":"Feature","properties":{"layer":"local","NAME":"Forest Glen Rd","MTFCC":"S1400"},"geometry":{"type":"LineString","coordinates":[[-82.89484,40.11045],[-82.89448,40.11046],[-82.89414,40.11042],[-82.89384,40.11038],[-82.89367,40.11035],[-82.89344,40.11024],[-82.89331,40.11013],[-82.89326,40.11003],[-82.89321,40.10981],[-82.89323,40.10946],[-82.89325,40.10912],[-82.8933,40.10893],[-82.89344,40.10876],[-82.89369,40.10863],[-82.89399,40.10858],[-82.89474,40.10862],[-82.89518,40.10856]]}},{"type":"Feature","properties":{"layer":"local","NAME":"Redding Aly","MTFCC":"S1730"},"geometry":{"type":"LineString","coordinates":[[-82.93029,40.12674],[-82.93027,40.12716],[-82.93027,40.12754]]}},{"type":"Feature","properties":{"layer":"local","NAME":"Egret Ct","MTFCC":"S1400"},"geometry":{"type":"LineString","coordinates":[[-82.89438,40.14058],[-82.89442,40.14009],[-82.89441,40.14],[-82.89437,40.13992],[-82.89435,40.13988],[-82.89428,40.13982],[-82.89424,40.13979],[-82.8942,40.13976],[-82.89411,40.13972],[-82.89405,40.13971],[-82.89395,40.13969],[-82.89198,40.13957],[-82.89161,40.13955]]}},{"type":"Feature","properties":{"layer":"local","NAME":"Allview Ct","MTFCC":"S1400"},"geometry":{"type":"LineString","coordinates":[[-82.92068,40.11199],[-82.92078,40.11093],[-82.92079,40.11084]]}},{"type":"Feature","properties":{"layer":"local","NAME":"Belle Haven Ct","MTFCC":"S1400"},"geometry":{"type":"LineString","coordinates":[[-82.91497,40.13454],[-82.91506,40.13458],[-82.91535,40.13469]]}},{"type":"Feature","properties":{"layer":"local","NAME":"Carousel Ct","MTFCC":"S1400"},"geometry":{"type":"LineString","coordinates":[[-82.89202,40.12773],[-82.8921,40.12771],[-82.89248,40.12769],[-82.89336,40.12774],[-82.89399,40.12777]]}},{"type":"Feature","properties":{"layer":"local","NAME":"Dogwood Ln","MTFCC":"S1400"},"geometry":{"type":"LineString","coordinates":[[-82.92219,40.13733],[-82.92223,40.1375],[-82.92223,40.13765],[-82.92222,40.13782],[-82.92224,40.13787],[-82.92228,40.13791],[-82.92232,40.13793],[-82.9224,40.13795],[-82.92297,40.13798],[-82.92331,40.13797],[-82.92379,40.13794],[-82.92401,40.13792]]}},{"type":"Feature","properties":{"layer":"local","NAME":"Rebecca Ave","MTFCC":"S1400"},"geometry":{"type":"LineString","coordinates":[[-82.91035,40.12725],[-82.90916,40.12721],[-82.90794,40.12716],[-82.90672,40.12711],[-82.90586,40.12707],[-82.90555,40.12706],[-82.90442,40.12701],[-82.90372,40.12698],[-82.90323,40.12696]]}},{"type":"Feature","properties":{"layer":"local","NAME":"Huber Village Blvd","MTFCC":"S1400"},"geometry":{"type":"LineString","coordinates":[[-82.92492,40.10561],[-82.9239,40.10555],[-82.92354,40.1055],[-82.9234,40.10548],[-82.92324,40.10546],[-82.92271,40.10531],[-82.92221,40.10509],[-82.92209,40.10503],[-82.92164,40.10474],[-82.9212,40.10444],[-82.92104,40.10434],[-82.92075,40.10417],[-82.92039,40.10401],[-82.92013,40.10392],[-82.92003,40.10389],[-82.91962,40.10382],[-82.91929,40.10378],[-82.91873,40.10376],[-82.91817,40.10372],[-82.91725,40.10367],[-82.91506,40.10355],[-82.9138,40.10348],[-82.91339,40.10345],[-82.91266,40.10341],[-82.91155,40.10335],[-82.91109,40.10332],[-82.91056,40.10329],[-82.90932,40.10322],[-82.90824,40.10316],[-82.90585,40.10302]]}},{"type":"Feature","properties":{"layer":"local","NAME":"Willowick Cir","MTFCC":"S1400"},"geometry":{"type":"LineString","coordinates":[[-82.96158,40.101],[-82.96158,40.10115],[-82.9616,40.10124],[-82.96172,40.10145],[-82.96163,40.10153],[-82.96148,40.10161],[-82.9614,40.10165],[-82.96131,40.10166],[-82.96111,40.10165],[-82.96102,40.10163],[-82.96094,40.10159],[-82.96077,40.10147],[-82.96072,40.10139],[-82.96071,40.1013],[-82.96071,40.10118],[-82.96075,40.10101]]}},{"type":"Feature","properties":{"layer":"local","NAME":"Heatherdown Dr","MTFCC":"S1400"},"geometry":{"type":"LineString","coordinates":[[-82.92492,40.10561],[-82.92532,40.10564],[-82.92555,40.10569],[-82.92611,40.10585],[-82.92642,40.10585],[-82.92673,40.10577],[-82.92692,40.10565],[-82.92704,40.10548],[-82.92721,40.10523],[-82.92746,40.10509],[-82.92776,40.10505],[-82.92809,40.10502],[-82.92819,40.10501],[-82.92835,40.105],[-82.92885,40.10496],[-82.92897,40.10497],[-82.92909,40.10499],[-82.92929,40.10502],[-82.92941,40.10503],[-82.93007,40.10508],[-82.93058,40.1051],[-82.93083,40.10513],[-82.9311,40.10522],[-82.93242,40.10591]]}},{"type":"Feature","properties":{"layer":"local","NAME":"Worthington Rd","MTFCC":"S1400"},"geometry":{"type":"LineString","coordinates":[[-82.95643,40.14868],[-82.95638,40.14848],[-82.95635,40.14832],[-82.95632,40.1481],[-82.9563,40.14787],[-82.9563,40.14777],[-82.9563,40.14745],[-82.95629,40.14727],[-82.95628,40.14713],[-82.95629,40.14662],[-82.9563,40.14625],[-82.9563,40.14623],[-82.95628,40.14584],[-82.95628,40.14566],[-82.95622,40.14328],[-82.9562,40.14313],[-82.95611,40.14276],[-82.95611,40.14267],[-82.95611,40.14248],[-82.95615,40.1423],[-82.95622,40.14212],[-82.95641,40.14173],[-82.95645,40.14158],[-82.95646,40.14142],[-82.95644,40.14118],[-82.95645,40.14097]]}},{"type":"Feature","properties":{"layer":"local","NAME":"Maplebrooke Dr W","MTFCC":"S1400"},"geometry":{"type":"LineString","coordinates":[[-82.92586,40.13676],[-82.92594,40.13677],[-82.92599,40.13678],[-82.92609,40.13681],[-82.92617,40.13686],[-82.92624,40.13692],[-82.92629,40.13699],[-82.9263,40.13703],[-82.92632,40.13711],[-82.9263,40.13733],[-82.92628,40.13756],[-82.92628,40.1377],[-82.92627,40.13787],[-82.92624,40.13822],[-82.92622,40.13827],[-82.9262,40.13829],[-82.92618,40.13832]]}},{"type":"Feature","properties":{"layer":"local","NAME":"Pavilion Landing Pl","MTFCC":"S1400"},"geometry":{"type":"LineString","coordinates":[[-82.90302,40.14898],[-82.90284,40.14897],[-82.90264,40.14896],[-82.90242,40.14895],[-82.90226,40.14895],[-82.90223,40.14898],[-82.90219,40.14902],[-82.90216,40.14915],[-82.90214,40.14926],[-82.90213,40.14938],[-82.90211,40.14962],[-82.9021,40.14977],[-82.9021,40.14983],[-82.90211,40.14986],[-82.90214,40.14989],[-82.90217,40.14991],[-82.90227,40.14994],[-82.90292,40.14997]]}},{"type":"Feature","properties":{"layer":"local","NAME":"Glenmore Way","MTFCC":"S1400"},"geometry":{"type":"LineString","coordinates":[[-82.92828,40.15043],[-82.92824,40.15046],[-82.92823,40.15049],[-82.92822,40.15052],[-82.92816,40.15102]]}},{"type":"Feature","properties":{"layer":"local","NAME":"Montreal Pl","MTFCC":"S1400"},"geometry":{"type":"LineString","coordinates":[[-82.90644,40.10523],[-82.90626,40.10522],[-82.90568,40.1052]]}},{"type":"Feature","properties":{"layer":"local","NAME":"Dall Aly","MTFCC":"S1730"},"geometry":{"type":"LineString","coordinates":[[-82.92659,40.13105],[-82.92673,40.13106],[-82.92841,40.13115]]}},{"type":"Feature","properties":{"layer":"local","NAME":"Phelps Aly","MTFCC":"S1730"},"geometry":{"type":"LineString","coordinates":[[-82.92833,40.127],[-82.92837,40.12704],[-82.92916,40.12707]]}},{"type":"Feature","properties":{"layer":"local","NAME":"Beachside Dr","MTFCC":"S1400"},"geometry":{"type":"LineString","coordinates":[[-82.91039,40.11075],[-82.91031,40.11103],[-82.91033,40.11115],[-82.91042,40.11126],[-82.91055,40.11134],[-82.91066,40.11135],[-82.911,40.11138],[-82.91114,40.11139],[-82.91133,40.11143],[-82.9115,40.1115],[-82.91161,40.11155],[-82.91174,40.11157]]}},{"type":"Feature","properties":{"layer":"local","NAME":null,"MTFCC":"S1740"},"geometry":{"type":"LineString","coordinates":[[-82.94774,40.11582],[-82.9478,40.11586],[-82.94785,40.1159],[-82.94791,40.11597],[-82.94794,40.11602],[-82.94796,40.11609],[-82.94798,40.11618],[-82.94799,40.11632],[-82.94799,40.11641],[-82.94875,40.11643]]}},{"type":"Feature","properties":{"layer":"local","NAME":"Westar Blvd","MTFCC":"S1400"},"geometry":{"type":"LineString","coordinates":[[-82.94701,40.141],[-82.94664,40.14099],[-82.94582,40.14097],[-82.94553,40.14095],[-82.94527,40.14087],[-82.94502,40.14072],[-82.94464,40.14022],[-82.94445,40.14017],[-82.94432,40.14014],[-82.94422,40.14013],[-82.94403,40.14013],[-82.94247,40.14006]]}},{"type":"Feature","properties":{"layer":"local","NAME":"Borealis Dr","MTFCC":"S1400"},"geometry":{"type":"LineString","coordinates":[[-82.96131,40.14927],[-82.96131,40.14928],[-82.96132,40.1493],[-82.96132,40.14932],[-82.96131,40.14933],[-82.96114,40.15036],[-82.96109,40.15065],[-82.96108,40.15066],[-82.96108,40.15067],[-82.96107,40.15068],[-82.96106,40.15069],[-82.96105,40.15069]]}},{"type":"Feature","properties":{"layer":"local","NAME":"Ursa Major","MTFCC":"S1400"},"geometry":{"type":"LineString","coordinates":[[-82.96131,40.14927],[-82.9613,40.14925],[-82.96128,40.14924],[-82.96127,40.14923],[-82.96125,40.14922],[-82.96122,40.14921],[-82.96117,40.14919],[-82.96113,40.14919],[-82.96092,40.14916],[-82.96044,40.14912],[-82.96029,40.14911],[-82.95987,40.14911],[-82.95966,40.14912],[-82.9594,40.14913],[-82.95937,40.14914],[-82.95935,40.14915],[-82.95933,40.14916],[-82.95931,40.14917],[-82.95929,40.14919]]}},{"type":"Feature","properties":{"layer":"local","NAME":"Bellfrey Dr","MTFCC":"S1400"},"geometry":{"type":"LineString","coordinates":[[-82.91501,40.13966],[-82.91558,40.13968],[-82.91572,40.13968],[-82.91579,40.13966],[-82.91589,40.13963],[-82.91597,40.13959],[-82.91602,40.13954],[-82.91611,40.13943],[-82.91614,40.13937],[-82.91615,40.13932],[-82.91629,40.13746],[-82.91629,40.13737],[-82.91626,40.13731],[-82.91622,40.13723],[-82.9161,40.1371]]}},{"type":"Feature","properties":{"layer":"local","NAME":null,"MTFCC":"S1740"},"geometry":{"type":"LineString","coordinates":[[-82.94359,40.11346],[-82.9435,40.11451]]}},{"type":"Feature","properties":{"layer":"local","NAME":"Renee Ct","MTFCC":"S1400"},"geometry":{"type":"LineString","coordinates":[[-82.93068,40.11227],[-82.93069,40.11244],[-82.93074,40.11271],[-82.93076,40.11296],[-82.93075,40.11315],[-82.93123,40.11316]]}},{"type":"Feature","properties":{"layer":"local","NAME":"Greenway St","MTFCC":"S1400"},"geometry":{"type":"LineString","coordinates":[[-82.93457,40.12895],[-82.93453,40.12956]]}},{"type":"Feature","properties":{"layer":"local","NAME":"Murnane St","MTFCC":"S1400"},"geometry":{"type":"LineString","coordinates":[[-82.91037,40.12696],[-82.91036,40.12706],[-82.91035,40.12725],[-82.91027,40.12865],[-82.91026,40.12867],[-82.91026,40.12869],[-82.91021,40.12981],[-82.91012,40.13113]]}},{"type":"Feature","properties":{"layer":"local","NAME":"W Home St","MTFCC":"S1400"},"geometry":{"type":"LineString","coordinates":[[-82.93234,40.12785],[-82.93295,40.12777],[-82.93302,40.12776],[-82.93305,40.12776],[-82.93357,40.1277],[-82.93408,40.12763],[-82.9347,40.12756],[-82.93599,40.1274],[-82.93763,40.12721],[-82.93791,40.12718],[-82.93805,40.12716],[-82.9384,40.12712],[-82.93843,40.12711],[-82.93854,40.1271],[-82.93926,40.12701]]}},{"type":"Feature","properties":{"layer":"local","NAME":"Cheyenne Ct","MTFCC":"S1400"},"geometry":{"type":"LineString","coordinates":[[-82.92016,40.11877],[-82.92012,40.11874],[-82.9199,40.11861]]}},{"type":"Feature","properties":{"layer":"local","NAME":"Glenwood Dr","MTFCC":"S1400"},"geometry":{"type":"LineString","coordinates":[[-82.92961,40.1205],[-82.92981,40.12046],[-82.9301,40.12042],[-82.93072,40.12045],[-82.93105,40.12049],[-82.93159,40.12054],[-82.93181,40.12056],[-82.93186,40.12057],[-82.93189,40.1206]]}},{"type":"Feature","properties":{"layer":"local","NAME":"Cross Country Dr W","MTFCC":"S1400"},"geometry":{"type":"LineString","coordinates":[[-82.91409,40.10093],[-82.91403,40.10097],[-82.91377,40.10113],[-82.91369,40.10116],[-82.9136,40.10116],[-82.91333,40.10114],[-82.9132,40.10113],[-82.91298,40.10121],[-82.91266,40.10138],[-82.91258,40.10143]]}},{"type":"Feature","properties":{"layer":"local","NAME":"Cogswell Ct","MTFCC":"S1400"},"geometry":{"type":"LineString","coordinates":[[-82.96186,40.12621],[-82.96182,40.12672]]}},{"type":"Feature","properties":{"layer":"local","NAME":"Farlook Ct","MTFCC":"S1400"},"geometry":{"type":"LineString","coordinates":[[-82.94315,40.10519],[-82.94279,40.10548]]}},{"type":"Feature","properties":{"layer":"local","NAME":"W Plum St","MTFCC":"S1400"},"geometry":{"type":"LineString","coordinates":[[-82.9305,40.12292],[-82.93129,40.12297],[-82.93347,40.12313],[-82.93426,40.12319],[-82.93545,40.12328]]}},{"type":"Feature","properties":{"layer":"local","NAME":"Wyndham Park S","MTFCC":"S1400"},"geometry":{"type":"LineString","coordinates":[[-82.9212,40.13699],[-82.92089,40.13702],[-82.9206,40.13701],[-82.91773,40.1369],[-82.91764,40.13691],[-82.91756,40.13693],[-82.9175,40.13697],[-82.91746,40.13701],[-82.91742,40.13705],[-82.91739,40.13712],[-82.91738,40.13726]]}},{"type":"Feature","properties":{"layer":"local","NAME":"Woodsedge Ln","MTFCC":"S1400"},"geometry":{"type":"LineString","coordinates":[[-82.89782,40.11006],[-82.89843,40.11011],[-82.89918,40.11017],[-82.89953,40.11011]]}},{"type":"Feature","properties":{"layer":"local","NAME":"Markworth Ct","MTFCC":"S1400"},"geometry":{"type":"LineString","coordinates":[[-82.89307,40.11224],[-82.89323,40.11221],[-82.89327,40.1122],[-82.89431,40.11219]]}},{"type":"Feature","properties":{"layer":"local","NAME":"Park Bend Dr","MTFCC":"S1400"},"geometry":{"type":"LineString","coordinates":[[-82.90054,40.15017],[-82.9006,40.1502],[-82.90067,40.15022],[-82.90095,40.15025],[-82.90098,40.15023],[-82.901,40.15021]]}},{"type":"Feature","properties":{"layer":"local","NAME":"Pointe Pl","MTFCC":"S1740"},"geometry":{"type":"LineString","coordinates":[[-82.92343,40.13423],[-82.92335,40.13418]]}},{"type":"Feature","properties":{"layer":"local","NAME":"Frasier Rd","MTFCC":"S1400"},"geometry":{"type":"LineString","coordinates":[[-82.93452,40.15342],[-82.93455,40.15332],[-82.93467,40.15293],[-82.93471,40.15276],[-82.93479,40.15156],[-82.9348,40.15147],[-82.93486,40.15057],[-82.93485,40.15049],[-82.93482,40.15041],[-82.93477,40.15033],[-82.9347,40.15027],[-82.93462,40.15021],[-82.93453,40.15017],[-82.93443,40.15013],[-82.93432,40.15011],[-82.93422,40.1501],[-82.93224,40.15003]]}},{"type":"Feature","properties":{"layer":"local","NAME":"County Line Rd","MTFCC":"S1400"},"geometry":{"type":"LineString","coordinates":[[-82.91938,40.13284],[-82.91967,40.13287],[-82.91991,40.1329],[-82.92012,40.13294],[-82.92031,40.13299],[-82.9205,40.13305],[-82.92074,40.13313],[-82.9209,40.1332],[-82.92097,40.13323],[-82.92118,40.13333],[-82.92144,40.1335],[-82.92157,40.13359],[-82.92179,40.13376],[-82.92193,40.1339],[-82.92216,40.13413],[-82.92249,40.13448],[-82.92271,40.13469],[-82.92277,40.13476],[-82.92292,40.1349],[-82.92308,40.13503],[-82.92317,40.13509],[-82.92334,40.13519],[-82.92345,40.13524],[-82.92368,40.13534],[-82.92393,40.13543],[-82.92408,40.13547],[-82.92433,40.13553],[-82.92444,40.13555],[-82.92469,40.13558],[-82.92489,40.1356],[-82.92561,40.13566],[-82.92706,40.13578],[-82.92855,40.13592],[-82.92979,40.13604],[-82.93006,40.13606],[-82.93016,40.13607],[-82.93034,40.13611],[-82.93072,40.13621],[-82.93194,40.13647],[-82.93244,40.13658],[-82.9325,40.13659]]}},{"type":"Feature","properties":{"layer":"local","NAME":null,"MTFCC":"S1740"},"geometry":{"type":"LineString","coordinates":[[-82.9408,40.11631],[-82.94086,40.11639],[-82.94089,40.11644],[-82.94092,40.11646],[-82.94095,40.11649],[-82.94099,40.11652],[-82.94105,40.11654],[-82.94113,40.11656],[-82.94123,40.11656],[-82.94139,40.11658],[-82.94159,40.11658],[-82.94182,40.11658],[-82.94235,40.11654],[-82.94254,40.11654],[-82.94272,40.11655],[-82.9429,40.11658],[-82.94308,40.11662],[-82.94327,40.11667],[-82.94341,40.11673],[-82.9435,40.11677],[-82.94359,40.11682],[-82.94364,40.11685],[-82.94367,40.11687],[-82.9437,40.11689],[-82.94372,40.11689],[-82.94374,40.1169],[-82.94376,40.1169],[-82.94377,40.11689],[-82.9438,40.11689],[-82.94383,40.11687],[-82.94387,40.11684],[-82.94399,40.11677],[-82.94411,40.11671],[-82.94422,40.11665],[-82.94438,40.11659],[-82.94466,40.1165],[-82.94485,40.11644]]}},{"type":"Feature","properties":{"layer":"local","NAME":"Atterbury Ave","MTFCC":"S1400"},"geometry":{"type":"LineString","coordinates":[[-82.96289,40.10618],[-82.96257,40.1062],[-82.96227,40.10623],[-82.96198,40.10628],[-82.96189,40.1063],[-82.96174,40.10634],[-82.96101,40.10637],[-82.96072,40.10633],[-82.96053,40.10629],[-82.95891,40.10596],[-82.95878,40.10592],[-82.95869,40.10586]]}},{"type":"Feature","properties":{"layer":"local","NAME":"Richert Ct","MTFCC":"S1400"},"geometry":{"type":"LineString","coordinates":[[-82.90555,40.12706],[-82.90555,40.12708],[-82.9055,40.12771]]}},{"type":"Feature","properties":{"layer":"local","NAME":"Dunraven Ct","MTFCC":"S1400"},"geometry":{"type":"LineString","coordinates":[[-82.94446,40.1058],[-82.94471,40.10615]]}},{"type":"Feature","properties":{"layer":"local","NAME":"Crafton Ave","MTFCC":"S1740"},"geometry":{"type":"LineString","coordinates":[[-82.94174,40.13681],[-82.9418,40.13609],[-82.94183,40.13553]]}},{"type":"Feature","properties":{"layer":"local","NAME":"Maxtown Xing S","MTFCC":"S1400"},"geometry":{"type":"LineString","coordinates":[[-82.92625,40.14853],[-82.92634,40.14751]]}},{"type":"Feature","properties":{"layer":"local","NAME":"Seaside Ct","MTFCC":"S1400"},"geometry":{"type":"LineString","coordinates":[[-82.89357,40.14363],[-82.89404,40.1432]]}},{"type":"Feature","properties":{"layer":"local","NAME":"Mohican Way","MTFCC":"S1400"},"geometry":{"type":"LineString","coordinates":[[-82.90733,40.11265],[-82.90706,40.1128],[-82.90675,40.11286],[-82.90621,40.11279],[-82.90611,40.11274],[-82.90599,40.11267],[-82.90584,40.11251],[-82.90579,40.11219],[-82.90584,40.11151],[-82.90579,40.11123],[-82.90569,40.11109],[-82.90538,40.11068],[-82.90535,40.11035],[-82.90538,40.10988],[-82.90541,40.10955],[-82.90547,40.10936],[-82.90566,40.10916]]}},{"type":"Feature","properties":{"layer":"local","NAME":null,"MTFCC":"S1730"},"geometry":{"type":"LineString","coordinates":[[-82.90754,40.14438],[-82.90741,40.14448],[-82.90727,40.14462],[-82.90717,40.14479],[-82.90714,40.14568]]}},{"type":"Feature","properties":{"layer":"local","NAME":"Olde Mill Dr","MTFCC":"S1400"},"geometry":{"type":"LineString","coordinates":[[-82.90679,40.13231],[-82.90677,40.13258],[-82.90679,40.1327],[-82.90681,40.13282],[-82.90692,40.13311],[-82.90704,40.13343],[-82.90705,40.13349],[-82.90707,40.13357],[-82.90707,40.13369],[-82.90706,40.13389],[-82.90704,40.13413],[-82.907,40.1343],[-82.90695,40.13441],[-82.90685,40.13456],[-82.90674,40.13469],[-82.90665,40.13477],[-82.90653,40.13486],[-82.90616,40.13508],[-82.90596,40.13521],[-82.90585,40.1353],[-82.90579,40.13536],[-82.9057,40.1355],[-82.90565,40.13561],[-82.9056,40.13578],[-82.90554,40.13656],[-82.90553,40.13673],[-82.9055,40.13714],[-82.90549,40.13733],[-82.90546,40.13761],[-82.90543,40.138],[-82.90544,40.13814],[-82.90545,40.13829],[-82.90548,40.13842],[-82.9055,40.13845],[-82.90554,40.13855],[-82.9056,40.13868],[-82.9057,40.13883],[-82.90588,40.13902],[-82.90594,40.13908],[-82.90625,40.1393],[-82.90638,40.13938],[-82.90667,40.13956],[-82.90676,40.13963],[-82.90679,40.13965],[-82.90689,40.13973],[-82.90705,40.13988],[-82.90712,40.13998],[-82.90717,40.14006],[-82.90722,40.14018],[-82.90727,40.14033],[-82.90728,40.14038],[-82.90728,40.14051],[-82.90727,40.14064],[-82.90724,40.14103],[-82.90723,40.14114],[-82.90721,40.14152],[-82.9072,40.14195],[-82.90711,40.14296],[-82.90711,40.14309],[-82.90706,40.14374]]}},{"type":"Feature","properties":{"layer":"local","NAME":"Alum Park Dr","MTFCC":"S1400"},"geometry":{"type":"LineString","coordinates":[[-82.94185,40.12544],[-82.94174,40.125],[-82.94148,40.12458],[-82.94101,40.12437],[-82.94022,40.12422],[-82.93956,40.12402],[-82.93916,40.12387]]}},{"type":"Feature","properties":{"layer":"local","NAME":"Cogswell St","MTFCC":"S1400"},"geometry":{"type":"LineString","coordinates":[[-82.95996,40.12602],[-82.96011,40.12608],[-82.96042,40.12615],[-82.96079,40.12617],[-82.96186,40.12621],[-82.96299,40.12625],[-82.96356,40.12627],[-82.96378,40.12629],[-82.96387,40.12631],[-82.96424,40.1265]]}},{"type":"Feature","properties":{"layer":"local","NAME":"Patricia Ann Ln","MTFCC":"S1400"},"geometry":{"type":"LineString","coordinates":[[-82.91087,40.12205],[-82.9098,40.12199],[-82.9087,40.12193]]}},{"type":"Feature","properties":{"layer":"local","NAME":"Harrogate Ct","MTFCC":"S1400"},"geometry":{"type":"LineString","coordinates":[[-82.91934,40.13426],[-82.91895,40.13495]]}},{"type":"Feature","properties":{"layer":"local","NAME":"Woodgate Ln","MTFCC":"S1400"},"geometry":{"type":"LineString","coordinates":[[-82.92856,40.13507],[-82.92877,40.1357]]}},{"type":"Feature","properties":{"layer":"local","NAME":null,"MTFCC":"S1400"},"geometry":{"type":"LineString","coordinates":[[-82.93363,40.13012],[-82.93366,40.13017],[-82.93365,40.13022],[-82.93364,40.13029],[-82.93364,40.13034],[-82.93363,40.13038],[-82.93363,40.13044],[-82.93363,40.13049],[-82.93362,40.13054],[-82.93362,40.13059],[-82.93362,40.13064],[-82.93361,40.13069],[-82.93361,40.13075],[-82.9336,40.1308],[-82.9336,40.13085],[-82.9336,40.1309],[-82.93359,40.13095],[-82.93359,40.13101],[-82.93358,40.13106],[-82.93358,40.13111],[-82.93357,40.13116],[-82.93357,40.13122],[-82.93357,40.13128],[-82.93357,40.13133],[-82.93356,40.13139],[-82.93355,40.13145],[-82.93354,40.1315]]}},{"type":"Feature","properties":{"layer":"local","NAME":"Franklin Ave","MTFCC":"S1400"},"geometry":{"type":"LineString","coordinates":[[-82.92889,40.1324],[-82.92835,40.13238],[-82.9279,40.13235],[-82.92652,40.13229]]}},{"type":"Feature","properties":{"layer":"local","NAME":"Fairlawn Ct","MTFCC":"S1400"},"geometry":{"type":"LineString","coordinates":[[-82.90402,40.13101],[-82.904,40.1314]]}},{"type":"Feature","properties":{"layer":"local","NAME":"Lauffer Ravines Dr","MTFCC":"S1400"},"geometry":{"type":"LineString","coordinates":[[-82.94847,40.1081],[-82.94831,40.1081],[-82.9482,40.10807],[-82.94812,40.10802],[-82.94785,40.10774],[-82.94756,40.10756],[-82.94709,40.10741],[-82.94691,40.1074],[-82.94687,40.1074],[-82.94595,40.10753],[-82.94512,40.10775],[-82.94496,40.10784]]}},{"type":"Feature","properties":{"layer":"local","NAME":"Bethel","MTFCC":"S1400"},"geometry":{"type":"LineString","coordinates":[[-82.93367,40.12947],[-82.93366,40.12955],[-82.93365,40.1296],[-82.93365,40.12966],[-82.93364,40.12971],[-82.93364,40.12978],[-82.93364,40.12984],[-82.93363,40.12991],[-82.93363,40.12996],[-82.93363,40.13002],[-82.93363,40.13007],[-82.93363,40.13012]]}},{"type":"Feature","properties":{"layer":"local","NAME":"Alkyre Run Dr","MTFCC":"S1400"},"geometry":{"type":"LineString","coordinates":[[-82.94462,40.13699],[-82.94451,40.13844]]}},{"type":"Feature","properties":{"layer":"local","NAME":"Augusta Woods Ter","MTFCC":"S1400"},"geometry":{"type":"LineString","coordinates":[[-82.93946,40.15096],[-82.93953,40.1509],[-82.9396,40.15082],[-82.93964,40.15073],[-82.93966,40.15065],[-82.93968,40.1502]]}},{"type":"Feature","properties":{"layer":"local","NAME":"Stonebridge St","MTFCC":"S1400"},"geometry":{"type":"LineString","coordinates":[[-82.96056,40.0983],[-82.96032,40.09849],[-82.96021,40.09862],[-82.96016,40.09876],[-82.96011,40.09942],[-82.96009,40.09962],[-82.96005,40.09994],[-82.95998,40.10016]]}},{"type":"Feature","properties":{"layer":"local","NAME":"Pawnee Dr","MTFCC":"S1400"},"geometry":{"type":"LineString","coordinates":[[-82.91408,40.11985],[-82.91408,40.11967],[-82.91411,40.11955],[-82.91429,40.11923],[-82.91442,40.11909],[-82.91489,40.11862]]}},{"type":"Feature","properties":{"layer":"local","NAME":"Steffan Ct","MTFCC":"S1400"},"geometry":{"type":"LineString","coordinates":[[-82.91977,40.12347],[-82.91984,40.12267],[-82.91985,40.12245]]}},{"type":"Feature","properties":{"layer":"local","NAME":null,"MTFCC":"S1730"},"geometry":{"type":"LineString","coordinates":[[-82.90619,40.14476],[-82.90613,40.1447],[-82.90604,40.14464],[-82.90597,40.14456],[-82.90591,40.14449],[-82.90587,40.14442]]}},{"type":"Feature","properties":{"layer":"local","NAME":"Knights Way","MTFCC":"S1400"},"geometry":{"type":"LineString","coordinates":[[-82.92945,40.11399],[-82.92945,40.11389],[-82.92944,40.11384],[-82.92932,40.11362],[-82.9292,40.11332],[-82.92919,40.11327],[-82.92918,40.11281],[-82.92918,40.11276],[-82.9292,40.11268],[-82.92941,40.11235],[-82.92953,40.11227],[-82.92969,40.11222],[-82.92976,40.1122]]}},{"type":"Feature","properties":{"layer":"local","NAME":"Autumn Park Ct","MTFCC":"S1400"},"geometry":{"type":"LineString","coordinates":[[-82.89377,40.10455],[-82.8936,40.10422]]}},{"type":"Feature","properties":{"layer":"local","NAME":"Walsingham Ct","MTFCC":"S1400"},"geometry":{"type":"LineString","coordinates":[[-82.89822,40.11634],[-82.89812,40.11637],[-82.89801,40.11637],[-82.89722,40.11634],[-82.89635,40.1163],[-82.89595,40.11628]]}},{"type":"Feature","properties":{"layer":"local","NAME":"Maughlin Dr","MTFCC":"S1400"},"geometry":{"type":"LineString","coordinates":[[-82.9556,40.13806],[-82.95557,40.13798],[-82.95557,40.13793],[-82.95557,40.1379],[-82.9556,40.1374]]}},{"type":"Feature","properties":{"layer":"local","NAME":"Ridgemoore Ln","MTFCC":"S1400"},"geometry":{"type":"LineString","coordinates":[[-82.92855,40.13592],[-82.92858,40.1358],[-82.92861,40.13576],[-82.92866,40.13572],[-82.92877,40.1357],[-82.92878,40.13569],[-82.92884,40.13567],[-82.92891,40.13565],[-82.92898,40.1356],[-82.92903,40.13551],[-82.92906,40.13535],[-82.92907,40.13523],[-82.92908,40.13501],[-82.92908,40.1348]]}},{"type":"Feature","properties":{"layer":"local","NAME":"Westar Blvd","MTFCC":"S1400"},"geometry":{"type":"LineString","coordinates":[[-82.94936,40.14111],[-82.94781,40.14104]]}},{"type":"Feature","properties":{"layer":"local","NAME":"Knebworth Ct","MTFCC":"S1400"},"geometry":{"type":"LineString","coordinates":[[-82.90337,40.11686],[-82.90318,40.11687],[-82.90288,40.11688],[-82.90223,40.11685],[-82.90201,40.11679],[-82.90166,40.11661],[-82.90141,40.11649]]}},{"type":"Feature","properties":{"layer":"local","NAME":"Rene Ct","MTFCC":"S1400"},"geometry":{"type":"LineString","coordinates":[[-82.93123,40.11316],[-82.93137,40.11316],[-82.93138,40.11298],[-82.93076,40.11296]]}},{"type":"Feature","properties":{"layer":"local","NAME":"Bentley Pl","MTFCC":"S1400"},"geometry":{"type":"LineString","coordinates":[[-82.8975,40.15095],[-82.89747,40.15097],[-82.89744,40.15098],[-82.89737,40.15099],[-82.8973,40.15098],[-82.89727,40.15097],[-82.89723,40.15094],[-82.89722,40.15092],[-82.89721,40.15088],[-82.89722,40.15084],[-82.89723,40.15082],[-82.89725,40.1508],[-82.8973,40.15077],[-82.89733,40.15077],[-82.89737,40.15077],[-82.8974,40.15077],[-82.89746,40.1508],[-82.89749,40.15083],[-82.89751,40.15088],[-82.89751,40.15093],[-82.8975,40.15095]]}},{"type":"Feature","properties":{"layer":"local","NAME":"Moss Rd","MTFCC":"S1400"},"geometry":{"type":"LineString","coordinates":[[-82.93897,40.13599],[-82.93895,40.13597],[-82.93891,40.13594],[-82.93881,40.1359],[-82.93865,40.1359],[-82.93815,40.13588],[-82.93702,40.13583],[-82.93685,40.13583],[-82.93628,40.13581],[-82.9359,40.13579],[-82.93562,40.13578],[-82.93544,40.13577],[-82.93527,40.13576],[-82.93516,40.13575],[-82.9349,40.13574],[-82.93468,40.13573],[-82.93439,40.13572],[-82.93302,40.13567],[-82.93256,40.13565],[-82.93238,40.13564],[-82.93233,40.13564],[-82.9323,40.13565],[-82.93229,40.13565],[-82.93225,40.13567],[-82.9322,40.13571],[-82.93217,40.13574],[-82.93216,40.13576],[-82.93213,40.13582],[-82.93211,40.13601],[-82.93208,40.13615],[-82.93194,40.13647]]}},{"type":"Feature","properties":{"layer":"local","NAME":"Rockbourne Ct","MTFCC":"S1400"},"geometry":{"type":"LineString","coordinates":[[-82.91623,40.13404],[-82.91631,40.13397],[-82.9164,40.13387],[-82.91644,40.13379],[-82.91645,40.13366],[-82.91647,40.13335],[-82.91648,40.13333]]}},{"type":"Feature","properties":{"layer":"local","NAME":"Big Rock Ct","MTFCC":"S1400"},"geometry":{"type":"LineString","coordinates":[[-82.90708,40.13875],[-82.90686,40.13861],[-82.90676,40.13854],[-82.90663,40.13845]]}},{"type":"Feature","properties":{"layer":"local","NAME":"Windemere Pl","MTFCC":"S1400"},"geometry":{"type":"LineString","coordinates":[[-82.92433,40.13553],[-82.92431,40.1356],[-82.92429,40.13568],[-82.92425,40.1358],[-82.9242,40.13599],[-82.92415,40.13608],[-82.92414,40.13611],[-82.92409,40.13617],[-82.92405,40.13619],[-82.92402,40.13621],[-82.92398,40.13623],[-82.92389,40.13624],[-82.92378,40.13625],[-82.92363,40.13624],[-82.92322,40.13621],[-82.92306,40.13619],[-82.92294,40.13617],[-82.92283,40.13615],[-82.92276,40.13615],[-82.92269,40.13614],[-82.92258,40.13615],[-82.92219,40.13618],[-82.92213,40.13619],[-82.92203,40.1362],[-82.92196,40.1362],[-82.92182,40.13618],[-82.92167,40.13615],[-82.92158,40.13613],[-82.92131,40.13608]]}},{"type":"Feature","properties":{"layer":"local","NAME":"Sweetbriar Ln","MTFCC":"S1400"},"geometry":{"type":"LineString","coordinates":[[-82.93272,40.11974],[-82.93266,40.11983],[-82.93264,40.11988],[-82.93265,40.1199],[-82.93266,40.11992],[-82.93268,40.11994],[-82.93271,40.11994],[-82.93273,40.11993],[-82.93276,40.11992],[-82.93278,40.11989],[-82.93277,40.11986],[-82.93272,40.11974]]}},{"type":"Feature","properties":{"layer":"local","NAME":null,"MTFCC":"S1730"},"geometry":{"type":"LineString","coordinates":[[-82.90587,40.14442],[-82.90583,40.14435],[-82.90582,40.14429],[-82.90584,40.14393]]}},{"type":"Feature","properties":{"layer":"local","NAME":"Lakeway Ct E","MTFCC":"S1400"},"geometry":{"type":"LineString","coordinates":[[-82.90052,40.12969],[-82.90002,40.12967],[-82.89989,40.12967],[-82.89981,40.12967],[-82.89967,40.12969]]}},{"type":"Feature","properties":{"layer":"local","NAME":"Luke Ct","MTFCC":"S1400"},"geometry":{"type":"LineString","coordinates":[[-82.90072,40.11896],[-82.90069,40.11864],[-82.90068,40.11843],[-82.90072,40.11779],[-82.90077,40.11736]]}},{"type":"Feature","properties":{"layer":"local","NAME":"Eastwind Dr","MTFCC":"S1400"},"geometry":{"type":"LineString","coordinates":[[-82.9138,40.10348],[-82.91393,40.1022],[-82.91395,40.10189],[-82.91399,40.10174],[-82.91404,40.10157],[-82.91427,40.10131],[-82.91441,40.10122],[-82.91479,40.10096],[-82.91497,40.10084],[-82.91526,40.10073],[-82.91558,40.1007],[-82.91617,40.10072],[-82.91753,40.1008],[-82.91802,40.10086],[-82.91845,40.10104],[-82.91876,40.10126],[-82.91897,40.10154],[-82.91909,40.10217],[-82.91906,40.10227],[-82.91896,40.10257],[-82.91881,40.10305],[-82.91879,40.10322],[-82.91873,40.10376]]}},{"type":"Feature","properties":{"layer":"local","NAME":"Ashton Village Dr","MTFCC":"S1400"},"geometry":{"type":"LineString","coordinates":[[-82.93125,40.14186],[-82.93145,40.14212],[-82.93146,40.14214],[-82.93146,40.14218],[-82.93145,40.14223],[-82.93142,40.14228],[-82.93133,40.14232],[-82.93121,40.14236],[-82.93069,40.14248],[-82.93057,40.14249],[-82.93049,40.14249],[-82.93041,40.14249],[-82.93029,40.14248],[-82.9301,40.14245],[-82.9298,40.1424],[-82.92973,40.1424],[-82.92959,40.14239],[-82.92914,40.14237],[-82.92853,40.14236],[-82.92844,40.14237],[-82.92835,40.1424],[-82.92822,40.14246],[-82.92816,40.14249]]}},{"type":"Feature","properties":{"layer":"local","NAME":"Pine Hollow Dr","MTFCC":"S1400"},"geometry":{"type":"LineString","coordinates":[[-82.90924,40.15022],[-82.9081,40.15018],[-82.90796,40.15016],[-82.90693,40.15012],[-82.90676,40.15011],[-82.90657,40.15011],[-82.90636,40.1501],[-82.90614,40.15009],[-82.905,40.15005],[-82.90485,40.15003],[-82.90473,40.15],[-82.90463,40.14997],[-82.90453,40.14991],[-82.90445,40.14985],[-82.90435,40.14976],[-82.90429,40.14969],[-82.90424,40.1496],[-82.90421,40.1495],[-82.90418,40.1494],[-82.90419,40.1493],[-82.90421,40.14921],[-82.90426,40.1491],[-82.9043,40.14903],[-82.90448,40.14884]]}},{"type":"Feature","properties":{"layer":"stream","NAME":null,"MTFCC":"H1100"},"geometry":{"type":"LineString","coordinates":[[-82.93632,40.09976],[-82.93647,40.09993],[-82.93665,40.10016],[-82.93681,40.10035],[-82.93693,40.10053],[-82.93708,40.10081],[-82.93713,40.10094],[-82.93716,40.1011],[-82.93716,40.10111],[-82.93717,40.10114],[-82.93722,40.10132],[-82.93732,40.10149],[-82.93736,40.10157],[-82.93736,40.1016],[-82.93735,40.10167],[-82.93735,40.10172],[-82.93737,40.10175],[-82.93741,40.1018],[-82.93745,40.10182],[-82.93747,40.10184],[-82.93749,40.10187],[-82.93753,40.10196],[-82.93754,40.10207],[-82.93753,40.10219],[-82.93759,40.10236],[-82.93765,40.10246],[-82.93774,40.10256],[-82.93778,40.10261],[-82.93778,40.10264],[-82.93777,40.1027],[-82.93778,40.10276],[-82.9379,40.10308],[-82.93795,40.10319],[-82.93801,40.10332],[-82.93817,40.10369],[-82.9382,40.10377],[-82.93836,40.10416],[-82.93846,40.10451],[-82.93847,40.10453],[-82.9385,40.10471],[-82.93851,40.10485],[-82.93845,40.10506],[-82.93844,40.10513],[-82.93834,40.10523],[-82.93819,40.10543],[-82.93817,40.10549],[-82.93811,40.10563],[-82.93808,40.10578],[-82.93807,40.10584],[-82.93806,40.10614],[-82.93812,40.10637]]}},{"type":"Feature","properties":{"layer":"stream","NAME":"Alum Crk","MTFCC":"H3010"},"geometry":{"type":"LineString","coordinates":[[-82.9385,40.10377],[-82.9385,40.10379],[-82.93845,40.10423]]}},{"type":"Feature","properties":{"layer":"stream","NAME":"Alum Crk","MTFCC":"H3010"},"geometry":{"type":"LineString","coordinates":[[-82.93931,40.11687],[-82.93922,40.11677]]}},{"type":"Feature","properties":{"layer":"water","NAME":null,"MTFCC":"H2030"},"geometry":{"type":"Polygon","coordinates":[[[-82.93439,40.10309],[-82.93438,40.10307],[-82.93435,40.10308],[-82.93427,40.10308],[-82.93384,40.10298],[-82.93347,40.1029],[-82.93306,40.10286],[-82.93275,40.10281],[-82.93258,40.10277],[-82.9323,40.10274],[-82.93203,40.10271],[-82.93137,40.10263],[-82.93104,40.10261],[-82.93092,40.10262],[-82.9309,40.1026],[-82.93087,40.1026],[-82.93087,40.10263],[-82.93085,40.10264],[-82.93083,40.10265],[-82.93084,40.10267],[-82.93084,40.10269],[-82.93082,40.10272],[-82.93082,40.10275],[-82.93082,40.10286],[-82.93088,40.103],[-82.93091,40.10304],[-82.93097,40.10307],[-82.931,40.10307],[-82.93103,40.10306],[-82.93104,40.10308],[-82.9311,40.10313],[-82.93116,40.10316],[-82.93123,40.10319],[-82.93135,40.10323],[-82.93175,40.10326],[-82.9321,40.10328],[-82.93218,40.10329],[-82.93294,40.10334],[-82.93315,40.10338],[-82.93334,40.10337],[-82.93355,40.10337],[-82.93389,40.10339],[-82.93401,40.1034],[-82.93417,40.10341],[-82.93426,40.10341],[-82.93428,40.1034],[-82.93431,40.10338],[-82.93433,40.10337],[-82.93435,40.10329],[-82.93435,40.10313],[-82.93439,40.10309]]]}},{"type":"Feature","properties":{"layer":"water","NAME":null,"MTFCC":"H2030"},"geometry":{"type":"Polygon","coordinates":[[[-82.89923,40.12925],[-82.89922,40.12916],[-82.89917,40.12905],[-82.89913,40.129],[-82.89902,40.12885],[-82.89897,40.12877],[-82.89896,40.12875],[-82.89893,40.12871],[-82.89871,40.12844],[-82.89871,40.12841],[-82.89866,40.12833],[-82.89867,40.12821],[-82.89867,40.12818],[-82.89871,40.12812],[-82.89877,40.12808],[-82.8988,40.12805],[-82.8989,40.12797],[-82.89899,40.12792],[-82.89904,40.12788],[-82.89909,40.12782],[-82.89912,40.12772],[-82.89912,40.12767],[-82.89908,40.1276],[-82.899,40.12753],[-82.89897,40.12748],[-82.89896,40.12745],[-82.89897,40.12743],[-82.89899,40.12738],[-82.899,40.12735],[-82.89899,40.12733],[-82.89897,40.1273],[-82.89894,40.12729],[-82.89885,40.12728],[-82.89866,40.12722],[-82.89851,40.12715],[-82.89844,40.1271],[-82.89835,40.12703],[-82.8983,40.127],[-82.8982,40.12692],[-82.89818,40.12691],[-82.89816,40.1269],[-82.8981,40.1269],[-82.89806,40.12691],[-82.89804,40.12692],[-82.89802,40.12695],[-82.89802,40.12696],[-82.89804,40.127],[-82.89804,40.12703],[-82.89798,40.12705],[-82.89788,40.12707],[-82.89784,40.12706],[-82.89771,40.12704],[-82.8976,40.12704],[-82.89739,40.1271],[-82.89725,40.12714],[-82.89707,40.12719],[-82.89702,40.12719],[-82.89696,40.12718],[-82.89692,40.12715],[-82.89691,40.12713],[-82.8969,40.1271],[-82.8969,40.12706],[-82.8969,40.12701],[-82.8969,40.1269],[-82.8969,40.12679],[-82.8969,40.12677],[-82.89689,40.12673],[-82.89687,40.12668],[-82.89686,40.12664],[-82.89686,40.1266],[-82.89686,40.12651],[-82.89681,40.12642],[-82.89681,40.1264],[-82.89681,40.12638],[-82.89683,40.12633],[-82.89687,40.12629],[-82.89691,40.12627],[-82.89694,40.12626],[-82.89697,40.12621],[-82.89698,40.12617],[-82.89697,40.12615],[-82.89693,40.12613],[-82.89691,40.12608],[-82.89688,40.12608],[-82.89685,40.12606],[-82.89681,40.126],[-82.89673,40.12595],[-82.89665,40.12584],[-82.89661,40.12574],[-82.8966,40.12571],[-82.89662,40.12563],[-82.89666,40.12559],[-82.89669,40.12555],[-82.8967,40.12552],[-82.89672,40.12543],[-82.89671,40.1254],[-82.8967,40.12537],[-82.89668,40.12535],[-82.89665,40.12534],[-82.89664,40.12532],[-82.89663,40.1253],[-82.89664,40.12528],[-82.89668,40.12524],[-82.89672,40.12518],[-82.89676,40.12513],[-82.89678,40.12512],[-82.89682,40.12503],[-82.89684,40.12482],[-82.89685,40.12469],[-82.89685,40.1245],[-82.89684,40.12443],[-82.89687,40.12423],[-82.89686,40.12417],[-82.89685,40.12416],[-82.89682,40.12414],[-82.89683,40.12407],[-82.89683,40.12405],[-82.89685,40.12402],[-82.89688,40.12398],[-82.89689,40.12389],[-82.89687,40.12384],[-82.89686,40.1238],[-82.89686,40.12376],[-82.89679,40.12376],[-82.89679,40.12378],[-82.89682,40.12379],[-82.89684,40.12381],[-82.89686,40.12391],[-82.89685,40.12395],[-82.89682,40.12398],[-82.8968,40.12403],[-82.89679,40.12406],[-82.89679,40.12412],[-82.89679,40.12415],[-82.89679,40.12429],[-82.89678,40.12444],[-82.89679,40.12456],[-82.8968,40.12462],[-82.8968,40.12468],[-82.8968,40.12499],[-82.89678,40.12504],[-82.89677,40.12506],[-82.89675,40.12508],[-82.89666,40.12519],[-82.89658,40.12529],[-82.89658,40.12532],[-82.89661,40.12535],[-82.89665,40.12536],[-82.89667,40.12538],[-82.89668,40.12543],[-82.89665,40.12551],[-82.89662,40.12555],[-82.89659,40.12561],[-82.89657,40.1257],[-82.89657,40.12577],[-82.8966,40.12587],[-82.89662,40.1259],[-82.89664,40.12592],[-82.89673,40.12598],[-82.89681,40.12606],[-82.89693,40.12616],[-82.89693,40.12618],[-82.89692,40.12622],[-82.89689,40.12624],[-82.89683,40.12626],[-82.89681,40.12627],[-82.89679,40.1263],[-82.89678,40.12633],[-82.89678,40.12635],[-82.89678,40.12639],[-82.89681,40.12651],[-82.89685,40.12675],[-82.89687,40.12682],[-82.89687,40.1269],[-82.89687,40.12702],[-82.89687,40.1271],[-82.89688,40.12715],[-82.89691,40.12718],[-82.89697,40.12721],[-82.897,40.12722],[-82.89705,40.12722],[-82.89718,40.12718],[-82.89731,40.12714],[-82.89741,40.12713],[-82.89747,40.1271],[-82.8976,40.12706],[-82.89773,40.12706],[-82.89782,40.12709],[-82.89786,40.12709],[-82.89791,40.12708],[-82.89798,40.12708],[-82.89801,40.12707],[-82.89803,40.12706],[-82.89807,40.12705],[-82.89808,40.12702],[-82.89806,40.12697],[-82.89807,40.12695],[-82.89809,40.12694],[-82.89813,40.12693],[-82.89815,40.12694],[-82.89821,40.12697],[-82.89836,40.12708],[-82.8984,40.1271],[-82.89849,40.12717],[-82.89862,40.12723],[-82.89884,40.1273],[-82.89891,40.12733],[-82.89894,40.12734],[-82.89895,40.12736],[-82.89895,40.12739],[-82.89893,40.12751],[-82.89894,40.12754],[-82.89897,40.12757],[-82.89906,40.12762],[-82.89908,40.12769],[-82.89908,40.12771],[-82.89906,40.12779],[-82.89905,40.12782],[-82.89901,40.12786],[-82.89895,40.12789],[-82.8989,40.12795],[-82.89887,40.12796],[-82.89886,40.12797],[-82.89879,40.12802],[-82.89878,40.12804],[-82.89876,40.12805],[-82.8987,40.12809],[-82.89868,40.12811],[-82.89865,40.12818],[-82.89862,40.12828],[-82.89867,40.12843],[-82.89872,40.1285],[-82.89877,40.12855],[-82.89892,40.12877],[-82.89919,40.12915],[-82.89918,40.12924],[-82.89914,40.12927],[-82.89908,40.12929],[-82.89905,40.1293],[-82.89901,40.12929],[-82.89898,40.1293],[-82.89887,40.12936],[-82.89879,40.12941],[-82.89876,40.12943],[-82.89872,40.12945],[-82.89867,40.12948],[-82.89864,40.1295],[-82.89861,40.12951],[-82.89854,40.12954],[-82.8985,40.12959],[-82.89847,40.12967],[-82.89847,40.12969],[-82.89844,40.12972],[-82.89844,40.12974],[-82.89842,40.12977],[-82.89838,40.12985],[-82.89838,40.12988],[-82.89832,40.13012],[-82.89829,40.1302],[-82.89828,40.13022],[-82.89826,40.13026],[-82.89826,40.13032],[-82.89826,40.13044],[-82.89824,40.13051],[-82.89823,40.13054],[-82.8982,40.13057],[-82.89818,40.13057],[-82.89813,40.13058],[-82.89789,40.13063],[-82.89745,40.13075],[-82.89738,40.1308],[-82.89726,40.13083],[-82.89723,40.13085],[-82.89694,40.13095],[-82.89684,40.13097],[-82.89679,40.13097],[-82.89639,40.13091],[-82.89626,40.13088],[-82.89618,40.13088],[-82.89615,40.13088],[-82.8961,40.13091],[-82.89606,40.13096],[-82.89603,40.13098],[-82.89597,40.13104],[-82.89593,40.13108],[-82.89591,40.13112],[-82.89586,40.13117],[-82.8956,40.13133],[-82.89558,40.13136],[-82.89545,40.13153],[-82.89543,40.13159],[-82.8954,40.13163],[-82.89539,40.13165],[-82.89548,40.13167],[-82.89549,40.1315],[-82.8956,40.13137],[-82.8957,40.1313],[-82.89587,40.1312],[-82.89592,40.13115],[-82.89597,40.13109],[-82.89602,40.13104],[-82.89609,40.13096],[-82.89612,40.13093],[-82.89615,40.13091],[-82.89621,40.1309],[-82.89626,40.13091],[-82.89642,40.13095],[-82.89667,40.13098],[-82.89679,40.131],[-82.89682,40.13101],[-82.89693,40.131],[-82.89709,40.13093],[-82.89715,40.1309],[-82.89722,40.13088],[-82.89727,40.13085],[-82.89736,40.13083],[-82.89741,40.13081],[-82.89746,40.13078],[-82.89748,40.13077],[-82.8979,40.13065],[-82.8982,40.13059],[-82.89824,40.13058],[-82.89829,40.13051],[-82.89829,40.13049],[-82.89829,40.1303],[-82.89829,40.13028],[-82.89829,40.13026],[-82.89834,40.1302],[-82.89836,40.13012],[-82.89839,40.12999],[-82.89841,40.12997],[-82.89842,40.12995],[-82.89842,40.12987],[-82.89842,40.12985],[-82.89852,40.12967],[-82.89855,40.1296],[-82.89857,40.12957],[-82.8987,40.12949],[-82.89894,40.12935],[-82.899,40.12932],[-82.89905,40.12931],[-82.8991,40.12931],[-82.89913,40.1293],[-82.89919,40.12928],[-82.89922,40.12926],[-82.89923,40.12925]]]}},{"type":"Feature","properties":{"layer":"water","NAME":"Alum Crk","MTFCC":"H2030"},"geometry":{"type":"Polygon","coordinates":[[[-82.95085,40.1341],[-82.95096,40.13411],[-82.95082,40.1338],[-82.95081,40.13377],[-82.95064,40.1334],[-82.95057,40.13317],[-82.95051,40.13299],[-82.95051,40.13297],[-82.95045,40.13279],[-82.95026,40.13227],[-82.9502,40.13213],[-82.9502,40.13212],[-82.95019,40.13207],[-82.95017,40.13199],[-82.95012,40.13191],[-82.94997,40.13158],[-82.94985,40.13138],[-82.94969,40.13113],[-82.94957,40.13096],[-82.9496,40.13093],[-82.94958,40.13091],[-82.94956,40.13092],[-82.94954,40.13092],[-82.94952,40.13091],[-82.94949,40.13084],[-82.9493,40.13062],[-82.94923,40.13056],[-82.94915,40.13046],[-82.94902,40.1303],[-82.94885,40.13006],[-82.94878,40.12996],[-82.94852,40.12959],[-82.94834,40.12939],[-82.94825,40.12932],[-82.94805,40.12921],[-82.94791,40.12914],[-82.94787,40.12914],[-82.94763,40.12914],[-82.94736,40.1292],[-82.94734,40.12921],[-82.94732,40.12922],[-82.94722,40.12933],[-82.94709,40.12942],[-82.94702,40.12947],[-82.94701,40.12949],[-82.94697,40.12953],[-82.94692,40.1296],[-82.9469,40.12968],[-82.94689,40.12971],[-82.94686,40.12976],[-82.94684,40.12978],[-82.94683,40.12984],[-82.94679,40.1299],[-82.94674,40.12995],[-82.94672,40.12999],[-82.94669,40.13022],[-82.9467,40.1305],[-82.94676,40.13063],[-82.94681,40.13082],[-82.94689,40.13096],[-82.9469,40.13109],[-82.94689,40.13118],[-82.94681,40.13139],[-82.9468,40.1314],[-82.94675,40.1315],[-82.94673,40.13153],[-82.94664,40.13159],[-82.9466,40.13161],[-82.94656,40.13165],[-82.94637,40.13175],[-82.94628,40.13179],[-82.94612,40.13191],[-82.94603,40.13198],[-82.94589,40.13204],[-82.94587,40.13205],[-82.9458,40.13212],[-82.94566,40.13221],[-82.9455,40.13235],[-82.94541,40.13239],[-82.94528,40.13246],[-82.9451,40.13255],[-82.94498,40.13259],[-82.94495,40.13261],[-82.94476,40.13267],[-82.94465,40.13268],[-82.94454,40.13271],[-82.94446,40.13272],[-82.9443,40.13272],[-82.94417,40.1327],[-82.94389,40.13257],[-82.94385,40.13255],[-82.94384,40.13254],[-82.94381,40.13248],[-82.9437,40.13237],[-82.94363,40.13224],[-82.94362,40.13219],[-82.94359,40.13213],[-82.94358,40.13211],[-82.94359,40.13208],[-82.94361,40.13202],[-82.9436,40.13198],[-82.94361,40.13193],[-82.94363,40.1319],[-82.94366,40.1318],[-82.94365,40.13176],[-82.94367,40.13172],[-82.94368,40.13146],[-82.94372,40.13135],[-82.94373,40.13127],[-82.94375,40.13115],[-82.94376,40.13109],[-82.94374,40.13102],[-82.94373,40.13093],[-82.94366,40.13073],[-82.94364,40.13069],[-82.94356,40.13059],[-82.94351,40.13051],[-82.94342,40.13041],[-82.94334,40.13031],[-82.94326,40.13024],[-82.94323,40.1302],[-82.94314,40.13012],[-82.9431,40.13008],[-82.94304,40.13005],[-82.94291,40.12992],[-82.9428,40.12985],[-82.94266,40.12968],[-82.94262,40.12962],[-82.94255,40.12943],[-82.94253,40.12932],[-82.9425,40.12908],[-82.94249,40.12884],[-82.94251,40.12861],[-82.94249,40.12814],[-82.94241,40.12786],[-82.94239,40.12773],[-82.94235,40.12759],[-82.94225,40.12735],[-82.94224,40.12719],[-82.94224,40.12711],[-82.9423,40.12694],[-82.94234,40.12682],[-82.94244,40.12673],[-82.94256,40.12672],[-82.94259,40.12671],[-82.94261,40.12669],[-82.94266,40.12665],[-82.94267,40.12662],[-82.94266,40.1266],[-82.94267,40.12631],[-82.94268,40.12626],[-82.94268,40.12622],[-82.94267,40.12619],[-82.94267,40.12615],[-82.94264,40.12604],[-82.9426,40.12579],[-82.9426,40.1257],[-82.94261,40.12567],[-82.94262,40.12564],[-82.94263,40.12555],[-82.94263,40.12551],[-82.94259,40.12535],[-82.94258,40.12524],[-82.94258,40.12511],[-82.94257,40.12504],[-82.94259,40.12495],[-82.9426,40.12489],[-82.94258,40.12481],[-82.94254,40.1247],[-82.94248,40.12461],[-82.94245,40.12452],[-82.94233,40.12437],[-82.94231,40.12435],[-82.94213,40.12417],[-82.94197,40.12404],[-82.94192,40.124],[-82.94187,40.12398],[-82.9418,40.12394],[-82.94166,40.12384],[-82.9416,40.12382],[-82.94149,40.1238],[-82.94132,40.12374],[-82.94102,40.12365],[-82.94091,40.12364],[-82.94089,40.12364],[-82.94083,40.12366],[-82.9408,40.12364],[-82.94078,40.12362],[-82.94072,40.1236],[-82.94059,40.12357],[-82.94034,40.12354],[-82.94021,40.12353],[-82.94014,40.12352],[-82.94009,40.12352],[-82.94007,40.1235],[-82.94001,40.12347],[-82.93993,40.12344],[-82.93986,40.12345],[-82.93984,40.12344],[-82.93972,40.12342],[-82.93965,40.12342],[-82.93962,40.12341],[-82.93954,40.12339],[-82.93945,40.12338],[-82.93941,40.12337],[-82.93925,40.12331],[-82.93904,40.12326],[-82.93901,40.12326],[-82.93897,40.12324],[-82.9388,40.12319],[-82.93878,40.12318],[-82.93873,40.12316],[-82.9387,40.12314],[-82.93866,40.12311],[-82.9386,40.12308],[-82.93855,40.12306],[-82.93845,40.12303],[-82.93835,40.12299],[-82.93832,40.12298],[-82.93814,40.12284],[-82.9381,40.12278],[-82.93802,40.12262],[-82.93796,40.12256],[-82.93793,40.12247],[-82.93792,40.12225],[-82.93793,40.12214],[-82.93795,40.1221],[-82.93796,40.12205],[-82.93796,40.12202],[-82.93792,40.12195],[-82.93789,40.12185],[-82.93786,40.12178],[-82.93785,40.12175],[-82.93786,40.12171],[-82.93786,40.12169],[-82.93785,40.12166],[-82.93781,40.12163],[-82.93781,40.12158],[-82.93782,40.12153],[-82.93782,40.12149],[-82.93774,40.12134],[-82.93774,40.12131],[-82.93776,40.12121],[-82.93777,40.12118],[-82.93782,40.12114],[-82.93784,40.1211],[-82.93786,40.12099],[-82.9379,40.12097],[-82.93794,40.12093],[-82.93795,40.12089],[-82.93797,40.12086],[-82.93801,40.12082],[-82.93806,40.12078],[-82.93808,40.12073],[-82.9381,40.12066],[-82.93808,40.12062],[-82.93809,40.12051],[-82.93809,40.12044],[-82.93811,40.12036],[-82.93813,40.12032],[-82.93813,40.12028],[-82.93816,40.12026],[-82.93818,40.12023],[-82.93819,40.12021],[-82.93819,40.12015],[-82.93823,40.1201],[-82.93827,40.11999],[-82.93826,40.11995],[-82.93829,40.11992],[-82.93832,40.11989],[-82.93835,40.11988],[-82.93837,40.11989],[-82.93838,40.11992],[-82.93837,40.11995],[-82.93833,40.11998],[-82.93833,40.12001],[-82.93834,40.12002],[-82.93837,40.12002],[-82.93842,40.12001],[-82.93844,40.12],[-82.9384,40.11992],[-82.93839,40.11986],[-82.93841,40.11983],[-82.93843,40.1198],[-82.93844,40.11972],[-82.93843,40.11969],[-82.93841,40.11965],[-82.93839,40.11961],[-82.93834,40.11944],[-82.93834,40.11936],[-82.93825,40.1191],[-82.93823,40.11904],[-82.93823,40.11898],[-82.93824,40.11896],[-82.93829,40.11893],[-82.93831,40.11885],[-82.93829,40.11881],[-82.93829,40.11879],[-82.93833,40.11869],[-82.93836,40.11862],[-82.93839,40.11858],[-82.93846,40.11852],[-82.93851,40.11846],[-82.93857,40.11843],[-82.93868,40.1184],[-82.93885,40.11832],[-82.93888,40.1183],[-82.93906,40.11822],[-82.93913,40.11814],[-82.93921,40.1181],[-82.93924,40.11806],[-82.93927,40.11805],[-82.93938,40.118],[-82.93942,40.118],[-82.93945,40.11798],[-82.93951,40.1179],[-82.93952,40.11786],[-82.93954,40.11783],[-82.93954,40.11777],[-82.93957,40.11769],[-82.93958,40.11763],[-82.93957,40.11757],[-82.93952,40.11746],[-82.93953,40.11742],[-82.93957,40.11738],[-82.93958,40.11734],[-82.93957,40.11732],[-82.93955,40.11729],[-82.93954,40.11728],[-82.93954,40.11724],[-82.93951,40.11718],[-82.93952,40.11712],[-82.93951,40.1171],[-82.9394,40.11689],[-82.93937,40.11687],[-82.93931,40.11687],[-82.93911,40.11684],[-82.93907,40.11684],[-82.9391,40.11693],[-82.93915,40.11706],[-82.93918,40.1171],[-82.9392,40.11713],[-82.93919,40.11718],[-82.93921,40.1172],[-82.93922,40.11703],[-82.93917,40.11692],[-82.93917,40.1169],[-82.93919,40.11688],[-82.93921,40.11689],[-82.93923,40.11691],[-82.93931,40.11709],[-82.93937,40.11717],[-82.93939,40.11723],[-82.9394,40.11725],[-82.93938,40.1173],[-82.93939,40.11732],[-82.93941,40.11737],[-82.93944,40.1175],[-82.93944,40.11757],[-82.93941,40.1177],[-82.9394,40.11771],[-82.93938,40.11773],[-82.93935,40.11783],[-82.93933,40.11784],[-82.93929,40.11788],[-82.93906,40.11801],[-82.93901,40.11806],[-82.93896,40.11808],[-82.9389,40.11811],[-82.93873,40.11823],[-82.93855,40.11831],[-82.93842,40.1184],[-82.93836,40.11842],[-82.9383,40.11846],[-82.93825,40.11852],[-82.93816,40.11858],[-82.93814,40.11861],[-82.93808,40.11873],[-82.93809,40.11877],[-82.93807,40.1188],[-82.93811,40.1188],[-82.93816,40.11878],[-82.93819,40.11877],[-82.93823,40.11878],[-82.93826,40.11884],[-82.93825,40.11887],[-82.93824,40.11888],[-82.93819,40.11888],[-82.93816,40.11885],[-82.93815,40.11887],[-82.93814,40.11889],[-82.93813,40.11891],[-82.93804,40.11895],[-82.938,40.11895],[-82.938,40.11901],[-82.93801,40.11904],[-82.938,40.11908],[-82.938,40.11909],[-82.93801,40.11916],[-82.938,40.11919],[-82.938,40.11922],[-82.93803,40.11925],[-82.93805,40.11925],[-82.93808,40.11924],[-82.93811,40.11925],[-82.93817,40.1193],[-82.93819,40.1193],[-82.93823,40.11931],[-82.93819,40.11936],[-82.93814,40.11934],[-82.93813,40.11938],[-82.93811,40.1194],[-82.9381,40.11941],[-82.93812,40.11946],[-82.93814,40.1195],[-82.93815,40.11955],[-82.93816,40.11961],[-82.93816,40.11964],[-82.93815,40.11967],[-82.93816,40.11973],[-82.93815,40.11976],[-82.93814,40.11979],[-82.93814,40.11981],[-82.93813,40.11985],[-82.93809,40.11993],[-82.93809,40.11999],[-82.93806,40.12003],[-82.93804,40.1201],[-82.93801,40.12014],[-82.93798,40.12022],[-82.93796,40.12037],[-82.93798,40.12047],[-82.93797,40.12049],[-82.93797,40.12054],[-82.93794,40.12057],[-82.93794,40.12063],[-82.93792,40.12068],[-82.93787,40.12077],[-82.93785,40.12079],[-82.93779,40.12082],[-82.93773,40.12091],[-82.9377,40.12098],[-82.93771,40.121],[-82.9377,40.12103],[-82.9376,40.12123],[-82.9376,40.12127],[-82.9376,40.12129],[-82.93758,40.1213],[-82.93759,40.12133],[-82.93758,40.12144],[-82.93755,40.12149],[-82.93757,40.12153],[-82.93757,40.12158],[-82.93764,40.12176],[-82.93769,40.12186],[-82.93769,40.12188],[-82.93769,40.1219],[-82.93767,40.12193],[-82.93766,40.12195],[-82.93766,40.12201],[-82.93767,40.12203],[-82.93767,40.12217],[-82.93763,40.12242],[-82.93759,40.12259],[-82.93754,40.12284],[-82.93756,40.1229],[-82.93756,40.12314],[-82.93759,40.12319],[-82.93762,40.12325],[-82.93769,40.1233],[-82.93775,40.12335],[-82.93788,40.1234],[-82.9379,40.12341],[-82.93799,40.12342],[-82.93803,40.12341],[-82.93808,40.12341],[-82.93838,40.12342],[-82.93849,40.12343],[-82.93856,40.12343],[-82.93859,40.12341],[-82.93864,40.1234],[-82.93869,40.12342],[-82.93871,40.12343],[-82.93879,40.12344],[-82.93882,40.12346],[-82.93886,40.12347],[-82.93892,40.12347],[-82.93894,40.12348],[-82.93896,40.1235],[-82.93896,40.12353],[-82.93898,40.12354],[-82.93906,40.12357],[-82.93926,40.12368],[-82.93937,40.12375],[-82.93943,40.12378],[-82.9395,40.1238],[-82.93957,40.1238],[-82.93961,40.12382],[-82.93966,40.12386],[-82.93968,40.12387],[-82.93969,40.12389],[-82.93973,40.12392],[-82.93974,40.12394],[-82.93977,40.12394],[-82.93979,40.12396],[-82.93982,40.12397],[-82.93989,40.12398],[-82.93992,40.124],[-82.93995,40.12398],[-82.94002,40.12393],[-82.94004,40.1239],[-82.94011,40.12387],[-82.94023,40.12384],[-82.94043,40.12384],[-82.94051,40.12385],[-82.94059,40.12388],[-82.94071,40.12389],[-82.94076,40.12388],[-82.94093,40.12392],[-82.94111,40.12402],[-82.94126,40.12409],[-82.94128,40.12411],[-82.94133,40.12414],[-82.94137,40.12417],[-82.94141,40.12421],[-82.94146,40.1243],[-82.94147,40.12432],[-82.94153,40.12436],[-82.9416,40.1244],[-82.94161,40.12442],[-82.94168,40.12456],[-82.94175,40.12467],[-82.94182,40.12475],[-82.94189,40.12487],[-82.94199,40.12514],[-82.942,40.12516],[-82.94204,40.12521],[-82.94205,40.12523],[-82.94209,40.12529],[-82.94214,40.1254],[-82.94216,40.12547],[-82.94214,40.12551],[-82.94214,40.12553],[-82.9421,40.12558],[-82.94209,40.12562],[-82.9421,40.12566],[-82.94211,40.12567],[-82.94214,40.12568],[-82.94222,40.12571],[-82.94225,40.12573],[-82.94227,40.12575],[-82.94228,40.12579],[-82.94229,40.12598],[-82.94228,40.12601],[-82.94225,40.12606],[-82.9422,40.12609],[-82.94217,40.1261],[-82.94215,40.12611],[-82.94211,40.12619],[-82.94209,40.1263],[-82.94203,40.12649],[-82.94202,40.12653],[-82.94201,40.12658],[-82.94201,40.1266],[-82.94199,40.1267],[-82.94196,40.12679],[-82.94193,40.12694],[-82.94191,40.12706],[-82.94191,40.12716],[-82.94192,40.12722],[-82.94194,40.12727],[-82.94192,40.12734],[-82.94192,40.12737],[-82.94206,40.12772],[-82.9421,40.12795],[-82.94213,40.12822],[-82.94213,40.12844],[-82.94214,40.12859],[-82.94213,40.12861],[-82.94212,40.12884],[-82.94208,40.12896],[-82.94207,40.12901],[-82.94205,40.12903],[-82.94204,40.12908],[-82.942,40.1293],[-82.942,40.12938],[-82.94211,40.12964],[-82.9422,40.12972],[-82.94221,40.12975],[-82.94219,40.12983],[-82.94219,40.12992],[-82.94221,40.12998],[-82.9422,40.13],[-82.94222,40.13004],[-82.94221,40.13007],[-82.94224,40.13005],[-82.94227,40.13],[-82.94229,40.12994],[-82.94232,40.12993],[-82.94235,40.12995],[-82.94237,40.13004],[-82.9424,40.13007],[-82.94244,40.13009],[-82.94248,40.1301],[-82.94256,40.1301],[-82.9426,40.1301],[-82.94264,40.13009],[-82.94268,40.13008],[-82.94271,40.13009],[-82.94274,40.13009],[-82.94276,40.1301],[-82.94276,40.13012],[-82.94274,40.13015],[-82.94274,40.13017],[-82.94276,40.13021],[-82.94272,40.13025],[-82.94272,40.13031],[-82.94276,40.13037],[-82.94283,40.13043],[-82.94287,40.13044],[-82.94289,40.13045],[-82.94291,40.13049],[-82.94292,40.13053],[-82.94292,40.13056],[-82.94288,40.1306],[-82.94283,40.13062],[-82.94278,40.13062],[-82.94276,40.13064],[-82.94283,40.13064],[-82.9429,40.13061],[-82.94294,40.13057],[-82.94295,40.13054],[-82.94291,40.13042],[-82.94287,40.1304],[-82.94282,40.13038],[-82.94279,40.13037],[-82.94276,40.13032],[-82.94276,40.13028],[-82.94276,40.13026],[-82.94278,40.13024],[-82.9428,40.13023],[-82.94282,40.13024],[-82.94285,40.13026],[-82.94292,40.1303],[-82.94319,40.13052],[-82.94321,40.13055],[-82.94326,40.13059],[-82.9433,40.13064],[-82.94335,40.13073],[-82.94345,40.13087],[-82.94346,40.13091],[-82.94346,40.131],[-82.94344,40.13108],[-82.94344,40.13111],[-82.94346,40.13116],[-82.94343,40.13149],[-82.94339,40.13166],[-82.9434,40.13176],[-82.94339,40.13187],[-82.9434,40.13192],[-82.9434,40.13197],[-82.94339,40.13204],[-82.94339,40.13217],[-82.94343,40.13229],[-82.94344,40.13237],[-82.94348,40.13245],[-82.94358,40.13257],[-82.94364,40.13263],[-82.94374,40.13269],[-82.9441,40.13285],[-82.9442,40.13289],[-82.94431,40.13291],[-82.94447,40.13292],[-82.9447,40.13291],[-82.94476,40.1329],[-82.94504,40.13282],[-82.94521,40.13276],[-82.94529,40.13272],[-82.94536,40.13269],[-82.94541,40.13265],[-82.94544,40.13264],[-82.94574,40.13247],[-82.94578,40.13246],[-82.9458,40.13244],[-82.94589,40.13237],[-82.94591,40.13235],[-82.94618,40.13219],[-82.94626,40.13212],[-82.94633,40.13208],[-82.94636,40.13206],[-82.94644,40.13201],[-82.94651,40.13196],[-82.9466,40.1319],[-82.94673,40.13177],[-82.9468,40.13171],[-82.94698,40.13156],[-82.947,40.13153],[-82.94702,40.13152],[-82.94704,40.13148],[-82.94706,40.13145],[-82.94708,40.13135],[-82.94711,40.13131],[-82.94715,40.13122],[-82.94718,40.13111],[-82.94718,40.13103],[-82.94716,40.131],[-82.94713,40.13094],[-82.94708,40.13089],[-82.94705,40.13084],[-82.94704,40.1308],[-82.94704,40.13078],[-82.94701,40.13073],[-82.94699,40.13067],[-82.94697,40.13063],[-82.94695,40.13062],[-82.94689,40.13051],[-82.94689,40.13048],[-82.94688,40.13044],[-82.94688,40.13042],[-82.94689,40.13038],[-82.94689,40.13027],[-82.94692,40.1302],[-82.94693,40.13015],[-82.94694,40.13006],[-82.94701,40.12995],[-82.9472,40.12961],[-82.94731,40.12947],[-82.94736,40.12942],[-82.9474,40.12939],[-82.94752,40.12936],[-82.9476,40.12934],[-82.9477,40.12935],[-82.9478,40.12936],[-82.94786,40.12939],[-82.94794,40.12943],[-82.94803,40.1295],[-82.94813,40.1296],[-82.94827,40.12978],[-82.94836,40.12986],[-82.9484,40.1299],[-82.94853,40.13009],[-82.94865,40.13028],[-82.94874,40.13041],[-82.94881,40.13048],[-82.94889,40.13056],[-82.94904,40.13072],[-82.9492,40.13089],[-82.94937,40.13113],[-82.94945,40.13127],[-82.94951,40.13134],[-82.94973,40.13175],[-82.94977,40.13181],[-82.94988,40.13208],[-82.94999,40.13232],[-82.95004,40.13246],[-82.9501,40.13265],[-82.95012,40.13268],[-82.95014,40.13279],[-82.9502,40.13297],[-82.95028,40.13316],[-82.95035,40.13331],[-82.9504,40.13354],[-82.95051,40.13377],[-82.95066,40.1341],[-82.95067,40.1341],[-82.95085,40.1341]],[[-82.93978,40.12351],[-82.93978,40.12353],[-82.93975,40.12357],[-82.93966,40.12366],[-82.93965,40.12369],[-82.93966,40.1237],[-82.93965,40.12376],[-82.93962,40.12375],[-82.9396,40.12374],[-82.9395,40.12372],[-82.93942,40.12369],[-82.93937,40.12368],[-82.93928,40.12363],[-82.93923,40.12358],[-82.93923,40.12356],[-82.93923,40.12353],[-82.93919,40.12354],[-82.93915,40.12354],[-82.93913,40.12353],[-82.93909,40.1235],[-82.93906,40.12349],[-82.93903,40.12347],[-82.93898,40.12338],[-82.93898,40.12335],[-82.93902,40.12338],[-82.93907,40.1234],[-82.93912,40.12339],[-82.93916,40.12339],[-82.9392,40.1234],[-82.93925,40.12344],[-82.93928,40.12346],[-82.93938,40.12342],[-82.93945,40.12342],[-82.93958,40.12342],[-82.93963,40.12344],[-82.93966,40.12344],[-82.93969,40.12346],[-82.93974,40.12348],[-82.93978,40.12351]],[[-82.93868,40.12324],[-82.93869,40.12327],[-82.93867,40.12331],[-82.93862,40.12332],[-82.93854,40.12331],[-82.93849,40.12332],[-82.93843,40.12331],[-82.9384,40.12331],[-82.93832,40.12331],[-82.93821,40.12329],[-82.93814,40.1233],[-82.93811,40.12329],[-82.93803,40.12328],[-82.93795,40.12325],[-82.93786,40.1232],[-82.93776,40.12313],[-82.93773,40.12308],[-82.93769,40.12298],[-82.93768,40.12291],[-82.93767,40.12282],[-82.93769,40.12278],[-82.93769,40.12272],[-82.93773,40.12275],[-82.93776,40.12274],[-82.93778,40.12271],[-82.93776,40.12266],[-82.93774,40.12265],[-82.93773,40.12261],[-82.93774,40.12258],[-82.93777,40.12252],[-82.93781,40.12252],[-82.93783,40.12254],[-82.93786,40.12257],[-82.93788,40.12259],[-82.9379,40.12263],[-82.93792,40.12273],[-82.93793,40.12276],[-82.93803,40.12289],[-82.93806,40.12292],[-82.93819,40.12302],[-82.93842,40.12317],[-82.93862,40.12323],[-82.93868,40.12324]],[[-82.93789,40.12193],[-82.9379,40.12201],[-82.93788,40.12217],[-82.93786,40.12219],[-82.93784,40.1222],[-82.9378,40.12219],[-82.93778,40.12215],[-82.93779,40.12212],[-82.93778,40.12207],[-82.93772,40.12197],[-82.93772,40.12191],[-82.93772,40.12186],[-82.93775,40.12182],[-82.93779,40.1218],[-82.93783,40.12181],[-82.93784,40.12183],[-82.93784,40.12187],[-82.93787,40.12189],[-82.93789,40.12193]]]}},{"type":"Feature","properties":{"layer":"water","NAME":null,"MTFCC":"H2030"},"geometry":{"type":"Polygon","coordinates":[[[-82.93783,40.10586],[-82.93783,40.1058],[-82.93782,40.10578],[-82.93779,40.10577],[-82.93774,40.10575],[-82.93765,40.10576],[-82.93761,40.10578],[-82.93757,40.1058],[-82.9375,40.10584],[-82.93748,40.10586],[-82.9374,40.10594],[-82.93723,40.10613],[-82.93726,40.10622],[-82.9373,40.10625],[-82.93734,40.10625],[-82.93738,40.10625],[-82.93746,40.10624],[-82.93751,40.10623],[-82.9376,40.10619],[-82.93765,40.10616],[-82.9377,40.10612],[-82.93779,40.10597],[-82.93783,40.10586]]]}},{"type":"Feature","properties":{"layer":"water","NAME":null,"MTFCC":"H2030"},"geometry":{"type":"Polygon","coordinates":[[[-82.90248,40.10069],[-82.90249,40.10061],[-82.90247,40.10057],[-82.90247,40.10055],[-82.90247,40.1005],[-82.90248,40.10048],[-82.90248,40.10028],[-82.90247,40.10022],[-82.90244,40.10015],[-82.9024,40.10008],[-82.90236,40.10005],[-82.90232,40.10003],[-82.90225,40.1],[-82.90214,40.09997],[-82.9021,40.09996],[-82.90205,40.09995],[-82.90204,40.09993],[-82.90201,40.09993],[-82.90198,40.09992],[-82.90196,40.0999],[-82.90193,40.09988],[-82.9019,40.09984],[-82.90182,40.0998],[-82.90181,40.09979],[-82.90177,40.09964],[-82.90176,40.09959],[-82.90176,40.09949],[-82.90175,40.09944],[-82.90173,40.09941],[-82.9017,40.09933],[-82.9017,40.09926],[-82.90169,40.09924],[-82.9017,40.09922],[-82.90169,40.09919],[-82.90167,40.09918],[-82.9016,40.09914],[-82.90157,40.0991],[-82.90154,40.0991],[-82.90152,40.09909],[-82.90148,40.0991],[-82.90145,40.09912],[-82.90137,40.09912],[-82.90124,40.09909],[-82.90122,40.09908],[-82.90122,40.09901],[-82.90121,40.09898],[-82.90119,40.09895],[-82.90113,40.09888],[-82.90112,40.09885],[-82.90113,40.09882],[-82.90113,40.09872],[-82.90116,40.09856],[-82.90122,40.09836],[-82.90125,40.09831],[-82.90127,40.09829],[-82.90126,40.09821],[-82.90123,40.09819],[-82.90121,40.09817],[-82.9012,40.09814],[-82.90113,40.09808],[-82.90111,40.09807],[-82.90108,40.09807],[-82.90099,40.09808],[-82.90095,40.09811],[-82.90092,40.09812],[-82.90086,40.09812],[-82.90084,40.09812],[-82.90081,40.0981],[-82.90081,40.09807],[-82.90078,40.09801],[-82.9008,40.09797],[-82.90081,40.09791],[-82.90084,40.09785],[-82.90085,40.09781],[-82.90087,40.09777],[-82.9009,40.09775],[-82.901,40.09773],[-82.90106,40.09772],[-82.9011,40.09772],[-82.90112,40.09771],[-82.90122,40.09758],[-82.90125,40.09753],[-82.90126,40.09747],[-82.90128,40.09744],[-82.90128,40.0974],[-82.90127,40.09736],[-82.90123,40.09732],[-82.90116,40.09729],[-82.90098,40.09727],[-82.90096,40.09726],[-82.90093,40.09723],[-82.90089,40.09717],[-82.90088,40.0971],[-82.90089,40.09707],[-82.90089,40.09705],[-82.90087,40.09703],[-82.90084,40.097],[-82.9008,40.09695],[-82.9008,40.09692],[-82.90075,40.09686],[-82.9007,40.09682],[-82.90069,40.0968],[-82.90069,40.09676],[-82.9007,40.09672],[-82.90069,40.09666],[-82.90066,40.09659],[-82.90055,40.0965],[-82.90054,40.09647],[-82.90052,40.09645],[-82.90052,40.09643],[-82.90053,40.09636],[-82.90058,40.09628],[-82.90062,40.09625],[-82.90068,40.09622],[-82.9007,40.0962],[-82.9007,40.09618],[-82.90071,40.09617],[-82.90083,40.09609],[-82.90091,40.09606],[-82.90102,40.09603],[-82.90116,40.09598],[-82.90132,40.09596],[-82.90144,40.09597],[-82.90147,40.09598],[-82.90152,40.096],[-82.90155,40.096],[-82.90163,40.09597],[-82.90169,40.09594],[-82.90173,40.09589],[-82.90175,40.09584],[-82.90177,40.09581],[-82.9018,40.09571],[-82.90182,40.09569],[-82.90185,40.09566],[-82.90189,40.09565],[-82.90193,40.09565],[-82.902,40.09567],[-82.90204,40.09569],[-82.90207,40.09571],[-82.90211,40.09572],[-82.90211,40.09568],[-82.90197,40.09563],[-82.90195,40.09563],[-82.9019,40.09562],[-82.90188,40.09563],[-82.90182,40.09564],[-82.90177,40.09572],[-82.90174,40.09577],[-82.9017,40.09587],[-82.90167,40.09593],[-82.90162,40.09596],[-82.90155,40.09598],[-82.9015,40.09597],[-82.90141,40.09593],[-82.90139,40.09593],[-82.90136,40.09593],[-82.90126,40.09593],[-82.90118,40.09595],[-82.90107,40.09599],[-82.90104,40.096],[-82.90091,40.09603],[-82.90078,40.09608],[-82.90067,40.09615],[-82.9006,40.0962],[-82.90052,40.0963],[-82.90047,40.0964],[-82.90046,40.09641],[-82.90046,40.09644],[-82.90047,40.09647],[-82.90051,40.09654],[-82.90063,40.09663],[-82.90064,40.09666],[-82.90063,40.09669],[-82.90063,40.09671],[-82.90065,40.09676],[-82.90065,40.0968],[-82.90067,40.09682],[-82.90069,40.09685],[-82.90073,40.09689],[-82.90075,40.09693],[-82.90076,40.09698],[-82.90078,40.09701],[-82.90079,40.09703],[-82.90078,40.09705],[-82.90078,40.09707],[-82.90082,40.09712],[-82.90082,40.09715],[-82.90083,40.09718],[-82.90088,40.09724],[-82.90093,40.0973],[-82.90096,40.09731],[-82.90101,40.09731],[-82.90106,40.09731],[-82.90112,40.09731],[-82.90118,40.09733],[-82.90122,40.09737],[-82.90124,40.09739],[-82.90124,40.09741],[-82.90124,40.09745],[-82.90121,40.0975],[-82.90119,40.09752],[-82.90119,40.09754],[-82.90118,40.0976],[-82.90116,40.09764],[-82.90111,40.09768],[-82.90109,40.09769],[-82.90096,40.0977],[-82.90092,40.09772],[-82.90085,40.09776],[-82.90083,40.09777],[-82.90079,40.09786],[-82.90078,40.09788],[-82.90076,40.09797],[-82.90074,40.09803],[-82.90076,40.09806],[-82.90076,40.09809],[-82.90079,40.09812],[-82.9008,40.09813],[-82.90081,40.09815],[-82.90087,40.09817],[-82.90089,40.09817],[-82.90092,40.09814],[-82.90101,40.09811],[-82.90103,40.09811],[-82.90107,40.09812],[-82.90113,40.09815],[-82.90115,40.09818],[-82.90118,40.09821],[-82.90118,40.09823],[-82.90119,40.09825],[-82.90119,40.09827],[-82.90119,40.0983],[-82.90116,40.09834],[-82.90114,40.09846],[-82.90111,40.09858],[-82.90111,40.09861],[-82.90111,40.09863],[-82.9011,40.09866],[-82.9011,40.0987],[-82.90109,40.09873],[-82.90109,40.09884],[-82.9011,40.09889],[-82.90109,40.09892],[-82.90116,40.09905],[-82.90117,40.09906],[-82.90119,40.09908],[-82.90121,40.0991],[-82.90125,40.09913],[-82.90129,40.09914],[-82.90132,40.09916],[-82.90135,40.09916],[-82.9014,40.09915],[-82.90146,40.09914],[-82.90147,40.09913],[-82.90153,40.09914],[-82.9016,40.09917],[-82.90164,40.09922],[-82.90166,40.09926],[-82.90165,40.09933],[-82.90167,40.0994],[-82.90167,40.09943],[-82.90168,40.09945],[-82.90168,40.09949],[-82.90169,40.09953],[-82.90172,40.09964],[-82.90173,40.09973],[-82.90176,40.0998],[-82.90182,40.09987],[-82.90186,40.09989],[-82.90186,40.09991],[-82.90189,40.09992],[-82.90193,40.09995],[-82.90205,40.09999],[-82.90209,40.10001],[-82.90214,40.10002],[-82.90219,40.10003],[-82.90234,40.10007],[-82.90238,40.10014],[-82.90239,40.10019],[-82.9024,40.10023],[-82.90241,40.10028],[-82.90242,40.10039],[-82.90241,40.10046],[-82.90243,40.1005],[-82.90243,40.10054],[-82.90243,40.10055],[-82.90243,40.10058],[-82.90242,40.1006],[-82.90241,40.10071],[-82.90239,40.10076],[-82.90234,40.10081],[-82.90226,40.10092],[-82.90219,40.10107],[-82.90214,40.10116],[-82.9021,40.10121],[-82.90191,40.1014],[-82.90172,40.1015],[-82.90161,40.10155],[-82.9014,40.10162],[-82.90121,40.10169],[-82.9009,40.10178],[-82.90075,40.10179],[-82.90058,40.10189],[-82.90056,40.10189],[-82.90032,40.10204],[-82.9003,40.10207],[-82.90023,40.10212],[-82.9002,40.10219],[-82.90021,40.10229],[-82.90022,40.10233],[-82.90028,40.10244],[-82.9003,40.1025],[-82.90032,40.10252],[-82.90036,40.10258],[-82.90036,40.10261],[-82.90038,40.10265],[-82.90037,40.10272],[-82.90039,40.1028],[-82.9004,40.10286],[-82.90044,40.1029],[-82.90048,40.10292],[-82.90051,40.10294],[-82.90053,40.10295],[-82.90054,40.10297],[-82.90054,40.10303],[-82.90048,40.1031],[-82.90044,40.10312],[-82.90042,40.10314],[-82.90039,40.1032],[-82.90028,40.10347],[-82.9003,40.10354],[-82.90033,40.10359],[-82.90033,40.10361],[-82.90037,40.10365],[-82.90039,40.10366],[-82.9005,40.1037],[-82.90054,40.10371],[-82.90055,40.10373],[-82.90063,40.10374],[-82.90077,40.10373],[-82.90082,40.10373],[-82.90087,40.10374],[-82.90101,40.10381],[-82.90103,40.10379],[-82.90085,40.1037],[-82.90078,40.10368],[-82.90068,40.10369],[-82.90063,40.10368],[-82.90055,40.10366],[-82.9005,40.10365],[-82.90043,40.10363],[-82.9004,40.10361],[-82.90034,40.10354],[-82.90033,40.10352],[-82.90032,40.10348],[-82.90033,40.10344],[-82.90041,40.10326],[-82.90042,40.10325],[-82.90048,40.10316],[-82.90056,40.10308],[-82.90057,40.10307],[-82.90058,40.10301],[-82.90056,40.10296],[-82.90052,40.1029],[-82.90047,40.10287],[-82.90045,40.10285],[-82.90041,40.10277],[-82.90041,40.10275],[-82.90042,40.1027],[-82.90041,40.10266],[-82.9004,40.10263],[-82.90027,40.10233],[-82.90026,40.10231],[-82.90025,40.10228],[-82.90026,40.10219],[-82.90028,40.10213],[-82.90043,40.10199],[-82.90058,40.10191],[-82.90078,40.10184],[-82.90121,40.10175],[-82.90146,40.10164],[-82.90157,40.10161],[-82.90166,40.10158],[-82.90194,40.10145],[-82.90201,40.10139],[-82.90214,40.10125],[-82.9022,40.10119],[-82.9023,40.10103],[-82.90234,40.10092],[-82.90238,40.10084],[-82.90248,40.10071],[-82.90248,40.10069]]]}},{"type":"Feature","properties":{"layer":"water","NAME":"Alum Crk","MTFCC":"H3010"},"geometry":{"type":"Polygon","coordinates":[[[-82.96678,40.18558],[-82.96671,40.18554],[-82.9661,40.18516],[-82.96564,40.18492],[-82.96527,40.18465],[-82.96505,40.18453],[-82.96464,40.18434],[-82.96423,40.1842],[-82.96393,40.18406],[-82.96336,40.18385],[-82.96236,40.18338],[-82.96222,40.18324],[-82.96212,40.18307],[-82.96212,40.18302],[-82.96205,40.18294],[-82.96198,40.18279],[-82.96186,40.18241],[-82.96183,40.18185],[-82.96173,40.18159],[-82.96169,40.18142],[-82.96144,40.18096],[-82.96126,40.18074],[-82.96114,40.18069],[-82.96094,40.18074],[-82.96077,40.18075],[-82.96038,40.18086],[-82.96033,40.18085],[-82.96024,40.18075],[-82.96015,40.18069],[-82.96,40.1807],[-82.95995,40.18069],[-82.95981,40.18056],[-82.95952,40.18049],[-82.95893,40.1802],[-82.95888,40.18015],[-82.95886,40.18011],[-82.95887,40.18001],[-82.95882,40.17972],[-82.95877,40.17961],[-82.95871,40.17953],[-82.95869,40.17944],[-82.9587,40.17926],[-82.95877,40.17908],[-82.95877,40.17902],[-82.95859,40.17872],[-82.9586,40.17862],[-82.95868,40.1785],[-82.95872,40.1784],[-82.95865,40.17825],[-82.95852,40.17809],[-82.95846,40.17785],[-82.95836,40.17742],[-82.95836,40.17719],[-82.95838,40.17713],[-82.95844,40.17703],[-82.95873,40.17674],[-82.95887,40.17655],[-82.95893,40.1764],[-82.95915,40.17617],[-82.9592,40.17608],[-82.95919,40.17603],[-82.95914,40.17593],[-82.95906,40.17584],[-82.95898,40.17576],[-82.9589,40.17572],[-82.95879,40.17558],[-82.95867,40.17549],[-82.95844,40.17547],[-82.95818,40.17541],[-82.95753,40.17512],[-82.95736,40.17502],[-82.95701,40.17469],[-82.95679,40.17436],[-82.95659,40.17406],[-82.95642,40.17381],[-82.95642,40.17343],[-82.95641,40.17338],[-82.95636,40.17336],[-82.95636,40.17315],[-82.95633,40.17296],[-82.9563,40.17283],[-82.95624,40.1728],[-82.95617,40.17272],[-82.9561,40.17236],[-82.95621,40.17237],[-82.95621,40.17218],[-82.95618,40.17202],[-82.95607,40.17167],[-82.95605,40.17137],[-82.95607,40.17092],[-82.95611,40.17059],[-82.9562,40.17038],[-82.95633,40.17014],[-82.95637,40.17],[-82.95633,40.1696],[-82.95636,40.16947],[-82.95636,40.16936],[-82.95625,40.16906],[-82.95623,40.1687],[-82.95627,40.16852],[-82.95638,40.1682],[-82.9564,40.16797],[-82.95638,40.16786],[-82.95637,40.16765],[-82.9562,40.16714],[-82.95602,40.16683],[-82.95597,40.16648],[-82.95599,40.16636],[-82.95605,40.16626],[-82.95621,40.16612],[-82.95642,40.16605],[-82.95653,40.16598],[-82.95661,40.16591],[-82.95674,40.16572],[-82.95698,40.16548],[-82.95713,40.16526],[-82.95721,40.16501],[-82.95716,40.16492],[-82.9571,40.16484],[-82.95698,40.16476],[-82.95671,40.16462],[-82.95658,40.16453],[-82.95621,40.16413],[-82.95617,40.16404],[-82.95619,40.16392],[-82.9563,40.16375],[-82.95642,40.16365],[-82.95649,40.16356],[-82.95663,40.16352],[-82.95667,40.16348],[-82.95671,40.16338],[-82.95671,40.16298],[-82.95674,40.1628],[-82.95677,40.16249],[-82.95683,40.16237],[-82.95699,40.16209],[-82.95705,40.16191],[-82.95703,40.16118],[-82.95705,40.16113],[-82.95709,40.16111],[-82.95726,40.16105],[-82.95731,40.16102],[-82.95735,40.16096],[-82.95731,40.16078],[-82.95735,40.16044],[-82.9573,40.16011],[-82.95721,40.15989],[-82.95713,40.15975],[-82.95687,40.15939],[-82.95677,40.15927],[-82.95667,40.15909],[-82.95654,40.15898],[-82.9565,40.1589],[-82.95638,40.15883],[-82.95622,40.15879],[-82.95615,40.15871],[-82.95618,40.1586],[-82.95617,40.15855],[-82.95607,40.15828],[-82.95589,40.15812],[-82.95577,40.15793],[-82.95568,40.15783],[-82.95566,40.15778],[-82.95563,40.15759],[-82.95543,40.15744],[-82.95543,40.15734],[-82.9552,40.15715],[-82.95514,40.15704],[-82.95515,40.15698],[-82.95512,40.15684],[-82.95495,40.15662],[-82.95427,40.15579],[-82.95384,40.15553],[-82.95351,40.15522],[-82.95329,40.15487],[-82.95319,40.15477],[-82.95312,40.15465],[-82.9531,40.15454],[-82.95315,40.15432],[-82.95322,40.15419],[-82.95341,40.15398],[-82.95348,40.15387],[-82.95347,40.15371],[-82.95348,40.15365],[-82.95352,40.15355],[-82.95361,40.15341],[-82.95369,40.15325],[-82.95376,40.15304],[-82.95377,40.15292],[-82.95364,40.15238],[-82.9535,40.15199],[-82.95348,40.15187],[-82.95349,40.15182],[-82.95352,40.15176],[-82.95351,40.15172],[-82.95333,40.15142],[-82.95327,40.15125],[-82.95316,40.15107],[-82.9531,40.15066],[-82.95304,40.15055],[-82.953,40.15035],[-82.95295,40.15018],[-82.95287,40.15003],[-82.95284,40.14986],[-82.95282,40.14956],[-82.95286,40.14891],[-82.95285,40.14858],[-82.9528,40.14823],[-82.95276,40.14811],[-82.95271,40.14796],[-82.95261,40.14776],[-82.9525,40.14761],[-82.95237,40.1475],[-82.95232,40.14745],[-82.95226,40.14735],[-82.95214,40.14723],[-82.95202,40.14716],[-82.95194,40.14711],[-82.95176,40.14705],[-82.95137,40.14696],[-82.95087,40.14694],[-82.95059,40.1469],[-82.95044,40.14686],[-82.95018,40.14675],[-82.95002,40.14665],[-82.94991,40.14653],[-82.94984,40.14642],[-82.94984,40.14631],[-82.94988,40.146],[-82.94991,40.14594],[-82.94997,40.14582],[-82.95005,40.14574],[-82.95017,40.14562],[-82.95021,40.14557],[-82.95022,40.1453],[-82.95025,40.14508],[-82.95041,40.14464],[-82.95049,40.14436],[-82.95048,40.14426],[-82.95053,40.14415],[-82.95065,40.14402],[-82.95092,40.14304],[-82.95107,40.14265],[-82.95112,40.14243],[-82.95116,40.14235],[-82.95123,40.14216],[-82.95134,40.14193],[-82.9514,40.14189],[-82.95159,40.14186],[-82.95209,40.14197],[-82.95224,40.14197],[-82.95258,40.14193],[-82.95293,40.14185],[-82.95324,40.14176],[-82.95349,40.14161],[-82.95362,40.14156],[-82.95366,40.14152],[-82.95373,40.14143],[-82.95383,40.14115],[-82.95385,40.14109],[-82.95385,40.14091],[-82.95383,40.14086],[-82.95378,40.1408],[-82.95361,40.14066],[-82.95345,40.14047],[-82.95281,40.1398],[-82.95275,40.13972],[-82.9527,40.13957],[-82.95267,40.13939],[-82.9527,40.13911],[-82.95275,40.1389],[-82.95276,40.13887],[-82.95284,40.13866],[-82.95288,40.13856],[-82.95287,40.13825],[-82.95283,40.1381],[-82.95276,40.13797],[-82.95275,40.13788],[-82.95275,40.13785],[-82.95275,40.13782],[-82.9527,40.13771],[-82.95268,40.13755],[-82.95265,40.13742],[-82.95266,40.13702],[-82.95263,40.13687],[-82.95258,40.13676],[-82.95201,40.13588],[-82.95096,40.13411],[-82.95085,40.1341],[-82.95067,40.1341],[-82.95066,40.1341],[-82.95086,40.13445],[-82.95104,40.13482],[-82.95124,40.13507],[-82.95134,40.13526],[-82.95146,40.13542],[-82.9516,40.13569],[-82.95218,40.13668],[-82.95224,40.13682],[-82.95233,40.13719],[-82.95233,40.13739],[-82.95229,40.13752],[-82.95228,40.1377],[-82.95229,40.13782],[-82.95229,40.13785],[-82.95229,40.13794],[-82.95234,40.13806],[-82.9525,40.13827],[-82.95253,40.13846],[-82.95253,40.13858],[-82.95251,40.13875],[-82.95236,40.13936],[-82.95235,40.13964],[-82.95237,40.13984],[-82.9524,40.13991],[-82.95243,40.13996],[-82.95256,40.14007],[-82.95306,40.14068],[-82.95316,40.14092],[-82.95313,40.14101],[-82.95304,40.14111],[-82.9529,40.14122],[-82.9527,40.1413],[-82.95232,40.1414],[-82.95181,40.1415],[-82.95162,40.14151],[-82.9514,40.14156],[-82.95124,40.14163],[-82.9511,40.14172],[-82.95084,40.14205],[-82.95074,40.14221],[-82.95068,40.14248],[-82.95054,40.14321],[-82.95042,40.14344],[-82.95037,40.14348],[-82.95027,40.14366],[-82.95006,40.14457],[-82.94996,40.14487],[-82.94993,40.14529],[-82.94989,40.14538],[-82.9498,40.14551],[-82.94963,40.14563],[-82.94959,40.14569],[-82.94957,40.14574],[-82.94955,40.14584],[-82.94953,40.14594],[-82.9495,40.14614],[-82.94951,40.14664],[-82.94964,40.14688],[-82.94974,40.14699],[-82.94981,40.14706],[-82.95038,40.14723],[-82.95061,40.14727],[-82.95077,40.14728],[-82.951,40.14724],[-82.95129,40.14722],[-82.95136,40.14723],[-82.95154,40.14726],[-82.95181,40.14742],[-82.95219,40.14771],[-82.95233,40.14787],[-82.95237,40.14801],[-82.9524,40.14829],[-82.95246,40.1486],[-82.95249,40.14886],[-82.95247,40.14913],[-82.95248,40.1494],[-82.95255,40.14979],[-82.95262,40.15019],[-82.9527,40.15035],[-82.95276,40.15048],[-82.95281,40.15057],[-82.95284,40.15106],[-82.95287,40.15112],[-82.95298,40.15122],[-82.95308,40.15143],[-82.95321,40.15159],[-82.95323,40.15163],[-82.95319,40.15184],[-82.95323,40.15198],[-82.95323,40.15226],[-82.95336,40.15241],[-82.95345,40.15256],[-82.95348,40.15268],[-82.95351,40.15296],[-82.95351,40.15305],[-82.95347,40.15315],[-82.95322,40.15358],[-82.95313,40.15389],[-82.95287,40.15431],[-82.95282,40.15454],[-82.95283,40.15464],[-82.9531,40.15506],[-82.95344,40.15548],[-82.95385,40.15583],[-82.95396,40.15595],[-82.95418,40.15628],[-82.95429,40.15649],[-82.95486,40.15736],[-82.95502,40.15754],[-82.95541,40.1578],[-82.95571,40.15816],[-82.9559,40.15844],[-82.95613,40.15885],[-82.95631,40.15902],[-82.95651,40.15927],[-82.95661,40.15943],[-82.95687,40.15972],[-82.95705,40.1601],[-82.95708,40.16047],[-82.95707,40.1606],[-82.9571,40.16069],[-82.95709,40.16074],[-82.95699,40.16087],[-82.95678,40.16102],[-82.95676,40.16108],[-82.95674,40.16125],[-82.95669,40.16153],[-82.95662,40.16179],[-82.95651,40.16202],[-82.95641,40.1623],[-82.9564,40.16244],[-82.95644,40.16257],[-82.95648,40.16272],[-82.95648,40.16299],[-82.95654,40.16318],[-82.95654,40.16329],[-82.95648,40.16338],[-82.95624,40.16354],[-82.9561,40.1637],[-82.95597,40.16391],[-82.95595,40.16407],[-82.95596,40.16417],[-82.95598,40.16423],[-82.95614,40.16444],[-82.95639,40.16464],[-82.95671,40.1648],[-82.9568,40.16487],[-82.95692,40.165],[-82.95697,40.1651],[-82.95697,40.16515],[-82.95693,40.16525],[-82.95689,40.16529],[-82.95667,40.1654],[-82.95654,40.16552],[-82.95641,40.16574],[-82.95627,40.16583],[-82.9562,40.16586],[-82.95609,40.16589],[-82.95598,40.1659],[-82.95593,40.16592],[-82.95589,40.16597],[-82.95585,40.16615],[-82.95574,40.16629],[-82.95571,40.16635],[-82.9557,40.16646],[-82.95565,40.1666],[-82.95566,40.16667],[-82.9557,40.16677],[-82.95589,40.16711],[-82.95591,40.16718],[-82.95592,40.16727],[-82.95603,40.16757],[-82.95606,40.16771],[-82.95599,40.16802],[-82.95597,40.1684],[-82.95591,40.16869],[-82.95598,40.16941],[-82.95589,40.16969],[-82.95588,40.1699],[-82.95591,40.1701],[-82.9559,40.17027],[-82.95582,40.17043],[-82.95565,40.17091],[-82.95561,40.17117],[-82.95566,40.17164],[-82.95574,40.17197],[-82.95577,40.17206],[-82.95591,40.17226],[-82.95594,40.17236],[-82.95587,40.17236],[-82.95602,40.1731],[-82.9561,40.1737],[-82.95615,40.17372],[-82.95616,40.17376],[-82.95616,40.17405],[-82.95633,40.17433],[-82.95652,40.17464],[-82.9566,40.17479],[-82.95676,40.17497],[-82.95729,40.1752],[-82.95783,40.17554],[-82.958,40.1756],[-82.95843,40.17565],[-82.95858,40.17574],[-82.95865,40.17582],[-82.95868,40.17592],[-82.95868,40.17602],[-82.95866,40.17614],[-82.95858,40.17635],[-82.95848,40.17654],[-82.95826,40.17686],[-82.95803,40.17732],[-82.95803,40.17737],[-82.95829,40.17831],[-82.9583,40.17846],[-82.95828,40.17866],[-82.95836,40.17886],[-82.95844,40.17932],[-82.95848,40.17961],[-82.95861,40.18007],[-82.95875,40.18029],[-82.95884,40.18039],[-82.95902,40.18053],[-82.95963,40.18077],[-82.95993,40.18095],[-82.9601,40.18102],[-82.96026,40.18107],[-82.96047,40.18107],[-82.96058,40.18104],[-82.96085,40.1809],[-82.96092,40.18089],[-82.96103,40.18092],[-82.96112,40.18097],[-82.9612,40.18106],[-82.96124,40.18113],[-82.96138,40.18154],[-82.96143,40.18181],[-82.96145,40.18213],[-82.96147,40.18219],[-82.96155,40.18228],[-82.96159,40.18274],[-82.96161,40.18288],[-82.96169,40.18304],[-82.96197,40.18337],[-82.96221,40.18358],[-82.9625,40.18374],[-82.9632,40.18404],[-82.96353,40.18428],[-82.96402,40.18446],[-82.96454,40.18469],[-82.96509,40.18503],[-82.96602,40.18553],[-82.96651,40.18584],[-82.96664,40.18575],[-82.96678,40.18558]]]}},{"type":"Feature","properties":{"layer":"water","NAME":null,"MTFCC":"H2030"},"geometry":{"type":"Polygon","coordinates":[[[-82.90324,40.11407],[-82.90324,40.11405],[-82.90323,40.11401],[-82.90321,40.11397],[-82.90318,40.11396],[-82.9031,40.11395],[-82.90303,40.11395],[-82.90298,40.11395],[-82.90295,40.11394],[-82.9029,40.1139],[-82.90279,40.11383],[-82.90277,40.11379],[-82.90276,40.11374],[-82.90277,40.11368],[-82.90273,40.11357],[-82.90269,40.11352],[-82.90266,40.11351],[-82.90263,40.1135],[-82.9026,40.11349],[-82.9025,40.1135],[-82.90247,40.11349],[-82.90239,40.11348],[-82.90237,40.11347],[-82.90233,40.11344],[-82.90231,40.11344],[-82.90221,40.11338],[-82.90219,40.11337],[-82.90215,40.11336],[-82.90203,40.11336],[-82.90201,40.11336],[-82.90199,40.11338],[-82.90194,40.1134],[-82.90179,40.11351],[-82.90174,40.11361],[-82.90172,40.11362],[-82.90169,40.11363],[-82.90162,40.11362],[-82.90157,40.11359],[-82.90147,40.11352],[-82.9014,40.11348],[-82.90131,40.11345],[-82.90113,40.11337],[-82.90107,40.11334],[-82.90105,40.11332],[-82.90101,40.11332],[-82.901,40.11331],[-82.90097,40.1133],[-82.90091,40.11329],[-82.90073,40.11333],[-82.90062,40.11334],[-82.90049,40.11331],[-82.90045,40.11327],[-82.90042,40.11321],[-82.90042,40.11316],[-82.90047,40.11302],[-82.90048,40.1129],[-82.90045,40.11288],[-82.90043,40.11286],[-82.90029,40.11276],[-82.90025,40.11275],[-82.9002,40.11272],[-82.90016,40.11267],[-82.9001,40.11262],[-82.90006,40.11255],[-82.90004,40.11249],[-82.9,40.11242],[-82.90008,40.11231],[-82.90008,40.11229],[-82.90013,40.11225],[-82.90019,40.11223],[-82.90023,40.11219],[-82.9003,40.11215],[-82.90035,40.1121],[-82.90037,40.11206],[-82.90035,40.112],[-82.90028,40.11194],[-82.90026,40.11194],[-82.90024,40.11192],[-82.90024,40.1119],[-82.90023,40.11183],[-82.90027,40.11169],[-82.90025,40.11154],[-82.90031,40.11148],[-82.90039,40.11145],[-82.90042,40.11145],[-82.9005,40.1115],[-82.9006,40.11153],[-82.90064,40.11153],[-82.90075,40.1115],[-82.90082,40.11147],[-82.90087,40.11143],[-82.90094,40.11134],[-82.90096,40.1113],[-82.90095,40.11123],[-82.90091,40.11109],[-82.90085,40.11102],[-82.9007,40.11097],[-82.90066,40.11095],[-82.90059,40.11095],[-82.90043,40.11098],[-82.90036,40.11098],[-82.90033,40.11096],[-82.90031,40.11095],[-82.90029,40.11091],[-82.9003,40.11086],[-82.90031,40.11082],[-82.90036,40.11077],[-82.90045,40.11074],[-82.90062,40.11072],[-82.90074,40.11073],[-82.90077,40.11074],[-82.90082,40.11073],[-82.90084,40.11072],[-82.90087,40.11066],[-82.90086,40.11058],[-82.90084,40.11052],[-82.9008,40.11048],[-82.90075,40.11046],[-82.90072,40.11046],[-82.90068,40.11048],[-82.90065,40.11049],[-82.90063,40.1105],[-82.90059,40.11051],[-82.90054,40.1105],[-82.90046,40.11051],[-82.90041,40.11051],[-82.90036,40.1105],[-82.90032,40.11047],[-82.90031,40.11044],[-82.90031,40.1104],[-82.90034,40.11035],[-82.90039,40.11029],[-82.90048,40.11022],[-82.90049,40.1102],[-82.90051,40.11019],[-82.9006,40.1101],[-82.90061,40.11006],[-82.90061,40.10996],[-82.90059,40.10993],[-82.90055,40.10991],[-82.90051,40.10989],[-82.90046,40.10985],[-82.90043,40.10979],[-82.90043,40.10975],[-82.9005,40.10972],[-82.90054,40.10971],[-82.90076,40.10972],[-82.90079,40.10969],[-82.90081,40.10965],[-82.90081,40.1096],[-82.90079,40.10958],[-82.90075,40.10956],[-82.90066,40.10947],[-82.90062,40.10944],[-82.90059,40.10941],[-82.90057,40.10938],[-82.90055,40.10938],[-82.90048,40.10938],[-82.90042,40.10936],[-82.9003,40.10932],[-82.90026,40.10929],[-82.90025,40.10926],[-82.90024,40.10923],[-82.90024,40.10918],[-82.90027,40.10913],[-82.90028,40.10907],[-82.90033,40.10905],[-82.90037,40.109],[-82.90044,40.10895],[-82.90047,40.10892],[-82.90046,40.10888],[-82.90044,40.1088],[-82.90037,40.10874],[-82.90035,40.10869],[-82.90033,40.10858],[-82.90031,40.10856],[-82.90025,40.10848],[-82.90024,40.10845],[-82.90024,40.10843],[-82.90026,40.10842],[-82.90029,40.10841],[-82.90037,40.10838],[-82.90043,40.10838],[-82.90057,40.10843],[-82.90063,40.10843],[-82.9007,40.10841],[-82.90077,40.10836],[-82.90082,40.10829],[-82.90084,40.10823],[-82.90083,40.10815],[-82.90084,40.10813],[-82.90085,40.10811],[-82.90088,40.1081],[-82.90092,40.10808],[-82.90102,40.10795],[-82.90107,40.10791],[-82.90109,40.10789],[-82.90108,40.10785],[-82.90106,40.10782],[-82.90103,40.1078],[-82.90102,40.10778],[-82.90101,40.10773],[-82.90102,40.10762],[-82.90102,40.10758],[-82.90105,40.10753],[-82.90114,40.1074],[-82.90118,40.10737],[-82.9012,40.10733],[-82.9012,40.10728],[-82.90118,40.10725],[-82.90107,40.10716],[-82.90103,40.10711],[-82.901,40.10706],[-82.901,40.10703],[-82.90106,40.10693],[-82.90108,40.10692],[-82.9011,40.10688],[-82.90112,40.10682],[-82.90111,40.10676],[-82.90108,40.10669],[-82.90105,40.10667],[-82.901,40.10664],[-82.90095,40.10664],[-82.90091,40.10665],[-82.90088,40.10668],[-82.90086,40.10672],[-82.90084,40.10673],[-82.90079,40.10674],[-82.90077,40.10674],[-82.90073,40.10672],[-82.90072,40.10668],[-82.90074,40.10663],[-82.90077,40.1065],[-82.90078,40.10645],[-82.90078,40.10641],[-82.90077,40.10639],[-82.90076,40.10631],[-82.90077,40.10629],[-82.90078,40.10624],[-82.90077,40.10621],[-82.90078,40.10618],[-82.90082,40.10612],[-82.90081,40.10607],[-82.90082,40.10602],[-82.90082,40.106],[-82.90077,40.10596],[-82.90072,40.10594],[-82.90066,40.1059],[-82.90058,40.10588],[-82.90054,40.10586],[-82.90047,40.10583],[-82.90045,40.10582],[-82.90043,40.1058],[-82.90042,40.10577],[-82.90043,40.10575],[-82.90049,40.10567],[-82.90051,40.10562],[-82.90055,40.10557],[-82.9006,40.10554],[-82.90064,40.10552],[-82.9007,40.10548],[-82.90081,40.10545],[-82.90086,40.10543],[-82.90094,40.10542],[-82.90097,40.10542],[-82.90101,40.10544],[-82.90105,40.10546],[-82.90109,40.10546],[-82.90117,40.10542],[-82.90126,40.10541],[-82.90135,40.10538],[-82.90139,40.10534],[-82.90142,40.10531],[-82.90151,40.10521],[-82.90157,40.10513],[-82.90158,40.10511],[-82.90162,40.10507],[-82.90162,40.10502],[-82.9016,40.10496],[-82.9016,40.10493],[-82.90162,40.10488],[-82.90165,40.10482],[-82.90169,40.10479],[-82.90176,40.10472],[-82.90185,40.10466],[-82.90187,40.10463],[-82.90197,40.10456],[-82.90202,40.10449],[-82.90203,40.10447],[-82.90203,40.10443],[-82.90202,40.1044],[-82.90196,40.10433],[-82.90191,40.10431],[-82.90188,40.10429],[-82.90183,40.10421],[-82.9018,40.10412],[-82.90179,40.1041],[-82.90176,40.1041],[-82.90168,40.10409],[-82.9016,40.10408],[-82.90147,40.10407],[-82.90135,40.10402],[-82.90133,40.104],[-82.9013,40.10397],[-82.90128,40.10393],[-82.90114,40.10383],[-82.9011,40.10386],[-82.90121,40.10393],[-82.90125,40.10396],[-82.90128,40.10401],[-82.90133,40.10406],[-82.90136,40.10408],[-82.90143,40.1041],[-82.90152,40.10412],[-82.90157,40.10411],[-82.90161,40.10412],[-82.9017,40.10412],[-82.90173,40.10413],[-82.90176,40.10415],[-82.90178,40.1042],[-82.90181,40.10426],[-82.90185,40.1043],[-82.90199,40.1044],[-82.902,40.10442],[-82.90197,40.10452],[-82.90193,40.10455],[-82.90187,40.10458],[-82.90178,40.10465],[-82.90164,40.10479],[-82.90158,40.10489],[-82.90157,40.10493],[-82.90157,40.10504],[-82.90156,40.10508],[-82.90148,40.10517],[-82.90146,40.10519],[-82.90145,40.10522],[-82.90139,40.1053],[-82.90135,40.10533],[-82.90124,40.10536],[-82.90116,40.10538],[-82.9011,40.10543],[-82.90106,40.10543],[-82.90101,40.1054],[-82.90099,40.1054],[-82.90094,40.1054],[-82.90089,40.1054],[-82.90083,40.10542],[-82.90073,40.10544],[-82.90065,40.10548],[-82.90055,40.10555],[-82.90047,40.10563],[-82.90044,40.10568],[-82.9004,40.10572],[-82.90039,40.10574],[-82.90039,40.10578],[-82.90043,40.10587],[-82.90047,40.10586],[-82.90056,40.1059],[-82.90061,40.1059],[-82.90065,40.10592],[-82.90072,40.10598],[-82.90075,40.106],[-82.90077,40.10602],[-82.90079,40.1061],[-82.90075,40.10616],[-82.90074,40.10619],[-82.90073,40.10631],[-82.90074,40.10637],[-82.90074,40.1064],[-82.90073,40.10641],[-82.90073,40.10647],[-82.9007,40.1065],[-82.90072,40.10653],[-82.90072,40.10659],[-82.90068,40.10667],[-82.90069,40.10671],[-82.90072,40.10673],[-82.90073,40.10675],[-82.90077,40.10676],[-82.90081,40.10677],[-82.90086,40.10675],[-82.90088,40.10673],[-82.9009,40.10669],[-82.90092,40.10666],[-82.90094,40.10666],[-82.90098,40.10666],[-82.90104,40.1067],[-82.90108,40.10677],[-82.90108,40.10684],[-82.90106,40.10689],[-82.90104,40.10692],[-82.90098,40.10701],[-82.90098,40.10705],[-82.90099,40.1071],[-82.90103,40.10715],[-82.90116,40.10726],[-82.90117,40.10731],[-82.90116,40.10734],[-82.90115,40.10736],[-82.90112,40.10737],[-82.90102,40.10748],[-82.901,40.10753],[-82.90098,40.10757],[-82.90094,40.1077],[-82.90094,40.10774],[-82.90096,40.10778],[-82.901,40.10782],[-82.90102,40.10784],[-82.90104,40.10788],[-82.90104,40.1079],[-82.90102,40.10792],[-82.90096,40.10796],[-82.90089,40.10807],[-82.90085,40.10809],[-82.90082,40.10811],[-82.90081,40.10813],[-82.9008,40.10829],[-82.90071,40.10838],[-82.90068,40.10839],[-82.90063,40.1084],[-82.90058,40.1084],[-82.90051,40.10839],[-82.90046,40.10837],[-82.90042,40.10836],[-82.90037,40.10836],[-82.90028,40.10838],[-82.90024,40.10841],[-82.90022,40.10844],[-82.90021,40.10846],[-82.90024,40.10852],[-82.90026,40.10855],[-82.9003,40.10859],[-82.90031,40.10861],[-82.90031,40.10871],[-82.90035,40.10876],[-82.90044,40.10887],[-82.90044,40.10891],[-82.90043,40.10892],[-82.90031,40.10899],[-82.90026,40.10904],[-82.90024,40.10907],[-82.90021,40.10922],[-82.90019,40.10925],[-82.90018,40.10929],[-82.90018,40.10931],[-82.90021,40.10933],[-82.90027,40.10933],[-82.90041,40.10938],[-82.90047,40.10942],[-82.90053,40.10945],[-82.90056,40.10946],[-82.90059,40.10949],[-82.90062,40.10952],[-82.90064,40.10954],[-82.90071,40.10955],[-82.90077,40.1096],[-82.90078,40.10962],[-82.90077,40.10966],[-82.90073,40.10968],[-82.90071,40.10969],[-82.9006,40.10969],[-82.9005,40.10969],[-82.90042,40.10974],[-82.9004,40.10978],[-82.9004,40.1098],[-82.90044,40.10986],[-82.90049,40.1099],[-82.90052,40.10992],[-82.90055,40.10993],[-82.90057,40.10995],[-82.90058,40.11001],[-82.90057,40.11007],[-82.90053,40.11012],[-82.90047,40.11017],[-82.90045,40.11019],[-82.90029,40.11036],[-82.90028,40.1104],[-82.90028,40.11043],[-82.90029,40.11047],[-82.90037,40.11053],[-82.9004,40.11053],[-82.90054,40.11054],[-82.90063,40.11053],[-82.90072,40.11049],[-82.90075,40.11048],[-82.90077,40.11049],[-82.90081,40.11052],[-82.90084,40.11059],[-82.90084,40.11067],[-82.90082,40.1107],[-82.90079,40.11072],[-82.90061,40.1107],[-82.90055,40.11069],[-82.90052,40.1107],[-82.90047,40.11071],[-82.90041,40.11072],[-82.90034,40.11076],[-82.90028,40.11082],[-82.90027,40.11086],[-82.90027,40.11092],[-82.90028,40.11096],[-82.90033,40.11099],[-82.90036,40.11101],[-82.90039,40.11101],[-82.90044,40.11101],[-82.90053,40.11098],[-82.90063,40.11098],[-82.90066,40.11099],[-82.90074,40.111],[-82.90079,40.11102],[-82.90088,40.1111],[-82.90093,40.1113],[-82.90087,40.1114],[-82.9008,40.11145],[-82.90071,40.11148],[-82.90064,40.1115],[-82.90054,40.11149],[-82.90048,40.11145],[-82.90044,40.11143],[-82.9004,40.11143],[-82.90033,40.11144],[-82.90026,40.11147],[-82.90022,40.11154],[-82.90023,40.1116],[-82.90024,40.11172],[-82.90021,40.11183],[-82.90021,40.11186],[-82.9002,40.11191],[-82.90021,40.11194],[-82.90024,40.11196],[-82.9003,40.11198],[-82.90032,40.11199],[-82.90033,40.11202],[-82.90034,40.11206],[-82.90032,40.1121],[-82.90027,40.11212],[-82.90026,40.11214],[-82.90021,40.11218],[-82.90011,40.11223],[-82.90005,40.11229],[-82.90003,40.11235],[-82.89999,40.11239],[-82.89998,40.11242],[-82.9,40.11249],[-82.90003,40.11253],[-82.90006,40.11262],[-82.90016,40.11271],[-82.90027,40.1128],[-82.9004,40.11288],[-82.90042,40.1129],[-82.90044,40.11295],[-82.90041,40.1131],[-82.90039,40.11317],[-82.90039,40.11322],[-82.90041,40.11325],[-82.90044,40.1133],[-82.90048,40.11333],[-82.90062,40.11336],[-82.90069,40.11336],[-82.90092,40.11331],[-82.90097,40.11332],[-82.90103,40.11335],[-82.90107,40.11337],[-82.90113,40.11339],[-82.90127,40.11347],[-82.90141,40.11352],[-82.90157,40.11363],[-82.90163,40.11365],[-82.90166,40.11366],[-82.90169,40.11366],[-82.90173,40.11366],[-82.90178,40.11363],[-82.9018,40.11361],[-82.9018,40.11356],[-82.90182,40.11352],[-82.90191,40.11344],[-82.902,40.11341],[-82.9021,40.11342],[-82.90221,40.11346],[-82.90239,40.11353],[-82.90241,40.11353],[-82.90256,40.11353],[-82.90262,40.11355],[-82.90266,40.11358],[-82.90268,40.11361],[-82.90271,40.11368],[-82.90274,40.11379],[-82.90277,40.11385],[-82.90282,40.1139],[-82.90292,40.11396],[-82.90299,40.11399],[-82.90303,40.11399],[-82.90308,40.11397],[-82.90313,40.11398],[-82.90316,40.114],[-82.90318,40.11402],[-82.90319,40.11407],[-82.90317,40.11411],[-82.90311,40.11417],[-82.90309,40.1142],[-82.90309,40.11422],[-82.90311,40.11425],[-82.90312,40.11427],[-82.90312,40.11433],[-82.90311,40.11438],[-82.9031,40.11441],[-82.90299,40.11452],[-82.90297,40.11454],[-82.90295,40.11463],[-82.90294,40.11467],[-82.90294,40.1147],[-82.90292,40.11471],[-82.90288,40.11472],[-82.90283,40.11473],[-82.90277,40.11475],[-82.90272,40.11477],[-82.90255,40.11488],[-82.90249,40.11491],[-82.90245,40.11493],[-82.90229,40.11496],[-82.90222,40.11496],[-82.90215,40.11497],[-82.90222,40.11499],[-82.90232,40.11498],[-82.90247,40.11496],[-82.90253,40.11494],[-82.90255,40.11493],[-82.90263,40.11486],[-82.90276,40.11479],[-82.9028,40.11478],[-82.90288,40.11476],[-82.90293,40.11474],[-82.90296,40.11472],[-82.903,40.11464],[-82.90302,40.11454],[-82.90311,40.11444],[-82.90315,40.11439],[-82.90315,40.11434],[-82.90316,40.11431],[-82.90313,40.11424],[-82.90313,40.11422],[-82.90313,40.1142],[-82.90315,40.11417],[-82.90317,40.11415],[-82.9032,40.11414],[-82.90323,40.11411],[-82.90324,40.11407]],[[-82.90219,40.1134],[-82.90218,40.11341],[-82.90217,40.11342],[-82.90208,40.1134],[-82.90203,40.11339],[-82.90203,40.11337],[-82.90215,40.11338],[-82.90219,40.1134]]]}},{"type":"Feature","properties":{"layer":"water","NAME":null,"MTFCC":"H2030"},"geometry":{"type":"Polygon","coordinates":[[[-82.89981,40.11837],[-82.89985,40.1183],[-82.89977,40.11836],[-82.8997,40.1185],[-82.89966,40.11853],[-82.89954,40.11861],[-82.89947,40.11866],[-82.8994,40.11873],[-82.89939,40.11876],[-82.89939,40.11878],[-82.8994,40.1188],[-82.89946,40.11882],[-82.89955,40.11891],[-82.89957,40.11893],[-82.89962,40.11902],[-82.89962,40.11905],[-82.89955,40.11914],[-82.8995,40.11916],[-82.89946,40.11918],[-82.89934,40.11919],[-82.8992,40.11912],[-82.8991,40.11911],[-82.899,40.11913],[-82.89889,40.11914],[-82.89887,40.11915],[-82.89883,40.11918],[-82.89874,40.11923],[-82.89865,40.11924],[-82.89864,40.11922],[-82.89865,40.11919],[-82.89863,40.11918],[-82.8986,40.11915],[-82.89854,40.11913],[-82.89851,40.11912],[-82.89847,40.11913],[-82.89834,40.11918],[-82.89829,40.1192],[-82.89821,40.11925],[-82.89818,40.11926],[-82.89814,40.11929],[-82.89811,40.11934],[-82.89807,40.11936],[-82.89802,40.11941],[-82.89796,40.11954],[-82.89792,40.11971],[-82.89793,40.11974],[-82.89793,40.11984],[-82.89791,40.11991],[-82.89791,40.11995],[-82.89797,40.12005],[-82.89797,40.12007],[-82.89797,40.1201],[-82.89792,40.12019],[-82.89789,40.12024],[-82.8978,40.12032],[-82.89776,40.12034],[-82.89773,40.12037],[-82.89767,40.12045],[-82.89765,40.12048],[-82.89761,40.1205],[-82.89757,40.12053],[-82.89753,40.12055],[-82.89725,40.1206],[-82.89719,40.1206],[-82.89709,40.1206],[-82.89699,40.12061],[-82.89688,40.12064],[-82.89677,40.12068],[-82.89669,40.12072],[-82.89665,40.12074],[-82.89661,40.12077],[-82.89658,40.1208],[-82.89656,40.12081],[-82.89654,40.12084],[-82.89652,40.1209],[-82.89652,40.12095],[-82.89652,40.12097],[-82.89655,40.12103],[-82.89664,40.12122],[-82.89665,40.12135],[-82.89668,40.1215],[-82.89667,40.12159],[-82.89669,40.12164],[-82.89673,40.12167],[-82.89679,40.12169],[-82.89682,40.12169],[-82.89686,40.12168],[-82.89689,40.12165],[-82.89696,40.12165],[-82.89701,40.12166],[-82.89704,40.12167],[-82.89709,40.1217],[-82.89712,40.12172],[-82.89718,40.12177],[-82.8972,40.12178],[-82.89731,40.12187],[-82.89743,40.12202],[-82.89746,40.12201],[-82.89744,40.12198],[-82.8974,40.12193],[-82.89736,40.12188],[-82.8973,40.12181],[-82.89729,40.1218],[-82.89722,40.12175],[-82.89707,40.12166],[-82.89703,40.12165],[-82.89695,40.12163],[-82.89688,40.12161],[-82.89686,40.12164],[-82.89684,40.12166],[-82.89677,40.12166],[-82.89674,40.12163],[-82.89671,40.12158],[-82.89672,40.12153],[-82.89669,40.12135],[-82.89668,40.12118],[-82.89666,40.12113],[-82.89658,40.12101],[-82.89658,40.12089],[-82.89659,40.12084],[-82.89661,40.12082],[-82.89666,40.12078],[-82.89677,40.12073],[-82.89683,40.12069],[-82.89689,40.12067],[-82.897,40.12065],[-82.89707,40.12064],[-82.89732,40.12064],[-82.89744,40.12062],[-82.89757,40.12059],[-82.89762,40.12056],[-82.89764,40.12055],[-82.89769,40.12049],[-82.89772,40.12045],[-82.89779,40.12037],[-82.89789,40.12028],[-82.89791,40.12027],[-82.89794,40.12024],[-82.89798,40.12018],[-82.898,40.12014],[-82.89801,40.12008],[-82.89801,40.12007],[-82.89798,40.12002],[-82.89796,40.11997],[-82.89796,40.1199],[-82.89795,40.11988],[-82.89796,40.11978],[-82.89797,40.11975],[-82.89796,40.11972],[-82.89797,40.11967],[-82.89797,40.11963],[-82.89798,40.11958],[-82.898,40.11955],[-82.898,40.11953],[-82.89801,40.11947],[-82.89804,40.11943],[-82.89816,40.11932],[-82.89826,40.11925],[-82.89844,40.11916],[-82.89852,40.11914],[-82.89859,40.11917],[-82.8986,40.11918],[-82.89861,40.11923],[-82.89862,40.11926],[-82.89863,40.11927],[-82.89865,40.11927],[-82.89878,40.11924],[-82.8988,40.11922],[-82.89884,40.11921],[-82.89888,40.1192],[-82.89894,40.11918],[-82.89895,40.11916],[-82.89911,40.11913],[-82.8992,40.11914],[-82.89928,40.11919],[-82.8993,40.11921],[-82.89942,40.11921],[-82.89944,40.1192],[-82.89948,40.11919],[-82.89957,40.11915],[-82.89965,40.11905],[-82.89966,40.11902],[-82.89963,40.11895],[-82.89961,40.11893],[-82.89954,40.11884],[-82.89946,40.11878],[-82.89944,40.11877],[-82.89943,40.11874],[-82.89952,40.11865],[-82.89957,40.11861],[-82.89963,40.11859],[-82.89965,40.11858],[-82.8997,40.11852],[-82.89974,40.11849],[-82.89975,40.11847],[-82.89979,40.11842],[-82.89979,40.11839],[-82.89981,40.11837]]]}},{"type":"Feature","properties":{"layer":"water","NAME":null,"MTFCC":"H2030"},"geometry":{"type":"Polygon","coordinates":[[[-82.89787,40.12252],[-82.89781,40.12241],[-82.89758,40.12213],[-82.89749,40.12204],[-82.89748,40.12208],[-82.89752,40.12213],[-82.89767,40.12228],[-82.8977,40.12233],[-82.89773,40.12238],[-82.89778,40.12243],[-82.89783,40.12251],[-82.89783,40.12253],[-82.89779,40.12258],[-82.89767,40.12268],[-82.8976,40.12274],[-82.89757,40.12276],[-82.89747,40.12274],[-82.89743,40.12272],[-82.89739,40.12271],[-82.89734,40.12271],[-82.89721,40.12275],[-82.89718,40.12277],[-82.89708,40.12286],[-82.89696,40.12297],[-82.89691,40.12306],[-82.89688,40.12311],[-82.89687,40.12315],[-82.89686,40.12319],[-82.89687,40.12321],[-82.89688,40.12323],[-82.89689,40.12325],[-82.89688,40.12328],[-82.89685,40.12342],[-82.89684,40.12353],[-82.89683,40.12355],[-82.89681,40.12363],[-82.89687,40.12363],[-82.89687,40.12359],[-82.89688,40.12343],[-82.89692,40.12329],[-82.89694,40.12317],[-82.89695,40.12307],[-82.89701,40.12298],[-82.89717,40.12284],[-82.89727,40.12275],[-82.89741,40.12274],[-82.8975,40.12278],[-82.89761,40.12278],[-82.89768,40.12274],[-82.89787,40.12252]]]}},{"type":"Feature","properties":{"layer":"water","NAME":null,"MTFCC":"H2030"},"geometry":{"type":"Polygon","coordinates":[[[-82.95387,40.13125],[-82.95386,40.13122],[-82.95383,40.1312],[-82.9537,40.1312],[-82.95367,40.1312],[-82.95365,40.1312],[-82.95352,40.13121],[-82.95328,40.13119],[-82.95313,40.1312],[-82.95299,40.13119],[-82.95286,40.13121],[-82.95284,40.13123],[-82.95283,40.13126],[-82.95289,40.13136],[-82.95292,40.13141],[-82.95294,40.13144],[-82.95297,40.13145],[-82.953,40.13145],[-82.95311,40.13143],[-82.95324,40.13138],[-82.95336,40.13134],[-82.95352,40.13134],[-82.95359,40.13133],[-82.95366,40.13131],[-82.95373,40.13128],[-82.95384,40.13126],[-82.95387,40.13125]]]}},{"type":"Feature","properties":{"layer":"water","NAME":null,"MTFCC":"H2030"},"geometry":{"type":"Polygon","coordinates":[[[-82.93453,40.10384],[-82.93454,40.10381],[-82.93452,40.10377],[-82.93449,40.10375],[-82.93443,40.10372],[-82.93437,40.10371],[-82.93433,40.10371],[-82.93426,40.10373],[-82.93417,40.1038],[-82.93414,40.10383],[-82.93411,40.10388],[-82.93407,40.10394],[-82.93405,40.10399],[-82.93404,40.10404],[-82.93403,40.10424],[-82.93404,40.10427],[-82.93408,40.10434],[-82.93409,40.10436],[-82.9341,40.10437],[-82.93412,40.10439],[-82.93416,40.10442],[-82.93418,40.10444],[-82.9342,40.10444],[-82.93425,40.10445],[-82.93431,40.10445],[-82.9344,40.10443],[-82.93443,40.10441],[-82.93445,40.10439],[-82.93448,40.10427],[-82.93447,40.10418],[-82.93444,40.10406],[-82.93441,40.10402],[-82.93441,40.104],[-82.93442,40.10398],[-82.93443,40.10396],[-82.93449,40.10392],[-82.93452,40.10388],[-82.93453,40.10384]]]}},{"type":"Feature","properties":{"layer":"water","NAME":null,"MTFCC":"H2030"},"geometry":{"type":"Polygon","coordinates":[[[-82.93785,40.10724],[-82.93785,40.10719],[-82.93784,40.10714],[-82.93782,40.10709],[-82.93779,40.10703],[-82.93773,40.10695],[-82.93767,40.10689],[-82.93764,40.10684],[-82.93763,40.10681],[-82.93762,40.10677],[-82.93763,40.10668],[-82.93767,40.10656],[-82.93767,40.10654],[-82.93766,40.10652],[-82.93763,40.10652],[-82.9376,40.10653],[-82.93748,40.10656],[-82.93731,40.10665],[-82.93711,40.10682],[-82.93707,40.10692],[-82.93706,40.107],[-82.93706,40.10704],[-82.93705,40.1071],[-82.93702,40.10714],[-82.93696,40.10721],[-82.93696,40.10723],[-82.93697,40.10726],[-82.937,40.10728],[-82.93706,40.10734],[-82.93709,40.10736],[-82.93713,40.10738],[-82.9372,40.10739],[-82.93731,40.10738],[-82.9375,40.10736],[-82.9377,40.10736],[-82.93773,40.10735],[-82.93775,40.10735],[-82.93781,40.10731],[-82.93785,40.10724]]]}},{"type":"Feature","properties":{"layer":"water","NAME":null,"MTFCC":"H2030"},"geometry":{"type":"Polygon","coordinates":[[[-82.93967,40.1061],[-82.93967,40.10607],[-82.93966,40.10604],[-82.93964,40.10602],[-82.93962,40.10602],[-82.93928,40.106],[-82.93918,40.106],[-82.93914,40.10602],[-82.93914,40.10603],[-82.93914,40.10608],[-82.93915,40.1061],[-82.93918,40.10612],[-82.93922,40.10614],[-82.93938,40.1062],[-82.93948,40.10622],[-82.93956,40.10623],[-82.9396,40.10622],[-82.93963,40.10621],[-82.93965,40.1062],[-82.93967,40.10615],[-82.93967,40.1061]]]}},{"type":"Feature","properties":{"layer":"water","NAME":null,"MTFCC":"H2030"},"geometry":{"type":"Polygon","coordinates":[[[-82.94063,40.10875],[-82.94062,40.1087],[-82.9406,40.10868],[-82.94057,40.10866],[-82.94052,40.10866],[-82.9404,40.1087],[-82.94038,40.10871],[-82.94036,40.10873],[-82.94034,40.10875],[-82.94025,40.10878],[-82.94021,40.10879],[-82.94017,40.1088],[-82.94018,40.10882],[-82.94023,40.10885],[-82.94036,40.1089],[-82.94045,40.10892],[-82.94047,40.10892],[-82.94049,40.10891],[-82.94052,40.1089],[-82.94059,40.10884],[-82.94061,40.10881],[-82.94063,40.10875]]]}},{"type":"Feature","properties":{"layer":"water","NAME":null,"MTFCC":"H2030"},"geometry":{"type":"Polygon","coordinates":[[[-82.93673,40.13307],[-82.93672,40.13306],[-82.9365,40.13307],[-82.93645,40.13308],[-82.93637,40.13312],[-82.93624,40.13318],[-82.93619,40.13319],[-82.93614,40.13319],[-82.93608,40.13319],[-82.93603,40.13318],[-82.936,40.13316],[-82.93596,40.13315],[-82.9359,40.13315],[-82.93555,40.13319],[-82.93547,40.13319],[-82.93536,40.13318],[-82.93531,40.13318],[-82.93523,40.13321],[-82.93519,40.13321],[-82.93517,40.1332],[-82.93515,40.13317],[-82.93514,40.13315],[-82.93514,40.13312],[-82.93512,40.1331],[-82.93509,40.13309],[-82.93503,40.13309],[-82.93464,40.13309],[-82.93458,40.13305],[-82.93447,40.13303],[-82.93435,40.13304],[-82.93431,40.13306],[-82.93428,40.13308],[-82.93425,40.13312],[-82.93425,40.13318],[-82.93424,40.13319],[-82.93418,40.13321],[-82.93408,40.13323],[-82.93404,40.13324],[-82.93397,40.13325],[-82.93391,40.1333],[-82.93388,40.13333],[-82.93387,40.13334],[-82.93371,40.13336],[-82.93351,40.13336],[-82.93325,40.13337],[-82.9332,40.13336],[-82.933,40.13336],[-82.93285,40.13335],[-82.93272,40.13335],[-82.93266,40.13334],[-82.93263,40.13337],[-82.93273,40.13336],[-82.93309,40.13339],[-82.9332,40.1334],[-82.93328,40.13339],[-82.9333,40.13339],[-82.93336,40.13339],[-82.93351,40.13339],[-82.93364,40.13339],[-82.93368,40.13338],[-82.93386,40.13338],[-82.93392,40.13333],[-82.93394,40.13331],[-82.934,40.13326],[-82.93405,40.13325],[-82.93414,40.13324],[-82.93425,40.13321],[-82.93429,40.13319],[-82.9343,40.13317],[-82.9343,40.13312],[-82.93433,40.13307],[-82.93435,40.13306],[-82.93439,40.13305],[-82.93446,40.13305],[-82.93451,40.13306],[-82.93461,40.13309],[-82.93469,40.13311],[-82.93473,40.13311],[-82.93498,40.13311],[-82.93502,40.13311],[-82.93507,40.13311],[-82.93509,40.13312],[-82.93511,40.13314],[-82.93512,40.13318],[-82.93514,40.1332],[-82.93518,40.13323],[-82.93522,40.13323],[-82.93532,40.1332],[-82.93535,40.13319],[-82.93544,40.13321],[-82.93548,40.13321],[-82.93554,40.13321],[-82.93559,40.1332],[-82.93567,40.13319],[-82.93578,40.13318],[-82.93594,40.13318],[-82.93607,40.1332],[-82.93618,40.13322],[-82.9362,40.13322],[-82.93628,40.13319],[-82.93644,40.1331],[-82.93652,40.13309],[-82.93666,40.13308],[-82.93673,40.13307]]]}},{"type":"Feature","properties":{"layer":"water","NAME":null,"MTFCC":"H2030"},"geometry":{"type":"Polygon","coordinates":[[[-82.91458,40.13135],[-82.91457,40.1313],[-82.91456,40.13126],[-82.91453,40.13125],[-82.91428,40.13121],[-82.91424,40.1312],[-82.91423,40.13122],[-82.91419,40.13127],[-82.91417,40.13134],[-82.91417,40.13138],[-82.91419,40.13142],[-82.91422,40.13145],[-82.9143,40.13151],[-82.91439,40.1316],[-82.91442,40.13162],[-82.91446,40.13163],[-82.9145,40.13163],[-82.91452,40.13162],[-82.91453,40.13159],[-82.91457,40.13144],[-82.91458,40.13135]]]}},{"type":"Feature","properties":{"layer":"water","NAME":null,"MTFCC":"H2030"},"geometry":{"type":"Polygon","coordinates":[[[-82.94517,40.12824],[-82.94518,40.12822],[-82.94508,40.12769],[-82.94503,40.12744],[-82.945,40.12727],[-82.94499,40.12724],[-82.94497,40.12721],[-82.94493,40.12721],[-82.9449,40.1272],[-82.94488,40.12722],[-82.94486,40.12723],[-82.94484,40.12724],[-82.94482,40.12725],[-82.94482,40.12728],[-82.94484,40.12736],[-82.94486,40.12739],[-82.94488,40.12751],[-82.94491,40.12765],[-82.94493,40.12768],[-82.94493,40.12774],[-82.94495,40.12779],[-82.94495,40.12782],[-82.94505,40.12824],[-82.94507,40.12825],[-82.94517,40.12824]]]}},{"type":"Feature","properties":{"layer":"water","NAME":"Alum Crk","MTFCC":"H2030"},"geometry":{"type":"Polygon","coordinates":[[[-82.94053,40.11096],[-82.94054,40.11091],[-82.94052,40.11084],[-82.94049,40.1108],[-82.94046,40.11075],[-82.94046,40.11072],[-82.94044,40.11071],[-82.94044,40.11067],[-82.94041,40.1106],[-82.94041,40.11055],[-82.94039,40.11053],[-82.94038,40.11051],[-82.94033,40.11047],[-82.94026,40.11041],[-82.94024,40.11039],[-82.94023,40.11038],[-82.94019,40.11037],[-82.94014,40.11037],[-82.94009,40.11032],[-82.94007,40.11028],[-82.94004,40.11025],[-82.94,40.11019],[-82.93994,40.11015],[-82.93973,40.11005],[-82.93966,40.11],[-82.93952,40.10995],[-82.93933,40.10985],[-82.93926,40.10979],[-82.93921,40.10972],[-82.93919,40.10968],[-82.93917,40.10966],[-82.93906,40.1096],[-82.93903,40.10958],[-82.93898,40.1095],[-82.93892,40.10944],[-82.93883,40.1094],[-82.93877,40.10933],[-82.93875,40.10928],[-82.93868,40.10923],[-82.93854,40.10899],[-82.93843,40.10889],[-82.93836,40.10882],[-82.93832,40.10879],[-82.9383,40.10877],[-82.93823,40.10866],[-82.9382,40.10861],[-82.93817,40.10849],[-82.93817,40.10845],[-82.93819,40.10842],[-82.93826,40.10835],[-82.93829,40.10832],[-82.93832,40.1083],[-82.93834,40.10827],[-82.93843,40.10821],[-82.93844,40.10818],[-82.93851,40.10809],[-82.93851,40.10806],[-82.93864,40.10787],[-82.93866,40.10781],[-82.93866,40.10771],[-82.93863,40.10766],[-82.93861,40.10752],[-82.93858,40.10748],[-82.93857,40.10747],[-82.93858,40.10743],[-82.93853,40.10731],[-82.93845,40.10723],[-82.93844,40.10721],[-82.93844,40.10711],[-82.93844,40.10709],[-82.93841,40.10706],[-82.9384,40.10703],[-82.93839,40.10697],[-82.93837,40.10688],[-82.93835,40.10676],[-82.93825,40.10647],[-82.93821,40.1064],[-82.9382,40.10637],[-82.93818,40.10631],[-82.93812,40.10614],[-82.93812,40.10607],[-82.93811,40.10601],[-82.93812,40.10599],[-82.93813,40.10584],[-82.93815,40.10581],[-82.93814,40.10578],[-82.93813,40.10577],[-82.93814,40.10575],[-82.93817,40.10573],[-82.93819,40.10569],[-82.93821,40.10561],[-82.93826,40.1055],[-82.93828,40.10548],[-82.9383,40.10546],[-82.9383,40.10544],[-82.93828,40.10542],[-82.93831,40.10536],[-82.93837,40.10534],[-82.93841,40.10527],[-82.93843,40.10519],[-82.93848,40.1051],[-82.93849,40.10502],[-82.93853,40.10494],[-82.93859,40.10477],[-82.9386,40.10469],[-82.93859,40.10466],[-82.93856,40.10463],[-82.93854,40.10459],[-82.93851,40.10441],[-82.93845,40.10423],[-82.93842,40.10413],[-82.93832,40.10389],[-82.9383,40.1038],[-82.93829,40.10377],[-82.93827,40.10373],[-82.93826,40.10371],[-82.93822,40.10364],[-82.93821,40.1036],[-82.93817,40.10355],[-82.93815,40.10349],[-82.93812,40.10343],[-82.93809,40.10333],[-82.93806,40.10326],[-82.93804,40.10321],[-82.93799,40.10309],[-82.93794,40.103],[-82.9379,40.10287],[-82.93787,40.10275],[-82.93785,40.10268],[-82.93783,40.10265],[-82.93781,40.10263],[-82.93781,40.10255],[-82.93776,40.10252],[-82.93773,40.10252],[-82.93771,40.10248],[-82.93777,40.10245],[-82.93775,40.10243],[-82.9377,40.10243],[-82.93768,40.10242],[-82.93766,40.10236],[-82.9377,40.10235],[-82.93773,40.10235],[-82.93773,40.10233],[-82.9377,40.10228],[-82.93766,40.10225],[-82.93766,40.10223],[-82.93769,40.1022],[-82.93768,40.10218],[-82.93762,40.1022],[-82.93759,40.10216],[-82.93763,40.10213],[-82.93765,40.10216],[-82.93766,40.10214],[-82.93766,40.10211],[-82.93759,40.10196],[-82.93753,40.10173],[-82.93749,40.10166],[-82.93748,40.10164],[-82.93744,40.10158],[-82.93738,40.10152],[-82.93737,40.10151],[-82.93739,40.10143],[-82.93738,40.10132],[-82.93737,40.10125],[-82.93732,40.10114],[-82.9373,40.1011],[-82.93727,40.10103],[-82.93709,40.10061],[-82.93702,40.10054],[-82.93701,40.10049],[-82.93688,40.1003],[-82.93679,40.10018],[-82.93674,40.10015],[-82.93668,40.10009],[-82.93651,40.09985],[-82.93642,40.09976],[-82.93629,40.09957],[-82.93626,40.09956],[-82.93625,40.09959],[-82.93622,40.09961],[-82.93618,40.09961],[-82.93616,40.09964],[-82.9361,40.09963],[-82.936,40.09952],[-82.93586,40.09939],[-82.93582,40.09932],[-82.93578,40.09927],[-82.93569,40.09919],[-82.93567,40.09917],[-82.93565,40.09912],[-82.93562,40.09909],[-82.93544,40.09891],[-82.93536,40.09883],[-82.93532,40.09876],[-82.93529,40.09873],[-82.93519,40.09866],[-82.93517,40.09864],[-82.935,40.09855],[-82.93497,40.09853],[-82.93495,40.09849],[-82.93486,40.09843],[-82.93482,40.09836],[-82.93475,40.09824],[-82.93474,40.09821],[-82.93471,40.09811],[-82.93465,40.09801],[-82.93456,40.09791],[-82.93455,40.09788],[-82.93457,40.09774],[-82.93456,40.0977],[-82.93452,40.09765],[-82.93443,40.0976],[-82.93439,40.09756],[-82.93433,40.09753],[-82.93416,40.09747],[-82.93404,40.09744],[-82.93399,40.09742],[-82.93386,40.09739],[-82.93384,40.09738],[-82.93381,40.09736],[-82.93377,40.09733],[-82.93375,40.09732],[-82.93362,40.09728],[-82.93358,40.09726],[-82.93352,40.09722],[-82.93333,40.09718],[-82.93319,40.09717],[-82.93307,40.09714],[-82.93292,40.09713],[-82.93272,40.09709],[-82.9327,40.09708],[-82.93266,40.09706],[-82.93259,40.09701],[-82.93253,40.09698],[-82.93241,40.09687],[-82.93237,40.09681],[-82.93235,40.09674],[-82.93232,40.09671],[-82.93229,40.0967],[-82.93226,40.09667],[-82.93224,40.09664],[-82.93226,40.09643],[-82.93227,40.09637],[-82.9323,40.09622],[-82.93232,40.09613],[-82.93236,40.09578],[-82.93237,40.09576],[-82.93239,40.09572],[-82.93239,40.09565],[-82.93243,40.09556],[-82.93244,40.0955],[-82.93242,40.09535],[-82.9324,40.0953],[-82.93235,40.09523],[-82.93229,40.09518],[-82.93216,40.09511],[-82.93211,40.09506],[-82.93201,40.09499],[-82.93198,40.09498],[-82.9319,40.09496],[-82.9318,40.0949],[-82.93171,40.09483],[-82.93163,40.0948],[-82.93155,40.09477],[-82.93153,40.09476],[-82.93145,40.09468],[-82.9314,40.09465],[-82.93135,40.09462],[-82.9313,40.09459],[-82.93123,40.09458],[-82.93118,40.09456],[-82.93103,40.09444],[-82.93101,40.09443],[-82.93096,40.09442],[-82.93087,40.09441],[-82.9308,40.09436],[-82.93078,40.09435],[-82.93073,40.09434],[-82.93068,40.09435],[-82.93065,40.09436],[-82.93059,40.09435],[-82.93051,40.09434],[-82.93045,40.0943],[-82.93043,40.09427],[-82.93031,40.09424],[-82.93024,40.09421],[-82.93019,40.09417],[-82.93008,40.094],[-82.93004,40.09392],[-82.93001,40.09387],[-82.92991,40.09379],[-82.92984,40.0937],[-82.92978,40.09364],[-82.92975,40.09361],[-82.9297,40.09355],[-82.92966,40.09352],[-82.9296,40.0935],[-82.92957,40.09349],[-82.92954,40.09349],[-82.92951,40.09351],[-82.92948,40.09349],[-82.92939,40.09339],[-82.92938,40.09335],[-82.92936,40.09327],[-82.92931,40.0932],[-82.9293,40.09317],[-82.92931,40.09312],[-82.92934,40.09303],[-82.92932,40.09295],[-82.92929,40.09289],[-82.92928,40.09283],[-82.92926,40.0928],[-82.92915,40.0927],[-82.92914,40.09268],[-82.9291,40.09263],[-82.92905,40.0926],[-82.9289,40.0925],[-82.92873,40.09239],[-82.92866,40.09236],[-82.92864,40.09234],[-82.92839,40.09215],[-82.92834,40.09209],[-82.92829,40.09204],[-82.92824,40.09195],[-82.92815,40.09189],[-82.92812,40.09188],[-82.92808,40.09186],[-82.92804,40.09184],[-82.92789,40.09184],[-82.92787,40.09184],[-82.92785,40.09184],[-82.92783,40.09181],[-82.92778,40.09181],[-82.92767,40.09178],[-82.92717,40.09178],[-82.92689,40.09177],[-82.92683,40.09176],[-82.92669,40.09173],[-82.92644,40.09166],[-82.92639,40.09164],[-82.92618,40.09159],[-82.92611,40.09157],[-82.92587,40.09152],[-82.92581,40.0915],[-82.92576,40.09148],[-82.92573,40.09148],[-82.92564,40.09143],[-82.92554,40.09138],[-82.92547,40.09134],[-82.92535,40.09129],[-82.92525,40.09125],[-82.92502,40.09117],[-82.92492,40.09112],[-82.92475,40.09101],[-82.92463,40.09089],[-82.92457,40.0908],[-82.92453,40.09073],[-82.92447,40.09056],[-82.92446,40.09049],[-82.92444,40.09041],[-82.92443,40.0903],[-82.9244,40.09013],[-82.92438,40.09003],[-82.92438,40.09],[-82.92444,40.08983],[-82.92452,40.08972],[-82.92458,40.08965],[-82.92462,40.08963],[-82.92468,40.08961],[-82.92474,40.0896],[-82.92478,40.0896],[-82.9248,40.08956],[-82.92482,40.08953],[-82.92499,40.08936],[-82.92511,40.08923],[-82.92515,40.08919],[-82.92517,40.08916],[-82.92518,40.08914],[-82.92524,40.08902],[-82.92527,40.08893],[-82.92527,40.08889],[-82.92525,40.0888],[-82.92525,40.08875],[-82.92529,40.08868],[-82.92533,40.08864],[-82.92534,40.08859],[-82.92535,40.08848],[-82.92532,40.08837],[-82.92528,40.08832],[-82.92527,40.0883],[-82.92525,40.08827],[-82.92521,40.0882],[-82.9252,40.08818],[-82.92511,40.08805],[-82.92509,40.08802],[-82.92503,40.08794],[-82.92499,40.08791],[-82.92486,40.0878],[-82.9247,40.08768],[-82.92463,40.08765],[-82.92457,40.0876],[-82.92451,40.08758],[-82.92444,40.08759],[-82.92441,40.08759],[-82.92439,40.08758],[-82.92428,40.08752],[-82.92422,40.08751],[-82.92404,40.08747],[-82.92383,40.08744],[-82.9236,40.08741],[-82.92346,40.08736],[-82.92342,40.08731],[-82.92332,40.08723],[-82.92323,40.08712],[-82.92321,40.08707],[-82.92314,40.08699],[-82.92299,40.08676],[-82.92293,40.08671],[-82.9229,40.08666],[-82.92283,40.08662],[-82.92277,40.08661],[-82.92269,40.08663],[-82.92265,40.08663],[-82.92257,40.08659],[-82.92255,40.08657],[-82.92257,40.08652],[-82.92259,40.08649],[-82.92264,40.08645],[-82.92267,40.08641],[-82.92265,40.08637],[-82.92261,40.08631],[-82.92241,40.086],[-82.92236,40.08589],[-82.92232,40.08584],[-82.92226,40.08575],[-82.92219,40.08568],[-82.92215,40.08562],[-82.92202,40.08536],[-82.92197,40.08528],[-82.92194,40.08524],[-82.92192,40.08521],[-82.92183,40.0851],[-82.9218,40.08508],[-82.92164,40.08498],[-82.92145,40.08488],[-82.92133,40.08481],[-82.92127,40.08474],[-82.9212,40.08466],[-82.92118,40.08462],[-82.92118,40.08457],[-82.9212,40.08442],[-82.92129,40.08424],[-82.92134,40.08412],[-82.92142,40.084],[-82.92143,40.08397],[-82.9214,40.08391],[-82.9214,40.08387],[-82.92142,40.08378],[-82.92148,40.08368],[-82.9215,40.08366],[-82.92153,40.08364],[-82.92163,40.08361],[-82.92167,40.08361],[-82.92173,40.08363],[-82.92179,40.08362],[-82.92183,40.08362],[-82.92188,40.08361],[-82.922,40.08354],[-82.92205,40.08352],[-82.92207,40.0835],[-82.92214,40.08344],[-82.92217,40.08341],[-82.92224,40.08334],[-82.92231,40.08322],[-82.92233,40.08317],[-82.92233,40.08305],[-82.92232,40.08302],[-82.92232,40.08299],[-82.92219,40.08285],[-82.92217,40.08282],[-82.92213,40.08272],[-82.92212,40.0827],[-82.92209,40.08268],[-82.92206,40.08266],[-82.92202,40.08265],[-82.92198,40.08264],[-82.92185,40.08265],[-82.92181,40.08263],[-82.92179,40.0826],[-82.92176,40.08259],[-82.92172,40.08259],[-82.92164,40.08261],[-82.92161,40.08263],[-82.92157,40.08266],[-82.92153,40.08268],[-82.92147,40.0827],[-82.92142,40.08275],[-82.9214,40.08274],[-82.92133,40.0827],[-82.92132,40.08269],[-82.92127,40.08269],[-82.92118,40.08258],[-82.92113,40.08255],[-82.92103,40.08252],[-82.92092,40.08245],[-82.92087,40.08244],[-82.92069,40.08244],[-82.92058,40.08246],[-82.92045,40.08251],[-82.92025,40.08265],[-82.92019,40.08267],[-82.92014,40.08266],[-82.92011,40.08264],[-82.92,40.08258],[-82.9199,40.08251],[-82.91985,40.08247],[-82.91968,40.08231],[-82.91962,40.0822],[-82.91958,40.08204],[-82.91956,40.08199],[-82.91954,40.08188],[-82.91954,40.08186],[-82.91951,40.0818],[-82.9195,40.08171],[-82.91951,40.08163],[-82.91951,40.08155],[-82.91951,40.08152],[-82.91954,40.08151],[-82.91962,40.08156],[-82.91964,40.08157],[-82.91968,40.08155],[-82.91982,40.08154],[-82.9199,40.08153],[-82.92011,40.08147],[-82.9204,40.08141],[-82.9206,40.08137],[-82.9208,40.08131],[-82.9209,40.08129],[-82.92106,40.08125],[-82.92127,40.08121],[-82.92133,40.08119],[-82.92141,40.08118],[-82.92163,40.08111],[-82.92176,40.08109],[-82.92182,40.08107],[-82.92198,40.08105],[-82.92226,40.08104],[-82.92309,40.08104],[-82.9234,40.08101],[-82.92334,40.081],[-82.92299,40.081],[-82.92275,40.08101],[-82.92207,40.08102],[-82.92175,40.08106],[-82.92161,40.08109],[-82.92145,40.08113],[-82.92075,40.08128],[-82.92057,40.08134],[-82.92019,40.08141],[-82.92013,40.08143],[-82.9199,40.08148],[-82.91977,40.08149],[-82.91972,40.08149],[-82.91965,40.08148],[-82.91963,40.08147],[-82.91963,40.08145],[-82.91959,40.08123],[-82.91956,40.08109],[-82.91956,40.08103],[-82.91953,40.08089],[-82.91952,40.08088],[-82.91949,40.08083],[-82.91944,40.08079],[-82.91935,40.08071],[-82.91931,40.08066],[-82.91926,40.08056],[-82.91924,40.08054],[-82.91916,40.08041],[-82.91906,40.08018],[-82.91902,40.08008],[-82.91897,40.07999],[-82.91893,40.07993],[-82.91892,40.07988],[-82.91888,40.07983],[-82.91887,40.07979],[-82.91884,40.07975],[-82.91879,40.07971],[-82.91872,40.07961],[-82.91866,40.07956],[-82.91862,40.07951],[-82.91854,40.07944],[-82.91851,40.0794],[-82.91846,40.07927],[-82.9184,40.07922],[-82.91836,40.07916],[-82.91835,40.07912],[-82.91833,40.07907],[-82.91834,40.07899],[-82.91831,40.07897],[-82.9183,40.07886],[-82.91833,40.07873],[-82.9184,40.07859],[-82.91856,40.07838],[-82.91871,40.07814],[-82.91881,40.07804],[-82.91886,40.07793],[-82.9189,40.07785],[-82.91897,40.07779],[-82.91904,40.07772],[-82.91911,40.07763],[-82.9192,40.07749],[-82.91922,40.07744],[-82.91931,40.07734],[-82.91936,40.07727],[-82.91942,40.07718],[-82.91959,40.07695],[-82.91965,40.07679],[-82.91978,40.07658],[-82.91981,40.07649],[-82.91982,40.07648],[-82.91986,40.07636],[-82.91995,40.0761],[-82.91996,40.07604],[-82.92002,40.0759],[-82.92006,40.07584],[-82.92013,40.07575],[-82.92023,40.07556],[-82.92031,40.07543],[-82.92042,40.07522],[-82.9205,40.07513],[-82.92056,40.07501],[-82.92058,40.07496],[-82.92064,40.07487],[-82.92093,40.07436],[-82.92097,40.07427],[-82.92104,40.07404],[-82.92105,40.0739],[-82.92109,40.07367],[-82.92113,40.07358],[-82.92122,40.07344],[-82.92129,40.07337],[-82.92133,40.07333],[-82.92136,40.07322],[-82.92145,40.07309],[-82.9215,40.07307],[-82.92157,40.07296],[-82.9216,40.0729],[-82.92163,40.07275],[-82.92165,40.07267],[-82.92169,40.07248],[-82.92173,40.0724],[-82.92175,40.07233],[-82.92182,40.07217],[-82.92186,40.07212],[-82.92195,40.07199],[-82.9221,40.07175],[-82.92212,40.07169],[-82.92214,40.07168],[-82.92218,40.07163],[-82.92219,40.0716],[-82.92222,40.07159],[-82.92227,40.07155],[-82.92232,40.0715],[-82.92236,40.07141],[-82.92238,40.07139],[-82.92242,40.07114],[-82.92242,40.07105],[-82.92241,40.07103],[-82.92241,40.071],[-82.92243,40.07089],[-82.92244,40.07084],[-82.92244,40.07077],[-82.92243,40.07058],[-82.92243,40.07055],[-82.92242,40.07052],[-82.92245,40.07052],[-82.92249,40.07055],[-82.92252,40.07061],[-82.92256,40.07073],[-82.92258,40.07073],[-82.92262,40.0707],[-82.92264,40.07069],[-82.92267,40.07069],[-82.9227,40.07072],[-82.92271,40.07075],[-82.92268,40.07079],[-82.92265,40.07085],[-82.92265,40.0709],[-82.92266,40.07095],[-82.92271,40.07098],[-82.92272,40.07101],[-82.92276,40.07101],[-82.92281,40.07099],[-82.92283,40.07098],[-82.92285,40.07091],[-82.92286,40.07089],[-82.9229,40.07088],[-82.92303,40.07084],[-82.92327,40.0708],[-82.92343,40.07078],[-82.92349,40.07078],[-82.92358,40.07078],[-82.92364,40.07079],[-82.92372,40.07083],[-82.92384,40.07084],[-82.92394,40.07084],[-82.92404,40.07082],[-82.92409,40.0708],[-82.92414,40.07076],[-82.92418,40.07075],[-82.9243,40.07073],[-82.92435,40.07073],[-82.9244,40.07074],[-82.92443,40.07075],[-82.92447,40.07076],[-82.92442,40.07072],[-82.92436,40.0707],[-82.92421,40.07071],[-82.92413,40.07072],[-82.92409,40.07073],[-82.92408,40.07078],[-82.92401,40.07081],[-82.92381,40.0708],[-82.92374,40.07079],[-82.92363,40.07075],[-82.92359,40.07075],[-82.92356,40.07075],[-82.92349,40.07074],[-82.92336,40.07075],[-82.92299,40.0708],[-82.92282,40.07086],[-82.92281,40.07087],[-82.92282,40.07091],[-82.9228,40.07092],[-82.9228,40.07096],[-82.92279,40.07098],[-82.92277,40.07098],[-82.92274,40.07098],[-82.92274,40.07095],[-82.92272,40.07092],[-82.92269,40.0709],[-82.92268,40.07089],[-82.92268,40.07084],[-82.92273,40.07073],[-82.92274,40.07071],[-82.92272,40.07069],[-82.92268,40.07067],[-82.92263,40.07064],[-82.92261,40.07063],[-82.92248,40.07049],[-82.92245,40.07041],[-82.92245,40.07031],[-82.92247,40.07025],[-82.92246,40.07016],[-82.92246,40.07011],[-82.92244,40.0701],[-82.92241,40.0701],[-82.92235,40.07011],[-82.92232,40.0701],[-82.92231,40.07006],[-82.9223,40.07003],[-82.92233,40.06999],[-82.92238,40.06995],[-82.92242,40.07],[-82.92244,40.06999],[-82.92242,40.06995],[-82.92244,40.06993],[-82.92254,40.06988],[-82.92257,40.06982],[-82.92281,40.06954],[-82.92286,40.06948],[-82.92287,40.06945],[-82.92287,40.06941],[-82.92287,40.06938],[-82.9229,40.06934],[-82.92298,40.0693],[-82.923,40.06927],[-82.92302,40.06925],[-82.92308,40.06925],[-82.9231,40.06923],[-82.92311,40.06921],[-82.92312,40.06907],[-82.92313,40.06871],[-82.92314,40.06861],[-82.92312,40.06848],[-82.92312,40.06842],[-82.92314,40.06835],[-82.92314,40.06833],[-82.92317,40.06826],[-82.92317,40.06824],[-82.9232,40.06811],[-82.92324,40.06782],[-82.92323,40.06767],[-82.92321,40.06762],[-82.92321,40.06758],[-82.92322,40.06749],[-82.92332,40.06726],[-82.92333,40.06724],[-82.92338,40.06723],[-82.92341,40.06724],[-82.92343,40.06722],[-82.92344,40.06719],[-82.92346,40.06711],[-82.92347,40.06698],[-82.92348,40.06693],[-82.92358,40.06677],[-82.92359,40.06674],[-82.9236,40.06656],[-82.9236,40.06654],[-82.92355,40.06651],[-82.92353,40.06648],[-82.92354,40.06645],[-82.92357,40.06643],[-82.92359,40.06642],[-82.92356,40.06635],[-82.92354,40.06633],[-82.92347,40.06629],[-82.92346,40.06628],[-82.92346,40.06625],[-82.92347,40.0662],[-82.92346,40.06612],[-82.92344,40.0661],[-82.92344,40.06608],[-82.92345,40.06604],[-82.92343,40.066],[-82.92331,40.06584],[-82.92327,40.06586],[-82.92323,40.06586],[-82.9232,40.06584],[-82.92318,40.06579],[-82.92319,40.06574],[-82.92318,40.06572],[-82.92314,40.0657],[-82.92311,40.06565],[-82.92307,40.06562],[-82.92299,40.06552],[-82.92298,40.06548],[-82.92292,40.06541],[-82.92276,40.06525],[-82.92273,40.06522],[-82.92265,40.06511],[-82.92254,40.06499],[-82.92241,40.06481],[-82.92237,40.06477],[-82.92234,40.0647],[-82.92234,40.06467],[-82.92234,40.06457],[-82.92239,40.06438],[-82.92244,40.06424],[-82.92248,40.06418],[-82.92252,40.06415],[-82.92259,40.06414],[-82.9227,40.06413],[-82.92274,40.06412],[-82.92276,40.06409],[-82.92281,40.06405],[-82.92304,40.06383],[-82.92313,40.06371],[-82.92314,40.0637],[-82.92325,40.06365],[-82.92334,40.06364],[-82.92338,40.06358],[-82.92339,40.06356],[-82.92344,40.06355],[-82.92349,40.06353],[-82.92357,40.06347],[-82.92366,40.06337],[-82.92372,40.06323],[-82.92375,40.06317],[-82.92379,40.0631],[-82.92383,40.06305],[-82.92386,40.06302],[-82.92396,40.06291],[-82.92402,40.06286],[-82.92416,40.0628],[-82.9242,40.06279],[-82.92426,40.06276],[-82.92429,40.06272],[-82.92441,40.06262],[-82.92443,40.06258],[-82.92446,40.06255],[-82.92449,40.0625],[-82.92449,40.06248],[-82.92448,40.06243],[-82.92439,40.06217],[-82.92438,40.06207],[-82.92439,40.06206],[-82.92439,40.06197],[-82.92438,40.06192],[-82.92434,40.06188],[-82.92433,40.06185],[-82.92431,40.06184],[-82.92439,40.06182],[-82.92437,40.0618],[-82.92432,40.0618],[-82.92429,40.06179],[-82.92428,40.06178],[-82.92426,40.06171],[-82.92423,40.06163],[-82.92423,40.06158],[-82.92425,40.06156],[-82.92421,40.0615],[-82.92412,40.06133],[-82.92411,40.06131],[-82.92408,40.06125],[-82.92404,40.0612],[-82.92402,40.06119],[-82.92398,40.0612],[-82.92395,40.06118],[-82.92394,40.06115],[-82.92395,40.0611],[-82.92395,40.06104],[-82.92393,40.06083],[-82.92394,40.06077],[-82.92392,40.06066],[-82.92391,40.06063],[-82.92391,40.06056],[-82.92396,40.06045],[-82.92396,40.06036],[-82.92405,40.06007],[-82.92408,40.05998],[-82.92411,40.0599],[-82.92413,40.05979],[-82.92423,40.05953],[-82.92427,40.05945],[-82.92429,40.05938],[-82.92431,40.05927],[-82.92434,40.05916],[-82.92444,40.05893],[-82.9245,40.05868],[-82.92452,40.0584],[-82.92452,40.05838],[-82.9245,40.05833],[-82.9245,40.05819],[-82.9245,40.05812],[-82.92451,40.05801],[-82.92452,40.05793],[-82.92451,40.0579],[-82.92453,40.0578],[-82.92449,40.05776],[-82.92449,40.05772],[-82.92451,40.05768],[-82.92449,40.05752],[-82.92453,40.05749],[-82.92455,40.05746],[-82.92455,40.05744],[-82.92451,40.05742],[-82.92448,40.05734],[-82.92446,40.05731],[-82.92446,40.05729],[-82.92449,40.0572],[-82.92453,40.05717],[-82.92457,40.05715],[-82.92463,40.05712],[-82.92464,40.05708],[-82.92467,40.05702],[-82.92472,40.05695],[-82.92475,40.0569],[-82.92479,40.0569],[-82.92483,40.05688],[-82.92489,40.05682],[-82.92507,40.05666],[-82.9251,40.05664],[-82.9251,40.0566],[-82.92505,40.05659],[-82.92505,40.05657],[-82.92506,40.05655],[-82.92508,40.05652],[-82.92529,40.05647],[-82.92545,40.05644],[-82.92549,40.05643],[-82.92543,40.05642],[-82.92541,40.0564],[-82.92544,40.05637],[-82.92553,40.05637],[-82.92563,40.0564],[-82.92571,40.05641],[-82.92582,40.05641],[-82.92595,40.0564],[-82.92612,40.05637],[-82.92632,40.05636],[-82.92638,40.05637],[-82.9264,40.05639],[-82.9264,40.05641],[-82.92641,40.05643],[-82.92644,40.05642],[-82.92646,40.05639],[-82.92657,40.05637],[-82.92663,40.05636],[-82.92673,40.05637],[-82.9271,40.05643],[-82.92722,40.05647],[-82.92726,40.05648],[-82.92731,40.05649],[-82.92742,40.05651],[-82.9275,40.05653],[-82.92773,40.05657],[-82.92787,40.05657],[-82.92788,40.05659],[-82.92796,40.0566],[-82.92813,40.0566],[-82.92819,40.05658],[-82.92828,40.05653],[-82.92843,40.05646],[-82.92855,40.05641],[-82.92866,40.05638],[-82.92868,40.05637],[-82.92871,40.05631],[-82.92882,40.05624],[-82.92884,40.05621],[-82.92887,40.0562],[-82.92889,40.05617],[-82.92897,40.0561],[-82.92902,40.05607],[-82.92907,40.056],[-82.92918,40.0559],[-82.92919,40.05588],[-82.92922,40.05587],[-82.92924,40.05582],[-82.92928,40.0558],[-82.92937,40.05566],[-82.92943,40.05561],[-82.92944,40.05557],[-82.92947,40.05553],[-82.92953,40.05542],[-82.92965,40.05529],[-82.92968,40.05521],[-82.92969,40.05518],[-82.92974,40.05512],[-82.92986,40.05493],[-82.92988,40.05483],[-82.92989,40.0548],[-82.92995,40.05472],[-82.92996,40.05469],[-82.92998,40.05446],[-82.92998,40.05444],[-82.93,40.05442],[-82.92997,40.05427],[-82.92998,40.05425],[-82.92997,40.05418],[-82.92994,40.05414],[-82.92994,40.05412],[-82.92994,40.05406],[-82.92988,40.05395],[-82.92985,40.05391],[-82.92986,40.05387],[-82.92984,40.05379],[-82.92982,40.05376],[-82.92981,40.05365],[-82.92981,40.05363],[-82.92978,40.05358],[-82.9297,40.05333],[-82.9297,40.0533],[-82.92973,40.05323],[-82.92973,40.05318],[-82.92972,40.05313],[-82.92975,40.05306],[-82.92975,40.05301],[-82.92975,40.05298],[-82.92977,40.05296],[-82.92981,40.05293],[-82.92985,40.0529],[-82.92988,40.05295],[-82.92982,40.05305],[-82.92982,40.05307],[-82.92984,40.05307],[-82.92988,40.05303],[-82.92989,40.05301],[-82.92989,40.05294],[-82.92993,40.05291],[-82.92996,40.0529],[-82.92999,40.05285],[-82.93002,40.05282],[-82.93004,40.05278],[-82.93008,40.05275],[-82.9301,40.05273],[-82.93013,40.05272],[-82.93015,40.05271],[-82.93015,40.05268],[-82.93019,40.05263],[-82.93021,40.05261],[-82.93024,40.05257],[-82.93028,40.05254],[-82.93034,40.05249],[-82.9304,40.05241],[-82.93045,40.05235],[-82.93048,40.05232],[-82.93052,40.05229],[-82.93053,40.05226],[-82.93056,40.05224],[-82.93058,40.05221],[-82.93061,40.05217],[-82.93071,40.05203],[-82.93073,40.05201],[-82.93074,40.05198],[-82.93079,40.0519],[-82.9308,40.05188],[-82.93082,40.05186],[-82.93083,40.05184],[-82.93091,40.0517],[-82.93097,40.05162],[-82.93103,40.05156],[-82.93108,40.05153],[-82.93109,40.05151],[-82.9311,40.0515],[-82.93116,40.05138],[-82.93119,40.05133],[-82.93125,40.05128],[-82.93128,40.05126],[-82.93135,40.05123],[-82.93144,40.05114],[-82.93152,40.05098],[-82.93155,40.0509],[-82.93157,40.05088],[-82.93164,40.05071],[-82.93163,40.05069],[-82.93161,40.05065],[-82.9316,40.05061],[-82.93161,40.05059],[-82.93165,40.05056],[-82.93165,40.05054],[-82.93164,40.05052],[-82.93161,40.05051],[-82.93156,40.05048],[-82.93151,40.05041],[-82.93152,40.05038],[-82.93156,40.05036],[-82.9316,40.05032],[-82.93165,40.05028],[-82.9317,40.05019],[-82.93168,40.05007],[-82.93168,40.05005],[-82.93165,40.05],[-82.93166,40.04997],[-82.9318,40.04998],[-82.93183,40.04998],[-82.93183,40.04996],[-82.93181,40.04995],[-82.93178,40.04995],[-82.93165,40.0499],[-82.93163,40.04989],[-82.93161,40.04987],[-82.93161,40.04983],[-82.93156,40.04978],[-82.93155,40.04976],[-82.93154,40.04973],[-82.93155,40.04966],[-82.93156,40.04962],[-82.93152,40.04951],[-82.93152,40.04948],[-82.93155,40.04942],[-82.93155,40.0493],[-82.93157,40.0492],[-82.93159,40.04917],[-82.93164,40.04908],[-82.93164,40.04899],[-82.93164,40.0489],[-82.93166,40.04885],[-82.93174,40.04864],[-82.93178,40.04858],[-82.93183,40.04853],[-82.93184,40.04851],[-82.93182,40.0485],[-82.93176,40.0485],[-82.93173,40.04849],[-82.93172,40.04847],[-82.93174,40.04841],[-82.93176,40.04837],[-82.93183,40.04831],[-82.93184,40.04828],[-82.93183,40.04826],[-82.93181,40.04822],[-82.9318,40.0482],[-82.93184,40.04812],[-82.93184,40.04802],[-82.93182,40.04797],[-82.93182,40.04793],[-82.93181,40.04789],[-82.93175,40.04781],[-82.93173,40.04778],[-82.93172,40.04776],[-82.93175,40.04772],[-82.93174,40.04767],[-82.93171,40.04763],[-82.93171,40.04762],[-82.93177,40.04761],[-82.93177,40.04759],[-82.93175,40.04752],[-82.93169,40.04743],[-82.93167,40.04736],[-82.93166,40.04727],[-82.93166,40.04725],[-82.93166,40.04723],[-82.93171,40.04711],[-82.93174,40.04698],[-82.93176,40.04688],[-82.93187,40.04661],[-82.93189,40.04658],[-82.9319,40.04654],[-82.93196,40.04646],[-82.932,40.04637],[-82.93206,40.04631],[-82.93207,40.04626],[-82.93212,40.0462],[-82.93215,40.04615],[-82.93217,40.04613],[-82.93222,40.04609],[-82.93227,40.04603],[-82.93235,40.04597],[-82.93239,40.04591],[-82.93243,40.04575],[-82.93246,40.04571],[-82.93247,40.04563],[-82.93249,40.0456],[-82.93253,40.04554],[-82.93255,40.04549],[-82.93259,40.04543],[-82.93267,40.04528],[-82.93269,40.04517],[-82.93269,40.04512],[-82.93271,40.04508],[-82.93273,40.04504],[-82.93281,40.04483],[-82.93281,40.04478],[-82.93282,40.04476],[-82.93286,40.04472],[-82.93293,40.04463],[-82.93296,40.04459],[-82.933,40.04451],[-82.93306,40.04443],[-82.93308,40.04437],[-82.93312,40.04419],[-82.93317,40.044],[-82.93321,40.04386],[-82.93322,40.04374],[-82.93321,40.04365],[-82.93323,40.04358],[-82.93322,40.04356],[-82.93321,40.04355],[-82.93319,40.04354],[-82.93315,40.04354],[-82.93313,40.04353],[-82.93314,40.04351],[-82.93315,40.04348],[-82.93315,40.04343],[-82.93319,40.04338],[-82.9332,40.04335],[-82.9332,40.04332],[-82.9332,40.04322],[-82.93322,40.04308],[-82.93326,40.043],[-82.93343,40.04274],[-82.93344,40.04271],[-82.93349,40.04266],[-82.93366,40.04236],[-82.93375,40.04219],[-82.93386,40.04205],[-82.93397,40.04192],[-82.93411,40.04174],[-82.93415,40.04171],[-82.93417,40.04169],[-82.93422,40.04163],[-82.93429,40.04156],[-82.93436,40.04147],[-82.93438,40.04143],[-82.93441,40.04142],[-82.93445,40.04142],[-82.93447,40.04141],[-82.93451,40.04138],[-82.93453,40.04134],[-82.93452,40.04128],[-82.9345,40.04118],[-82.93445,40.04108],[-82.93441,40.04101],[-82.93432,40.04092],[-82.93426,40.04087],[-82.93422,40.04085],[-82.93419,40.04085],[-82.93415,40.04084],[-82.93411,40.04083],[-82.93403,40.04076],[-82.93396,40.0407],[-82.93383,40.04063],[-82.93374,40.04054],[-82.93365,40.04047],[-82.93354,40.04034],[-82.93347,40.04027],[-82.93337,40.0402],[-82.93327,40.04014],[-82.93318,40.04003],[-82.93314,40.03999],[-82.93305,40.03995],[-82.933,40.03992],[-82.93294,40.03982],[-82.93291,40.03974],[-82.93289,40.03963],[-82.93285,40.03953],[-82.93285,40.0395],[-82.93289,40.03944],[-82.93287,40.03936],[-82.9328,40.03918],[-82.93269,40.03898],[-82.93262,40.03878],[-82.93244,40.03847],[-82.9324,40.03837],[-82.9322,40.03804],[-82.93217,40.03792],[-82.93212,40.03784],[-82.9321,40.03781],[-82.93211,40.03777],[-82.93211,40.03775],[-82.93211,40.03772],[-82.93213,40.03766],[-82.93213,40.03763],[-82.93212,40.03757],[-82.93209,40.03749],[-82.93204,40.03736],[-82.93204,40.0373],[-82.93206,40.03709],[-82.93208,40.03704],[-82.93211,40.03699],[-82.93219,40.03692],[-82.93234,40.03683],[-82.9324,40.03677],[-82.93249,40.03671],[-82.93256,40.03666],[-82.9327,40.03658],[-82.93283,40.03646],[-82.93288,40.03642],[-82.93297,40.03634],[-82.93301,40.0363],[-82.93305,40.03623],[-82.93309,40.03611],[-82.93311,40.036],[-82.93317,40.03589],[-82.93317,40.03582],[-82.93325,40.03575],[-82.9334,40.03558],[-82.93344,40.0355],[-82.93344,40.03546],[-82.93347,40.0354],[-82.9335,40.03535],[-82.93361,40.03528],[-82.9337,40.03516],[-82.93381,40.03501],[-82.93385,40.03494],[-82.93388,40.03491],[-82.93395,40.03479],[-82.93397,40.03474],[-82.93397,40.03465],[-82.93397,40.03463],[-82.93399,40.03454],[-82.93404,40.03435],[-82.93406,40.03415],[-82.93404,40.03407],[-82.93403,40.03402],[-82.934,40.0339],[-82.93397,40.03374],[-82.93392,40.03358],[-82.93391,40.03355],[-82.93385,40.03333],[-82.93384,40.03331],[-82.93382,40.0333],[-82.93373,40.03331],[-82.93368,40.0333],[-82.93363,40.03328],[-82.93356,40.03323],[-82.93356,40.03321],[-82.9336,40.03321],[-82.93373,40.03323],[-82.93384,40.03326],[-82.93384,40.03324],[-82.93386,40.03323],[-82.93391,40.03324],[-82.93393,40.03322],[-82.93395,40.03319],[-82.93396,40.03313],[-82.93395,40.03302],[-82.93394,40.033],[-82.93392,40.03303],[-82.93391,40.03306],[-82.93393,40.03314],[-82.93393,40.03317],[-82.93392,40.03319],[-82.93389,40.0332],[-82.93384,40.03319],[-82.93364,40.03317],[-82.9336,40.03315],[-82.93358,40.03313],[-82.93356,40.0331],[-82.93356,40.033],[-82.93366,40.0328],[-82.9337,40.03256],[-82.93374,40.0322],[-82.93377,40.03211],[-82.93378,40.03203],[-82.93378,40.03183],[-82.93373,40.03165],[-82.93374,40.03158],[-82.93375,40.03137],[-82.93378,40.03128],[-82.93382,40.03103],[-82.93382,40.03095],[-82.93383,40.0309],[-82.93384,40.03087],[-82.93388,40.0308],[-82.93391,40.03077],[-82.93393,40.03077],[-82.93395,40.03079],[-82.93398,40.03079],[-82.93398,40.03077],[-82.93399,40.03072],[-82.93402,40.03068],[-82.93412,40.03053],[-82.93433,40.03031],[-82.93446,40.03021],[-82.93466,40.03004],[-82.93479,40.02995],[-82.9349,40.02989],[-82.93503,40.0298],[-82.93514,40.02974],[-82.93524,40.02967],[-82.93534,40.02958],[-82.93545,40.0295],[-82.93555,40.02943],[-82.93561,40.02939],[-82.93568,40.02934],[-82.93569,40.02931],[-82.93569,40.02923],[-82.93568,40.02914],[-82.93569,40.02912],[-82.93572,40.02909],[-82.93573,40.02908],[-82.93573,40.029],[-82.93575,40.02896],[-82.93576,40.02891],[-82.93574,40.0287],[-82.9357,40.0286],[-82.93557,40.02843],[-82.93555,40.02836],[-82.93555,40.02831],[-82.93552,40.02827],[-82.93545,40.02822],[-82.93538,40.02814],[-82.93523,40.02802],[-82.93516,40.02799],[-82.93511,40.02795],[-82.93504,40.02785],[-82.93483,40.02765],[-82.93479,40.02759],[-82.93478,40.02755],[-82.93479,40.02748],[-82.93482,40.02742],[-82.93486,40.02739],[-82.93511,40.02725],[-82.93528,40.02718],[-82.93543,40.0271],[-82.93557,40.02701],[-82.93561,40.02699],[-82.93576,40.02691],[-82.93598,40.02685],[-82.93625,40.02673],[-82.93634,40.02667],[-82.93638,40.02662],[-82.9364,40.02658],[-82.93645,40.02652],[-82.93647,40.02646],[-82.93652,40.02635],[-82.93657,40.02624],[-82.9366,40.02613],[-82.93661,40.02601],[-82.9366,40.02596],[-82.93657,40.0259],[-82.9363,40.02564],[-82.93621,40.02554],[-82.93617,40.02552],[-82.93609,40.02545],[-82.93605,40.02541],[-82.93593,40.02523],[-82.93584,40.02515],[-82.9358,40.02508],[-82.93576,40.02502],[-82.93573,40.02495],[-82.93572,40.02487],[-82.93571,40.02484],[-82.9357,40.02473],[-82.93572,40.0247],[-82.93577,40.02465],[-82.93604,40.02446],[-82.93612,40.02442],[-82.93628,40.02437],[-82.9364,40.02435],[-82.93653,40.02429],[-82.93664,40.02422],[-82.93667,40.02419],[-82.9368,40.02412],[-82.93696,40.02402],[-82.93701,40.024],[-82.93705,40.02397],[-82.93714,40.02392],[-82.93722,40.02385],[-82.93726,40.02384],[-82.93735,40.02377],[-82.93738,40.02375],[-82.9374,40.02373],[-82.93771,40.02354],[-82.93773,40.02353],[-82.93776,40.02351],[-82.93778,40.02348],[-82.93785,40.02344],[-82.93789,40.02339],[-82.9379,40.02336],[-82.93793,40.02333],[-82.93794,40.0233],[-82.93799,40.02322],[-82.93802,40.0232],[-82.93811,40.02301],[-82.93819,40.02287],[-82.9382,40.02278],[-82.93822,40.02275],[-82.93822,40.02271],[-82.93822,40.02249],[-82.93825,40.02239],[-82.9383,40.02228],[-82.93831,40.02225],[-82.93833,40.02211],[-82.93837,40.02201],[-82.93837,40.02198],[-82.93841,40.02192],[-82.93843,40.02186],[-82.93848,40.02176],[-82.93853,40.02164],[-82.93854,40.02161],[-82.93855,40.02158],[-82.93869,40.02138],[-82.9387,40.02134],[-82.93877,40.02122],[-82.93879,40.02119],[-82.93891,40.02106],[-82.93901,40.02088],[-82.93905,40.02084],[-82.9391,40.02076],[-82.93911,40.02075],[-82.93916,40.02068],[-82.9392,40.02063],[-82.93928,40.02051],[-82.93948,40.02026],[-82.93949,40.02023],[-82.93968,40.02005],[-82.9397,40.02004],[-82.93972,40.02006],[-82.93975,40.02007],[-82.93977,40.02009],[-82.93985,40.02015],[-82.93987,40.02017],[-82.93991,40.02019],[-82.93998,40.02023],[-82.94004,40.02019],[-82.94008,40.02018],[-82.94013,40.0202],[-82.94011,40.02017],[-82.94006,40.02016],[-82.94001,40.02015],[-82.93994,40.02013],[-82.93987,40.02007],[-82.93985,40.02004],[-82.93984,40.02002],[-82.93983,40.01998],[-82.93984,40.01995],[-82.93985,40.01992],[-82.93988,40.0199],[-82.9399,40.01989],[-82.93992,40.01991],[-82.93993,40.01988],[-82.93998,40.01986],[-82.94,40.01983],[-82.94003,40.01982],[-82.94006,40.01979],[-82.9401,40.01979],[-82.94014,40.01975],[-82.94015,40.01974],[-82.94034,40.01958],[-82.94041,40.01949],[-82.94043,40.01946],[-82.94047,40.01938],[-82.94049,40.01932],[-82.94048,40.01922],[-82.94046,40.01918],[-82.94045,40.01912],[-82.94041,40.01905],[-82.94041,40.019],[-82.94039,40.01897],[-82.94036,40.01895],[-82.94035,40.01893],[-82.94034,40.01889],[-82.94031,40.01887],[-82.94028,40.01877],[-82.94027,40.01866],[-82.94026,40.01862],[-82.94024,40.01854],[-82.94024,40.01848],[-82.94021,40.01833],[-82.94022,40.01827],[-82.94021,40.01824],[-82.94018,40.01817],[-82.94013,40.01809],[-82.94009,40.01805],[-82.94009,40.01801],[-82.9401,40.01797],[-82.94011,40.01795],[-82.94014,40.01793],[-82.94016,40.01795],[-82.94017,40.01797],[-82.94018,40.01805],[-82.94018,40.01807],[-82.94021,40.01805],[-82.94023,40.01803],[-82.94024,40.018],[-82.94017,40.0176],[-82.94014,40.01731],[-82.94013,40.01715],[-82.94011,40.01711],[-82.94011,40.01708],[-82.94011,40.01703],[-82.94009,40.01699],[-82.94007,40.01698],[-82.94003,40.01696],[-82.94004,40.01692],[-82.94008,40.01696],[-82.94008,40.01694],[-82.94009,40.01692],[-82.94007,40.01686],[-82.94007,40.01678],[-82.94006,40.01674],[-82.94003,40.01669],[-82.94003,40.01664],[-82.93995,40.01643],[-82.93994,40.01632],[-82.93992,40.01628],[-82.93987,40.01622],[-82.93982,40.016],[-82.93982,40.01597],[-82.93981,40.01594],[-82.93978,40.0159],[-82.93975,40.0158],[-82.93974,40.01575],[-82.93968,40.01555],[-82.93966,40.01553],[-82.93961,40.01547],[-82.93958,40.01542],[-82.93949,40.01534],[-82.93946,40.01533],[-82.93939,40.01528],[-82.93939,40.01525],[-82.93935,40.01521],[-82.93926,40.01508],[-82.93923,40.01505],[-82.93919,40.01499],[-82.93915,40.01494],[-82.93912,40.01488],[-82.93908,40.01482],[-82.93905,40.01481],[-82.93902,40.01479],[-82.93894,40.01472],[-82.9387,40.01454],[-82.93868,40.01453],[-82.93862,40.01448],[-82.93859,40.01446],[-82.93851,40.01441],[-82.93846,40.01435],[-82.93838,40.01429],[-82.93833,40.01424],[-82.93829,40.01423],[-82.93825,40.01421],[-82.93823,40.01417],[-82.93816,40.01411],[-82.9381,40.01408],[-82.93806,40.01401],[-82.93801,40.01397],[-82.9379,40.01387],[-82.93784,40.01381],[-82.93778,40.01376],[-82.93776,40.01374],[-82.93774,40.01371],[-82.93774,40.01368],[-82.93766,40.01358],[-82.9375,40.01345],[-82.93742,40.0134],[-82.93733,40.01336],[-82.93722,40.01327],[-82.93703,40.0131],[-82.9369,40.01297],[-82.93685,40.01295],[-82.93681,40.01292],[-82.93677,40.01289],[-82.93675,40.01285],[-82.93669,40.01277],[-82.93654,40.01261],[-82.93651,40.01256],[-82.93647,40.01252],[-82.93643,40.01247],[-82.93617,40.01204],[-82.93614,40.01194],[-82.93611,40.01189],[-82.93606,40.01179],[-82.936,40.01174],[-82.93596,40.01164],[-82.93591,40.01152],[-82.93588,40.0114],[-82.93588,40.01123],[-82.93589,40.01109],[-82.93587,40.01089],[-82.93587,40.01087],[-82.93583,40.01073],[-82.93575,40.01044],[-82.93573,40.0103],[-82.93569,40.01016],[-82.93566,40.01009],[-82.93543,40.0098],[-82.93535,40.00973],[-82.93526,40.00968],[-82.93516,40.00964],[-82.93501,40.0096],[-82.93499,40.00967],[-82.93498,40.00969],[-82.93498,40.0097],[-82.93497,40.00972],[-82.93497,40.00973],[-82.93503,40.00975],[-82.93509,40.00978],[-82.93516,40.00983],[-82.93522,40.00987],[-82.93526,40.00991],[-82.93535,40.01004],[-82.93546,40.01025],[-82.93548,40.01027],[-82.93551,40.01028],[-82.93553,40.0103],[-82.93555,40.01034],[-82.93557,40.01046],[-82.93561,40.01056],[-82.93567,40.01069],[-82.93571,40.01082],[-82.93571,40.0112],[-82.93572,40.01137],[-82.93573,40.01141],[-82.93576,40.01146],[-82.9358,40.01155],[-82.9358,40.0116],[-82.93582,40.01169],[-82.93583,40.01183],[-82.93585,40.0119],[-82.9361,40.01238],[-82.93619,40.01252],[-82.93642,40.0128],[-82.93664,40.01303],[-82.93675,40.01312],[-82.93691,40.01326],[-82.93704,40.01335],[-82.93717,40.01345],[-82.93725,40.01355],[-82.93734,40.01363],[-82.93753,40.0138],[-82.93757,40.01386],[-82.9377,40.01395],[-82.9378,40.01404],[-82.93789,40.0141],[-82.93793,40.01417],[-82.93796,40.0142],[-82.93797,40.01423],[-82.93803,40.01428],[-82.93809,40.01431],[-82.93816,40.01437],[-82.93824,40.01443],[-82.93827,40.01446],[-82.93833,40.01449],[-82.93845,40.01456],[-82.93848,40.01458],[-82.9385,40.0146],[-82.93852,40.01465],[-82.9386,40.01469],[-82.93862,40.01472],[-82.93865,40.01476],[-82.93869,40.01478],[-82.93877,40.01481],[-82.9388,40.01482],[-82.93884,40.01486],[-82.93891,40.01493],[-82.93893,40.01494],[-82.93895,40.01495],[-82.93898,40.015],[-82.93899,40.01503],[-82.93898,40.01507],[-82.93899,40.01509],[-82.93905,40.01511],[-82.93907,40.01512],[-82.93908,40.01516],[-82.93908,40.0152],[-82.9391,40.01526],[-82.93912,40.01528],[-82.93915,40.0153],[-82.93923,40.01537],[-82.93931,40.01549],[-82.93936,40.01564],[-82.93939,40.01567],[-82.9394,40.01577],[-82.93941,40.0158],[-82.93943,40.01581],[-82.93947,40.01582],[-82.93953,40.01586],[-82.93956,40.01592],[-82.93959,40.01594],[-82.9396,40.01596],[-82.93964,40.01604],[-82.93964,40.01606],[-82.93963,40.01614],[-82.93962,40.01618],[-82.93966,40.01619],[-82.93968,40.01621],[-82.93969,40.01631],[-82.93965,40.0163],[-82.93959,40.01625],[-82.93957,40.01629],[-82.93957,40.01633],[-82.93959,40.01638],[-82.93964,40.01644],[-82.9397,40.01642],[-82.93974,40.01642],[-82.93972,40.01636],[-82.93967,40.01638],[-82.93966,40.01637],[-82.93969,40.01634],[-82.93973,40.01633],[-82.93977,40.01641],[-82.93979,40.01637],[-82.93978,40.01634],[-82.93982,40.01634],[-82.93983,40.01646],[-82.93983,40.01651],[-82.9398,40.01665],[-82.93979,40.01668],[-82.93978,40.01677],[-82.93981,40.0168],[-82.93983,40.01683],[-82.93983,40.01689],[-82.93982,40.01692],[-82.93982,40.01695],[-82.93983,40.01699],[-82.93983,40.01702],[-82.93983,40.01705],[-82.93983,40.01708],[-82.93986,40.01715],[-82.93987,40.01723],[-82.93987,40.01736],[-82.93989,40.0174],[-82.9399,40.01743],[-82.93988,40.01745],[-82.93987,40.0175],[-82.93987,40.0176],[-82.93988,40.0177],[-82.93991,40.01776],[-82.93993,40.01786],[-82.93992,40.01797],[-82.93993,40.01802],[-82.93994,40.01804],[-82.93997,40.01807],[-82.93998,40.0181],[-82.94,40.01824],[-82.94001,40.01836],[-82.94009,40.01849],[-82.94016,40.01867],[-82.94011,40.01865],[-82.94007,40.0186],[-82.94004,40.01862],[-82.94001,40.01869],[-82.94002,40.01873],[-82.9401,40.01885],[-82.94015,40.01894],[-82.94022,40.01905],[-82.94023,40.01911],[-82.94018,40.01917],[-82.94017,40.0192],[-82.94016,40.01924],[-82.94004,40.01934],[-82.94001,40.01941],[-82.93998,40.01945],[-82.93995,40.01949],[-82.93986,40.01958],[-82.93985,40.01961],[-82.9399,40.01959],[-82.93992,40.01958],[-82.93996,40.01954],[-82.94001,40.01949],[-82.94006,40.01945],[-82.94014,40.0194],[-82.94002,40.01953],[-82.93992,40.01964],[-82.93988,40.01966],[-82.93985,40.0197],[-82.93981,40.01973],[-82.93977,40.01974],[-82.93975,40.01977],[-82.93964,40.01987],[-82.93961,40.01988],[-82.93953,40.01987],[-82.93951,40.01986],[-82.93949,40.01986],[-82.93947,40.01987],[-82.93943,40.01989],[-82.93923,40.0201],[-82.93914,40.02021],[-82.93906,40.0203],[-82.9388,40.02066],[-82.93869,40.02083],[-82.93862,40.02089],[-82.93848,40.02109],[-82.93837,40.0213],[-82.93834,40.02135],[-82.93831,40.02139],[-82.93829,40.02145],[-82.93827,40.02148],[-82.93825,40.02149],[-82.93824,40.02154],[-82.93823,40.02158],[-82.93821,40.02162],[-82.93815,40.02171],[-82.93808,40.02188],[-82.93804,40.02194],[-82.938,40.02204],[-82.938,40.02206],[-82.93801,40.02211],[-82.938,40.02218],[-82.938,40.02224],[-82.93799,40.02232],[-82.93799,40.02236],[-82.93799,40.02245],[-82.93798,40.02249],[-82.93798,40.02251],[-82.938,40.02261],[-82.93798,40.02268],[-82.93795,40.02274],[-82.93797,40.0228],[-82.93792,40.02286],[-82.93791,40.0229],[-82.9379,40.02293],[-82.93788,40.02299],[-82.93784,40.02304],[-82.9378,40.0231],[-82.93777,40.02313],[-82.93775,40.02316],[-82.93774,40.02319],[-82.93771,40.02322],[-82.9375,40.02337],[-82.9374,40.02343],[-82.93733,40.02348],[-82.93728,40.02351],[-82.93711,40.02362],[-82.93705,40.02365],[-82.937,40.02368],[-82.937,40.02371],[-82.93699,40.02374],[-82.93697,40.02375],[-82.93692,40.02374],[-82.93688,40.02374],[-82.93685,40.02376],[-82.93677,40.02381],[-82.9367,40.02385],[-82.93666,40.02388],[-82.93664,40.02391],[-82.93666,40.02394],[-82.93665,40.02396],[-82.93662,40.02399],[-82.9366,40.02402],[-82.93647,40.02408],[-82.93645,40.0241],[-82.93652,40.02408],[-82.93663,40.02404],[-82.93665,40.02404],[-82.93662,40.02408],[-82.93651,40.02416],[-82.93646,40.0242],[-82.93643,40.0242],[-82.9364,40.02419],[-82.93641,40.02418],[-82.93639,40.02417],[-82.93636,40.02417],[-82.93629,40.02418],[-82.93622,40.0242],[-82.93618,40.02421],[-82.93619,40.0242],[-82.93627,40.02414],[-82.93622,40.02415],[-82.93615,40.02417],[-82.93609,40.02419],[-82.93606,40.0242],[-82.93603,40.0242],[-82.93592,40.02429],[-82.93579,40.02442],[-82.93568,40.02455],[-82.9356,40.02461],[-82.93553,40.02465],[-82.9355,40.02466],[-82.93548,40.02471],[-82.93547,40.02483],[-82.93547,40.02486],[-82.93547,40.02492],[-82.93551,40.02505],[-82.93556,40.02517],[-82.93562,40.02527],[-82.9357,40.02533],[-82.93592,40.02555],[-82.93597,40.02563],[-82.93608,40.02573],[-82.93614,40.02578],[-82.9362,40.02581],[-82.93626,40.02583],[-82.93632,40.02586],[-82.93634,40.02587],[-82.93639,40.02592],[-82.93641,40.02602],[-82.93641,40.02608],[-82.93641,40.0261],[-82.9364,40.02616],[-82.93634,40.02633],[-82.93631,40.0264],[-82.93622,40.02649],[-82.93616,40.02655],[-82.93607,40.0266],[-82.93587,40.0267],[-82.93582,40.02673],[-82.93552,40.02685],[-82.9353,40.02693],[-82.93518,40.02698],[-82.93512,40.02703],[-82.93493,40.02715],[-82.93483,40.02723],[-82.93466,40.02734],[-82.93458,40.02742],[-82.93454,40.02749],[-82.93453,40.02753],[-82.93453,40.02758],[-82.93461,40.02776],[-82.93466,40.02784],[-82.93472,40.0279],[-82.93477,40.02795],[-82.93503,40.02811],[-82.93515,40.02819],[-82.93522,40.02826],[-82.93547,40.02853],[-82.93554,40.02862],[-82.93558,40.02872],[-82.93559,40.02877],[-82.93559,40.02884],[-82.93555,40.02899],[-82.9355,40.0291],[-82.93538,40.02927],[-82.93534,40.02931],[-82.93527,40.02936],[-82.93513,40.02943],[-82.93501,40.02949],[-82.93508,40.02947],[-82.93522,40.0294],[-82.93525,40.0294],[-82.93526,40.02941],[-82.93525,40.02946],[-82.93522,40.0295],[-82.93513,40.0296],[-82.93497,40.02972],[-82.93494,40.02974],[-82.9349,40.02975],[-82.93486,40.02974],[-82.9348,40.02974],[-82.93472,40.02976],[-82.93466,40.02978],[-82.93448,40.02988],[-82.93445,40.02991],[-82.93454,40.02989],[-82.93457,40.02988],[-82.93458,40.0299],[-82.93456,40.02991],[-82.93452,40.02997],[-82.93448,40.03007],[-82.93446,40.03011],[-82.93441,40.03016],[-82.93437,40.03017],[-82.93435,40.03015],[-82.93436,40.03012],[-82.93436,40.03009],[-82.93434,40.03007],[-82.93435,40.03005],[-82.93437,40.03002],[-82.93441,40.03],[-82.93443,40.02998],[-82.93439,40.02997],[-82.93436,40.02997],[-82.9343,40.03],[-82.93418,40.03011],[-82.93414,40.03015],[-82.93411,40.03023],[-82.93401,40.0304],[-82.93381,40.03068],[-82.93366,40.03078],[-82.93363,40.03082],[-82.93361,40.03087],[-82.9336,40.0309],[-82.9336,40.03092],[-82.93361,40.03105],[-82.93359,40.03129],[-82.93356,40.03144],[-82.93354,40.03169],[-82.93354,40.03181],[-82.93354,40.03193],[-82.93351,40.0321],[-82.93351,40.03214],[-82.93355,40.03223],[-82.93356,40.03228],[-82.93355,40.03234],[-82.93353,40.03241],[-82.9335,40.03252],[-82.93348,40.03263],[-82.93349,40.03271],[-82.93349,40.0328],[-82.93348,40.03291],[-82.93347,40.03303],[-82.93349,40.03322],[-82.9335,40.03327],[-82.93357,40.03334],[-82.93367,40.03349],[-82.93369,40.03355],[-82.93372,40.0336],[-82.93373,40.03363],[-82.93377,40.03381],[-82.93379,40.03399],[-82.93378,40.03412],[-82.93378,40.03435],[-82.93376,40.03447],[-82.93368,40.03467],[-82.93367,40.03473],[-82.93371,40.03469],[-82.93372,40.0346],[-82.93384,40.03448],[-82.93385,40.0345],[-82.93386,40.03454],[-82.93383,40.03463],[-82.93378,40.03473],[-82.93373,40.03482],[-82.9336,40.03496],[-82.93357,40.03499],[-82.93332,40.03531],[-82.93319,40.03549],[-82.93305,40.03564],[-82.93299,40.03574],[-82.93296,40.03578],[-82.93293,40.03585],[-82.9329,40.03592],[-82.9329,40.036],[-82.93292,40.03605],[-82.93291,40.03609],[-82.93286,40.03614],[-82.93278,40.03621],[-82.93271,40.03626],[-82.93266,40.03629],[-82.93261,40.03633],[-82.93256,40.03642],[-82.93247,40.0365],[-82.93241,40.03659],[-82.93236,40.03663],[-82.93228,40.03667],[-82.9322,40.03673],[-82.93206,40.03684],[-82.93199,40.0369],[-82.93195,40.03694],[-82.93193,40.03698],[-82.93191,40.03708],[-82.93189,40.03711],[-82.93186,40.03711],[-82.93184,40.03712],[-82.9318,40.03718],[-82.93176,40.03735],[-82.93176,40.03744],[-82.93177,40.03749],[-82.93179,40.03751],[-82.93182,40.03751],[-82.93185,40.03747],[-82.93187,40.03748],[-82.9319,40.03749],[-82.93193,40.03752],[-82.93195,40.03756],[-82.93195,40.03759],[-82.93195,40.03761],[-82.93193,40.03763],[-82.93186,40.03767],[-82.93184,40.03766],[-82.93184,40.03769],[-82.93184,40.03777],[-82.93186,40.03788],[-82.93189,40.03796],[-82.93191,40.03801],[-82.93196,40.03814],[-82.93201,40.03822],[-82.93206,40.03827],[-82.93227,40.03857],[-82.93233,40.03875],[-82.93232,40.03877],[-82.93228,40.03878],[-82.93228,40.0388],[-82.93229,40.03882],[-82.93231,40.03883],[-82.93237,40.03881],[-82.9324,40.03881],[-82.93241,40.03883],[-82.93243,40.03884],[-82.93244,40.03887],[-82.93246,40.03895],[-82.93251,40.03905],[-82.93252,40.03911],[-82.93251,40.03918],[-82.9325,40.03926],[-82.93252,40.03931],[-82.93256,40.0394],[-82.93259,40.03948],[-82.93271,40.03974],[-82.93275,40.03988],[-82.93279,40.04],[-82.93288,40.04013],[-82.93296,40.04023],[-82.93312,40.04034],[-82.93326,40.04046],[-82.93339,40.04054],[-82.93358,40.04068],[-82.93367,40.04074],[-82.93385,40.04088],[-82.93396,40.04094],[-82.934,40.04094],[-82.93419,40.04107],[-82.93424,40.04112],[-82.93427,40.04116],[-82.93428,40.04122],[-82.93428,40.04126],[-82.93425,40.04129],[-82.93419,40.04133],[-82.93398,40.04158],[-82.93384,40.04169],[-82.93383,40.0417],[-82.93376,40.04179],[-82.93373,40.04185],[-82.93366,40.042],[-82.93358,40.04214],[-82.93355,40.0422],[-82.93349,40.04225],[-82.93348,40.04227],[-82.93334,40.04247],[-82.93323,40.04264],[-82.9332,40.04274],[-82.93316,40.04279],[-82.9331,40.04286],[-82.93308,40.04294],[-82.93305,40.04301],[-82.93298,40.0431],[-82.93296,40.04315],[-82.93296,40.04319],[-82.93295,40.04322],[-82.93293,40.04332],[-82.93293,40.0434],[-82.93295,40.04351],[-82.93296,40.04355],[-82.933,40.04366],[-82.93299,40.04379],[-82.93295,40.04392],[-82.93292,40.04407],[-82.9329,40.04416],[-82.93287,40.04428],[-82.93284,40.04434],[-82.93273,40.0445],[-82.93263,40.04463],[-82.93248,40.04489],[-82.93243,40.04497],[-82.93239,40.04507],[-82.93238,40.04513],[-82.93239,40.04515],[-82.93241,40.04519],[-82.93241,40.04529],[-82.93233,40.04547],[-82.93226,40.04556],[-82.93222,40.04564],[-82.93219,40.04569],[-82.93218,40.04572],[-82.9322,40.04574],[-82.93222,40.04573],[-82.93224,40.0457],[-82.93226,40.04569],[-82.93231,40.04571],[-82.93232,40.04573],[-82.93231,40.04577],[-82.93227,40.04582],[-82.93215,40.04588],[-82.93211,40.04591],[-82.93205,40.04592],[-82.93203,40.04593],[-82.93198,40.04601],[-82.93196,40.04605],[-82.93186,40.04617],[-82.93184,40.04624],[-82.93179,40.04631],[-82.93175,40.04637],[-82.93174,40.04638],[-82.93169,40.04647],[-82.93165,40.04656],[-82.93165,40.04662],[-82.93164,40.04666],[-82.9316,40.04671],[-82.93157,40.04679],[-82.93155,40.04682],[-82.93152,40.04685],[-82.93151,40.04687],[-82.93149,40.04694],[-82.9315,40.04697],[-82.93151,40.047],[-82.93152,40.04702],[-82.93149,40.0471],[-82.93148,40.04712],[-82.93148,40.04714],[-82.9315,40.04715],[-82.93151,40.04717],[-82.93148,40.04724],[-82.93148,40.04726],[-82.93153,40.04731],[-82.93153,40.04737],[-82.93152,40.04745],[-82.93149,40.04747],[-82.93151,40.04755],[-82.93152,40.04759],[-82.93154,40.04767],[-82.93156,40.0478],[-82.93159,40.04785],[-82.93159,40.04795],[-82.9316,40.04802],[-82.93159,40.04819],[-82.9316,40.04821],[-82.93164,40.04808],[-82.93165,40.04801],[-82.93168,40.04803],[-82.9317,40.04811],[-82.9317,40.04823],[-82.93169,40.04827],[-82.93166,40.04829],[-82.93163,40.0483],[-82.93161,40.04831],[-82.93159,40.04839],[-82.93156,40.04845],[-82.93155,40.04854],[-82.93152,40.04861],[-82.93149,40.0487],[-82.93146,40.04876],[-82.93146,40.04881],[-82.93145,40.04884],[-82.93142,40.04889],[-82.93142,40.04893],[-82.9314,40.04898],[-82.9314,40.04902],[-82.93142,40.04908],[-82.93139,40.04913],[-82.93137,40.04915],[-82.93135,40.04918],[-82.93136,40.04919],[-82.93138,40.04919],[-82.93142,40.04913],[-82.93146,40.04908],[-82.93147,40.04906],[-82.93149,40.04904],[-82.9315,40.04906],[-82.93148,40.04913],[-82.93143,40.04922],[-82.93139,40.04933],[-82.93138,40.04943],[-82.93141,40.04947],[-82.93141,40.04957],[-82.93143,40.04963],[-82.93147,40.04986],[-82.93147,40.04989],[-82.93146,40.04992],[-82.93147,40.05004],[-82.93145,40.05008],[-82.93145,40.05011],[-82.93145,40.05018],[-82.93144,40.0502],[-82.93142,40.05023],[-82.93143,40.05025],[-82.93144,40.05029],[-82.93142,40.05033],[-82.93139,40.05036],[-82.93138,40.05038],[-82.93136,40.0504],[-82.93136,40.05042],[-82.9314,40.05046],[-82.93139,40.05053],[-82.9314,40.05057],[-82.93137,40.05061],[-82.93136,40.05073],[-82.93126,40.05092],[-82.93123,40.051],[-82.9312,40.05105],[-82.93111,40.05114],[-82.93107,40.05118],[-82.93102,40.05123],[-82.931,40.05127],[-82.93097,40.05131],[-82.93093,40.05137],[-82.93091,40.05139],[-82.93086,40.05141],[-82.9308,40.0515],[-82.93075,40.05155],[-82.93072,40.05161],[-82.93064,40.05174],[-82.93061,40.05176],[-82.9306,40.05179],[-82.93057,40.05185],[-82.93053,40.05189],[-82.93048,40.05192],[-82.93047,40.05194],[-82.93036,40.05205],[-82.93029,40.0521],[-82.93018,40.05227],[-82.93006,40.0524],[-82.93,40.05246],[-82.92995,40.05252],[-82.92987,40.05262],[-82.92984,40.05264],[-82.92983,40.05269],[-82.9298,40.05275],[-82.92977,40.05277],[-82.92974,40.05279],[-82.92972,40.0528],[-82.92966,40.05282],[-82.92963,40.05284],[-82.92961,40.05287],[-82.92959,40.05293],[-82.92958,40.05295],[-82.92952,40.05302],[-82.92941,40.05316],[-82.92939,40.05318],[-82.92937,40.05322],[-82.92937,40.05328],[-82.92938,40.0533],[-82.92944,40.05341],[-82.92945,40.05346],[-82.9295,40.05364],[-82.92953,40.05378],[-82.92959,40.05384],[-82.92962,40.05392],[-82.92966,40.054],[-82.92967,40.05405],[-82.92968,40.05407],[-82.92975,40.05417],[-82.92975,40.05419],[-82.92976,40.05428],[-82.9298,40.05438],[-82.92981,40.0545],[-82.92978,40.05461],[-82.92978,40.05466],[-82.92974,40.05477],[-82.92969,40.05488],[-82.92968,40.05494],[-82.92966,40.05498],[-82.92962,40.05501],[-82.92963,40.05504],[-82.92959,40.05511],[-82.92956,40.05513],[-82.92951,40.05514],[-82.92947,40.05515],[-82.92936,40.05524],[-82.92929,40.05539],[-82.92924,40.05546],[-82.92921,40.05548],[-82.92915,40.05561],[-82.92913,40.05562],[-82.92908,40.05566],[-82.92902,40.05575],[-82.929,40.05583],[-82.92895,40.0559],[-82.9289,40.05596],[-82.92885,40.05601],[-82.92873,40.05605],[-82.92867,40.05609],[-82.92864,40.0561],[-82.92851,40.05621],[-82.92843,40.05626],[-82.92841,40.05628],[-82.92822,40.05637],[-82.92819,40.05638],[-82.92814,40.05638],[-82.928,40.05641],[-82.92793,40.05641],[-82.92791,40.05641],[-82.92779,40.05636],[-82.92761,40.05635],[-82.92732,40.05631],[-82.92723,40.0563],[-82.92701,40.05625],[-82.92694,40.05622],[-82.92678,40.05617],[-82.92667,40.05616],[-82.92663,40.05617],[-82.92657,40.05618],[-82.92652,40.05621],[-82.9265,40.0562],[-82.92647,40.05619],[-82.92616,40.0562],[-82.92578,40.05624],[-82.92554,40.05626],[-82.92545,40.05626],[-82.92539,40.05628],[-82.92506,40.05643],[-82.92497,40.05648],[-82.92482,40.05658],[-82.92476,40.05665],[-82.92472,40.0567],[-82.9247,40.05675],[-82.92468,40.05677],[-82.92463,40.05681],[-82.9246,40.05682],[-82.92456,40.05682],[-82.92457,40.05686],[-82.92453,40.05693],[-82.92451,40.05698],[-82.92444,40.05705],[-82.92434,40.05718],[-82.92428,40.05735],[-82.92432,40.05764],[-82.9243,40.05774],[-82.92425,40.05781],[-82.92424,40.05789],[-82.92424,40.058],[-82.92423,40.05805],[-82.92423,40.05818],[-82.92425,40.05838],[-82.92426,40.05842],[-82.92424,40.0585],[-82.92424,40.05854],[-82.92422,40.05855],[-82.92419,40.05864],[-82.92418,40.05866],[-82.92416,40.05871],[-82.92413,40.05881],[-82.92411,40.0589],[-82.92408,40.05899],[-82.92406,40.05908],[-82.92401,40.05918],[-82.924,40.05924],[-82.92399,40.05932],[-82.92396,40.0594],[-82.92395,40.05942],[-82.92392,40.05947],[-82.92389,40.05951],[-82.9239,40.05952],[-82.9239,40.05956],[-82.92387,40.05963],[-82.92386,40.05966],[-82.92382,40.05979],[-82.92381,40.05985],[-82.92373,40.06024],[-82.92371,40.06033],[-82.9237,40.06038],[-82.92369,40.06045],[-82.92367,40.06049],[-82.92366,40.06055],[-82.92368,40.06055],[-82.92368,40.06053],[-82.92374,40.06046],[-82.92376,40.06043],[-82.92378,40.06045],[-82.92377,40.06061],[-82.92379,40.06064],[-82.92379,40.06075],[-82.92377,40.0608],[-82.92375,40.06082],[-82.92372,40.06085],[-82.92368,40.06089],[-82.92366,40.06087],[-82.92367,40.06079],[-82.92366,40.06075],[-82.92363,40.06075],[-82.92359,40.06077],[-82.92356,40.06086],[-82.92356,40.0609],[-82.92357,40.06094],[-82.92357,40.06099],[-82.92355,40.06102],[-82.92354,40.06106],[-82.92354,40.06116],[-82.92355,40.06121],[-82.92358,40.06128],[-82.92366,40.06142],[-82.92369,40.06149],[-82.92371,40.06159],[-82.92371,40.06163],[-82.92371,40.06172],[-82.92372,40.06176],[-82.92374,40.06182],[-82.92375,40.06186],[-82.92377,40.062],[-82.92377,40.06204],[-82.92381,40.06218],[-82.92382,40.06225],[-82.92383,40.06229],[-82.92383,40.06235],[-82.92377,40.06247],[-82.92375,40.0625],[-82.9237,40.06252],[-82.92369,40.06254],[-82.92369,40.06259],[-82.92366,40.0627],[-82.92366,40.06275],[-82.92365,40.06279],[-82.92364,40.06282],[-82.92361,40.0629],[-82.9236,40.06292],[-82.92353,40.06305],[-82.92351,40.0631],[-82.92342,40.06324],[-82.92335,40.0633],[-82.92321,40.06339],[-82.92315,40.06343],[-82.923,40.06353],[-82.92284,40.06359],[-82.92273,40.06364],[-82.92256,40.0637],[-82.92239,40.06374],[-82.92223,40.06376],[-82.92207,40.06376],[-82.92203,40.06376],[-82.92198,40.06378],[-82.92194,40.06382],[-82.92186,40.06386],[-82.92178,40.06388],[-82.92172,40.06392],[-82.92168,40.06398],[-82.92163,40.06415],[-82.92159,40.06441],[-82.9216,40.0645],[-82.92171,40.06464],[-82.92171,40.06469],[-82.9217,40.0647],[-82.92166,40.06471],[-82.92166,40.06476],[-82.92167,40.06479],[-82.92168,40.06483],[-82.92166,40.0649],[-82.92168,40.06496],[-82.92169,40.065],[-82.92171,40.06502],[-82.92177,40.06507],[-82.92178,40.0651],[-82.92179,40.06515],[-82.9218,40.06519],[-82.92178,40.06523],[-82.92182,40.06521],[-82.92193,40.06521],[-82.92201,40.06519],[-82.92214,40.06512],[-82.92219,40.0651],[-82.92226,40.06511],[-82.92231,40.06517],[-82.92234,40.06522],[-82.92238,40.06525],[-82.9225,40.06533],[-82.92251,40.06535],[-82.92263,40.06544],[-82.92276,40.06556],[-82.92283,40.06568],[-82.92308,40.06596],[-82.92316,40.06606],[-82.92323,40.06616],[-82.92331,40.06637],[-82.92332,40.06646],[-82.92331,40.06665],[-82.9233,40.06676],[-82.92327,40.06688],[-82.92319,40.06705],[-82.92311,40.06716],[-82.92304,40.06734],[-82.92298,40.06745],[-82.92294,40.06769],[-82.92295,40.06772],[-82.92294,40.06775],[-82.9229,40.06778],[-82.92285,40.06786],[-82.92282,40.06792],[-82.92292,40.06785],[-82.92294,40.06784],[-82.92295,40.06786],[-82.92291,40.06801],[-82.9229,40.06817],[-82.9229,40.06819],[-82.92289,40.0683],[-82.92288,40.06839],[-82.92288,40.06853],[-82.9229,40.06859],[-82.92289,40.06867],[-82.92289,40.06868],[-82.92292,40.0688],[-82.92293,40.06898],[-82.9229,40.06911],[-82.92288,40.06914],[-82.92283,40.06919],[-82.92281,40.06923],[-82.92274,40.06928],[-82.92271,40.06931],[-82.92268,40.06936],[-82.92268,40.06938],[-82.92266,40.06939],[-82.92263,40.06946],[-82.92253,40.06957],[-82.92246,40.06962],[-82.92245,40.06963],[-82.92242,40.06967],[-82.92238,40.06971],[-82.92228,40.06983],[-82.92225,40.06989],[-82.9222,40.06999],[-82.92221,40.07011],[-82.92222,40.07014],[-82.92221,40.07016],[-82.92215,40.0702],[-82.92216,40.07021],[-82.92217,40.07023],[-82.92217,40.07026],[-82.92217,40.07043],[-82.92216,40.07048],[-82.92212,40.07056],[-82.9221,40.07063],[-82.92209,40.07065],[-82.92205,40.07067],[-82.92202,40.0707],[-82.92203,40.07073],[-82.92205,40.07073],[-82.92206,40.07076],[-82.92206,40.0708],[-82.92209,40.07085],[-82.9221,40.07093],[-82.92213,40.07099],[-82.92217,40.07105],[-82.92219,40.07108],[-82.92219,40.07111],[-82.92213,40.07134],[-82.92209,40.0714],[-82.92203,40.07146],[-82.92199,40.07152],[-82.92193,40.07157],[-82.92187,40.07164],[-82.92179,40.0718],[-82.92177,40.07182],[-82.92174,40.07188],[-82.92172,40.0719],[-82.9217,40.07194],[-82.92166,40.07204],[-82.92154,40.07222],[-82.9215,40.07225],[-82.92148,40.07228],[-82.92146,40.07233],[-82.92145,40.07236],[-82.92144,40.07246],[-82.92143,40.07253],[-82.92143,40.07263],[-82.92141,40.07272],[-82.92133,40.07292],[-82.92127,40.07303],[-82.92124,40.07308],[-82.92115,40.07326],[-82.92108,40.07334],[-82.92102,40.07343],[-82.92099,40.07346],[-82.92092,40.07351],[-82.92091,40.07355],[-82.92091,40.07358],[-82.92088,40.07363],[-82.92084,40.07376],[-82.92078,40.07391],[-82.92066,40.07414],[-82.92053,40.07444],[-82.92041,40.07465],[-82.92041,40.07468],[-82.92031,40.07485],[-82.9202,40.07501],[-82.92019,40.07503],[-82.92011,40.07517],[-82.92005,40.07527],[-82.91994,40.07546],[-82.91986,40.07566],[-82.91984,40.07569],[-82.9198,40.07577],[-82.91976,40.07582],[-82.91968,40.07595],[-82.91964,40.07602],[-82.91962,40.07609],[-82.91956,40.07623],[-82.91953,40.07629],[-82.91949,40.07638],[-82.91945,40.07644],[-82.91937,40.07659],[-82.9193,40.07675],[-82.91929,40.07677],[-82.91921,40.07699],[-82.91917,40.07705],[-82.91917,40.07707],[-82.91916,40.07709],[-82.91915,40.07711],[-82.91908,40.07724],[-82.91906,40.07727],[-82.91904,40.07728],[-82.91903,40.07731],[-82.91902,40.07733],[-82.919,40.07738],[-82.91897,40.07743],[-82.91896,40.07745],[-82.91894,40.07747],[-82.91892,40.07749],[-82.91892,40.07752],[-82.91888,40.07756],[-82.91879,40.0777],[-82.91872,40.07778],[-82.91862,40.07792],[-82.91855,40.07804],[-82.91839,40.07825],[-82.91837,40.07827],[-82.91831,40.07835],[-82.9183,40.07839],[-82.91827,40.07842],[-82.91826,40.07844],[-82.91823,40.07848],[-82.91823,40.0785],[-82.91819,40.07862],[-82.91816,40.07871],[-82.91813,40.07878],[-82.9181,40.07891],[-82.91809,40.07899],[-82.91811,40.07912],[-82.91813,40.07915],[-82.91814,40.07918],[-82.91818,40.07926],[-82.91829,40.0795],[-82.9183,40.07953],[-82.91836,40.07958],[-82.91848,40.07974],[-82.91855,40.0798],[-82.9186,40.07986],[-82.91861,40.07989],[-82.91871,40.08003],[-82.91884,40.08017],[-82.91887,40.08026],[-82.91894,40.08057],[-82.91896,40.08065],[-82.91903,40.08076],[-82.91914,40.08088],[-82.91916,40.08094],[-82.91918,40.08097],[-82.91923,40.08109],[-82.91928,40.08121],[-82.91931,40.08128],[-82.91931,40.0813],[-82.91931,40.08145],[-82.91934,40.08151],[-82.91935,40.08156],[-82.91934,40.08158],[-82.91931,40.08162],[-82.91929,40.08167],[-82.91927,40.08175],[-82.91925,40.08184],[-82.91926,40.08194],[-82.91933,40.08227],[-82.91933,40.08231],[-82.91931,40.0824],[-82.91925,40.0825],[-82.91909,40.0827],[-82.91906,40.08273],[-82.91904,40.08274],[-82.91902,40.08275],[-82.91885,40.08276],[-82.91866,40.08281],[-82.91853,40.08282],[-82.91844,40.08285],[-82.91836,40.08288],[-82.91831,40.08289],[-82.9182,40.08292],[-82.91815,40.08295],[-82.91798,40.08302],[-82.91791,40.08306],[-82.91785,40.08311],[-82.91781,40.08316],[-82.91775,40.08328],[-82.91769,40.08333],[-82.91765,40.08335],[-82.91761,40.08336],[-82.91756,40.08339],[-82.91753,40.08339],[-82.91747,40.0834],[-82.91743,40.0834],[-82.91728,40.08337],[-82.91725,40.08337],[-82.91707,40.08335],[-82.91702,40.08336],[-82.91703,40.08338],[-82.91706,40.0834],[-82.91715,40.08341],[-82.9174,40.08343],[-82.9175,40.08344],[-82.91755,40.08344],[-82.91758,40.08343],[-82.91765,40.0834],[-82.91775,40.08332],[-82.91777,40.08329],[-82.91779,40.08327],[-82.9178,40.08326],[-82.91789,40.08317],[-82.91796,40.08312],[-82.91803,40.08306],[-82.91806,40.08303],[-82.91809,40.08301],[-82.91815,40.083],[-82.91822,40.08297],[-82.91826,40.08296],[-82.91832,40.08295],[-82.91841,40.08294],[-82.91853,40.08289],[-82.9187,40.08285],[-82.91884,40.08283],[-82.91896,40.08281],[-82.91902,40.08279],[-82.91908,40.08275],[-82.91912,40.08271],[-82.91926,40.08256],[-82.91939,40.08239],[-82.91941,40.08238],[-82.91943,40.08238],[-82.91946,40.08238],[-82.91951,40.08243],[-82.9199,40.08276],[-82.91997,40.08281],[-82.91999,40.08284],[-82.92006,40.0829],[-82.92011,40.08293],[-82.92018,40.08295],[-82.92023,40.08296],[-82.92026,40.08296],[-82.92031,40.08297],[-82.92034,40.08298],[-82.92045,40.08309],[-82.92052,40.08312],[-82.92053,40.08315],[-82.92056,40.08316],[-82.92058,40.08318],[-82.92062,40.08319],[-82.92074,40.08321],[-82.92084,40.08321],[-82.92089,40.08324],[-82.9209,40.08327],[-82.92097,40.08342],[-82.92098,40.08343],[-82.92108,40.08347],[-82.92125,40.08346],[-82.92133,40.08345],[-82.92139,40.08346],[-82.9214,40.08349],[-82.92138,40.0835],[-82.92134,40.08351],[-82.92127,40.08355],[-82.92123,40.08361],[-82.92119,40.08368],[-82.92115,40.08375],[-82.9211,40.08389],[-82.92107,40.08403],[-82.92101,40.08419],[-82.921,40.08422],[-82.92097,40.08433],[-82.92093,40.0845],[-82.92093,40.0846],[-82.92097,40.08472],[-82.92102,40.08481],[-82.92112,40.08488],[-82.92115,40.08492],[-82.92135,40.08503],[-82.92139,40.08506],[-82.92149,40.08511],[-82.92153,40.08512],[-82.92155,40.08514],[-82.92157,40.08517],[-82.92157,40.08523],[-82.92165,40.08533],[-82.92168,40.08535],[-82.92186,40.08559],[-82.9219,40.08566],[-82.92199,40.08584],[-82.92201,40.08589],[-82.92207,40.08597],[-82.92214,40.0861],[-82.92237,40.08647],[-82.92238,40.0865],[-82.92242,40.08654],[-82.92243,40.08655],[-82.92251,40.08664],[-82.92254,40.08667],[-82.92257,40.0867],[-82.9226,40.08672],[-82.92266,40.08676],[-82.92268,40.08681],[-82.92276,40.08688],[-82.9229,40.08701],[-82.92297,40.0871],[-82.92304,40.08716],[-82.92318,40.08731],[-82.92326,40.08742],[-82.92332,40.08748],[-82.92346,40.08755],[-82.92354,40.08757],[-82.92358,40.08759],[-82.92361,40.08759],[-82.92375,40.08762],[-82.92379,40.08762],[-82.92381,40.08761],[-82.92393,40.08762],[-82.92414,40.08766],[-82.92428,40.08769],[-82.9244,40.08772],[-82.92446,40.08775],[-82.92453,40.0878],[-82.92468,40.08789],[-82.92478,40.088],[-82.92483,40.08807],[-82.92501,40.08825],[-82.92504,40.0883],[-82.92507,40.08835],[-82.92507,40.08847],[-82.92508,40.08853],[-82.92507,40.0886],[-82.92506,40.08863],[-82.92505,40.08872],[-82.92503,40.08877],[-82.92499,40.08885],[-82.92495,40.0889],[-82.92491,40.08896],[-82.9249,40.08898],[-82.92479,40.08916],[-82.92475,40.0892],[-82.92468,40.08928],[-82.92461,40.08936],[-82.92456,40.08939],[-82.92454,40.08941],[-82.92452,40.08943],[-82.92447,40.08952],[-82.92433,40.08971],[-82.92423,40.08991],[-82.92423,40.08994],[-82.92421,40.08998],[-82.92421,40.09],[-82.9242,40.09004],[-82.9242,40.0901],[-82.9242,40.09018],[-82.92422,40.09035],[-82.92434,40.09075],[-82.92441,40.09089],[-82.92446,40.09097],[-82.92448,40.09099],[-82.92454,40.09105],[-82.92455,40.09107],[-82.92464,40.09119],[-82.92473,40.09125],[-82.92476,40.0913],[-82.92487,40.09137],[-82.92495,40.09139],[-82.92496,40.0914],[-82.92509,40.09144],[-82.92525,40.09151],[-82.92529,40.09153],[-82.92532,40.09155],[-82.92535,40.09156],[-82.92542,40.09162],[-82.92552,40.09164],[-82.9256,40.09165],[-82.92568,40.09166],[-82.92573,40.09168],[-82.92576,40.0917],[-82.92586,40.09175],[-82.92596,40.09178],[-82.92611,40.09182],[-82.92635,40.09185],[-82.92658,40.09188],[-82.92662,40.09189],[-82.92666,40.0919],[-82.9267,40.09191],[-82.92689,40.09194],[-82.92704,40.09195],[-82.92719,40.09197],[-82.92744,40.09201],[-82.92751,40.092],[-82.92754,40.09201],[-82.92761,40.09203],[-82.92764,40.09204],[-82.92769,40.09203],[-82.92772,40.09203],[-82.9278,40.09205],[-82.92784,40.09207],[-82.92794,40.09211],[-82.92811,40.0922],[-82.92821,40.09224],[-82.92824,40.09228],[-82.92879,40.09263],[-82.92887,40.09267],[-82.9289,40.09268],[-82.92893,40.09267],[-82.92896,40.09268],[-82.92899,40.09271],[-82.92908,40.09279],[-82.92913,40.09283],[-82.92919,40.09288],[-82.92919,40.09291],[-82.92917,40.093],[-82.92917,40.09303],[-82.92917,40.09317],[-82.92921,40.09331],[-82.92924,40.09336],[-82.92936,40.09353],[-82.92946,40.09365],[-82.92965,40.09379],[-82.92974,40.09388],[-82.92982,40.09395],[-82.92984,40.09396],[-82.92986,40.09397],[-82.9299,40.09398],[-82.92992,40.09399],[-82.92994,40.094],[-82.93001,40.09412],[-82.93007,40.09419],[-82.93015,40.09427],[-82.93017,40.09432],[-82.93021,40.09438],[-82.93021,40.0944],[-82.93023,40.09442],[-82.93027,40.09444],[-82.93041,40.09449],[-82.93048,40.0945],[-82.93056,40.09451],[-82.93064,40.09451],[-82.93078,40.09455],[-82.93104,40.09465],[-82.93112,40.0947],[-82.93118,40.09476],[-82.93121,40.09477],[-82.93125,40.09478],[-82.93141,40.09485],[-82.93158,40.09495],[-82.93171,40.09501],[-82.93182,40.09505],[-82.93186,40.09506],[-82.93192,40.09508],[-82.93202,40.09519],[-82.93221,40.09528],[-82.93224,40.09532],[-82.93227,40.09538],[-82.9323,40.09542],[-82.93232,40.09552],[-82.93231,40.09556],[-82.93229,40.09565],[-82.93223,40.09576],[-82.93221,40.09578],[-82.93218,40.09585],[-82.93217,40.09595],[-82.93217,40.09608],[-82.93216,40.09622],[-82.93215,40.09637],[-82.93214,40.09662],[-82.93217,40.09672],[-82.93221,40.09682],[-82.93221,40.09684],[-82.93221,40.09686],[-82.93226,40.09688],[-82.93228,40.09691],[-82.93238,40.097],[-82.93243,40.09707],[-82.93249,40.09711],[-82.93265,40.0972],[-82.93276,40.09721],[-82.93281,40.09722],[-82.93294,40.09722],[-82.93297,40.09722],[-82.93315,40.09721],[-82.93319,40.09721],[-82.93322,40.09722],[-82.93323,40.09724],[-82.93323,40.09726],[-82.93321,40.09727],[-82.93317,40.09727],[-82.93314,40.09729],[-82.9331,40.0973],[-82.9332,40.09733],[-82.9334,40.09736],[-82.93344,40.09738],[-82.93374,40.09748],[-82.93382,40.09752],[-82.93397,40.09755],[-82.93417,40.09758],[-82.93426,40.0976],[-82.9343,40.09762],[-82.93436,40.09767],[-82.93442,40.09777],[-82.93446,40.09793],[-82.93463,40.09827],[-82.93468,40.09833],[-82.93475,40.0984],[-82.93487,40.09848],[-82.93493,40.09854],[-82.93495,40.09859],[-82.93501,40.09862],[-82.93508,40.09866],[-82.93511,40.09869],[-82.93517,40.09878],[-82.93524,40.09882],[-82.93531,40.09889],[-82.93535,40.09896],[-82.93537,40.09898],[-82.93545,40.09904],[-82.93556,40.09915],[-82.93562,40.09923],[-82.93564,40.09925],[-82.93566,40.09931],[-82.93573,40.09937],[-82.9358,40.09943],[-82.93582,40.09945],[-82.93592,40.09952],[-82.93597,40.09957],[-82.93618,40.09974],[-82.93623,40.0998],[-82.93628,40.09984],[-82.93631,40.09989],[-82.9364,40.09998],[-82.93651,40.10013],[-82.93655,40.10018],[-82.93666,40.10026],[-82.93677,40.10037],[-82.93692,40.1006],[-82.93692,40.10063],[-82.93694,40.10068],[-82.93699,40.10077],[-82.93701,40.10089],[-82.93703,40.10094],[-82.93705,40.10101],[-82.93706,40.10104],[-82.93709,40.1011],[-82.93712,40.10113],[-82.93713,40.10115],[-82.93714,40.10124],[-82.93725,40.1015],[-82.93727,40.10163],[-82.93732,40.10174],[-82.93735,40.10178],[-82.9374,40.10181],[-82.93743,40.10183],[-82.93745,40.10185],[-82.93746,40.10188],[-82.93746,40.10194],[-82.93745,40.10198],[-82.93742,40.10199],[-82.93741,40.10201],[-82.93742,40.10203],[-82.93744,40.10206],[-82.93746,40.1021],[-82.93749,40.10222],[-82.9375,40.10228],[-82.93752,40.10234],[-82.93753,40.10241],[-82.93756,40.10245],[-82.93758,40.10246],[-82.93765,40.10249],[-82.9377,40.10253],[-82.93776,40.1026],[-82.93775,40.10262],[-82.93765,40.10257],[-82.9376,40.10257],[-82.9376,40.10259],[-82.93762,40.10261],[-82.93766,40.10268],[-82.93768,40.10274],[-82.93768,40.10276],[-82.93774,40.10286],[-82.93775,40.1029],[-82.93777,40.10296],[-82.9378,40.10298],[-82.93784,40.10302],[-82.93786,40.10307],[-82.9379,40.10318],[-82.93793,40.1033],[-82.93795,40.10339],[-82.93798,40.10344],[-82.93799,40.10348],[-82.938,40.10351],[-82.93804,40.10355],[-82.93807,40.1036],[-82.93809,40.10367],[-82.93809,40.10374],[-82.9381,40.10377],[-82.93811,40.10383],[-82.93818,40.10392],[-82.93821,40.10397],[-82.93823,40.10404],[-82.93828,40.10412],[-82.93832,40.10422],[-82.93834,40.10435],[-82.93837,40.10446],[-82.93841,40.10456],[-82.93843,40.10462],[-82.93844,40.10467],[-82.93845,40.10481],[-82.93844,40.10484],[-82.93838,40.10491],[-82.93838,40.10493],[-82.93839,40.10495],[-82.93842,40.10494],[-82.93844,40.10496],[-82.93842,40.1051],[-82.93838,40.10515],[-82.93833,40.10518],[-82.9383,40.10519],[-82.93824,40.10519],[-82.93821,40.10525],[-82.93817,40.10528],[-82.93814,40.10531],[-82.93813,40.10536],[-82.93808,40.10546],[-82.93808,40.10548],[-82.93807,40.10552],[-82.93806,40.10557],[-82.93806,40.10563],[-82.93805,40.10568],[-82.93802,40.10577],[-82.93801,40.10579],[-82.93798,40.10599],[-82.93798,40.10611],[-82.93797,40.10616],[-82.93797,40.10623],[-82.93801,40.10634],[-82.93802,40.10637],[-82.93801,40.10639],[-82.93803,40.10643],[-82.93807,40.10647],[-82.93808,40.10648],[-82.93809,40.10657],[-82.93812,40.10662],[-82.93815,40.10664],[-82.93815,40.10666],[-82.93816,40.10669],[-82.93818,40.10678],[-82.93818,40.10684],[-82.93824,40.10698],[-82.93824,40.107],[-82.93823,40.10706],[-82.93823,40.10709],[-82.93826,40.10712],[-82.9383,40.10714],[-82.93832,40.1072],[-82.93836,40.10729],[-82.93841,40.10734],[-82.93843,40.10737],[-82.93844,40.1075],[-82.9385,40.10771],[-82.9385,40.10776],[-82.93846,40.10783],[-82.93843,40.10786],[-82.9384,40.10791],[-82.93835,40.10802],[-82.9383,40.10812],[-82.93827,40.10821],[-82.93823,40.10826],[-82.93818,40.10831],[-82.93817,40.10832],[-82.93815,40.10836],[-82.93812,40.10842],[-82.93811,40.10844],[-82.93811,40.1085],[-82.93813,40.10858],[-82.93815,40.10862],[-82.93819,40.10868],[-82.93827,40.1088],[-82.93834,40.10887],[-82.93836,40.10895],[-82.9384,40.109],[-82.93844,40.10905],[-82.93846,40.10912],[-82.93848,40.10916],[-82.93849,40.10919],[-82.93852,40.10929],[-82.93854,40.10932],[-82.93855,40.10936],[-82.93859,40.10948],[-82.93862,40.10952],[-82.93863,40.10958],[-82.93864,40.10961],[-82.93872,40.10964],[-82.93879,40.10968],[-82.93885,40.1097],[-82.9389,40.10971],[-82.93893,40.10973],[-82.93902,40.10979],[-82.93907,40.10981],[-82.9391,40.10984],[-82.93916,40.10992],[-82.93921,40.10995],[-82.93931,40.11001],[-82.93935,40.11003],[-82.93938,40.11004],[-82.93961,40.11012],[-82.93964,40.11015],[-82.93964,40.11018],[-82.93971,40.11023],[-82.93975,40.11025],[-82.93986,40.11028],[-82.9399,40.11031],[-82.93993,40.11037],[-82.93996,40.1104],[-82.93999,40.11042],[-82.94002,40.11045],[-82.94028,40.11071],[-82.94032,40.11086],[-82.9403,40.11099],[-82.94024,40.11115],[-82.94009,40.11123],[-82.93977,40.11158],[-82.93952,40.11168],[-82.93938,40.11178],[-82.93916,40.11198],[-82.93905,40.11205],[-82.93879,40.11254],[-82.93879,40.11269],[-82.93881,40.11284],[-82.93888,40.11309],[-82.93891,40.11323],[-82.93894,40.11329],[-82.93904,40.11356],[-82.9391,40.11374],[-82.93914,40.11392],[-82.93912,40.11403],[-82.93907,40.11412],[-82.93901,40.11417],[-82.93876,40.11433],[-82.93852,40.11445],[-82.93849,40.1145],[-82.93839,40.11457],[-82.93825,40.11472],[-82.9382,40.11484],[-82.93812,40.11509],[-82.93811,40.11518],[-82.93803,40.1153],[-82.93807,40.11537],[-82.93808,40.11546],[-82.93805,40.11558],[-82.93809,40.11571],[-82.93821,40.11581],[-82.93838,40.11594],[-82.93844,40.11609],[-82.93858,40.11617],[-82.93873,40.11626],[-82.93878,40.11635],[-82.93895,40.11658],[-82.93903,40.11674],[-82.93922,40.11677],[-82.93936,40.1168],[-82.93934,40.11675],[-82.9393,40.11673],[-82.93927,40.11669],[-82.93927,40.11662],[-82.93933,40.11662],[-82.93934,40.11661],[-82.9393,40.11658],[-82.93923,40.11655],[-82.93919,40.11655],[-82.93916,40.11654],[-82.93911,40.11651],[-82.93906,40.11649],[-82.93904,40.11648],[-82.93903,40.11644],[-82.939,40.11641],[-82.93895,40.11637],[-82.93894,40.11635],[-82.93895,40.11633],[-82.93899,40.11631],[-82.93893,40.11626],[-82.93885,40.11615],[-82.93883,40.11613],[-82.93878,40.1161],[-82.93875,40.11607],[-82.93875,40.11609],[-82.93875,40.11613],[-82.93875,40.11615],[-82.93871,40.11619],[-82.93868,40.11617],[-82.93866,40.11614],[-82.93869,40.11609],[-82.9387,40.11606],[-82.93868,40.11603],[-82.93868,40.116],[-82.93859,40.11591],[-82.93856,40.11589],[-82.93851,40.11584],[-82.93848,40.11578],[-82.93846,40.11576],[-82.93845,40.11573],[-82.93839,40.11573],[-82.93835,40.11572],[-82.93833,40.11571],[-82.93831,40.11566],[-82.93829,40.11555],[-82.9383,40.11552],[-82.93832,40.11551],[-82.93833,40.11549],[-82.93832,40.11547],[-82.93827,40.11537],[-82.93824,40.11526],[-82.93823,40.11524],[-82.93823,40.11521],[-82.93827,40.11523],[-82.93828,40.11514],[-82.9383,40.11506],[-82.9383,40.11496],[-82.93832,40.11491],[-82.93833,40.11489],[-82.93837,40.11485],[-82.93838,40.11483],[-82.93839,40.11477],[-82.93841,40.11474],[-82.93846,40.11471],[-82.9385,40.11465],[-82.93853,40.11462],[-82.93868,40.11452],[-82.93875,40.11445],[-82.93878,40.11443],[-82.9388,40.11442],[-82.93885,40.11445],[-82.93887,40.11445],[-82.93895,40.1144],[-82.93899,40.1144],[-82.93901,40.11439],[-82.93904,40.11435],[-82.93903,40.11433],[-82.93904,40.11431],[-82.93906,40.1143],[-82.93908,40.1143],[-82.93913,40.11434],[-82.93916,40.11433],[-82.93919,40.11433],[-82.93921,40.11431],[-82.93922,40.11428],[-82.93924,40.11424],[-82.93928,40.11407],[-82.93927,40.11401],[-82.93928,40.11397],[-82.93926,40.11386],[-82.93927,40.11382],[-82.93929,40.11379],[-82.93928,40.11377],[-82.93926,40.11374],[-82.93926,40.11368],[-82.93924,40.11365],[-82.93921,40.11355],[-82.93919,40.11348],[-82.93917,40.11342],[-82.93916,40.11335],[-82.93914,40.1133],[-82.93914,40.11328],[-82.93915,40.11325],[-82.93914,40.11323],[-82.93914,40.11317],[-82.93912,40.11312],[-82.93912,40.11304],[-82.93907,40.1129],[-82.93907,40.11286],[-82.93905,40.11276],[-82.93902,40.11271],[-82.93903,40.11253],[-82.93906,40.11242],[-82.93911,40.11233],[-82.9392,40.11224],[-82.93926,40.1122],[-82.93928,40.11214],[-82.93933,40.11208],[-82.93942,40.11201],[-82.93947,40.11196],[-82.93949,40.11193],[-82.93952,40.11192],[-82.93955,40.1119],[-82.9396,40.11186],[-82.93971,40.11177],[-82.93978,40.11173],[-82.93982,40.11171],[-82.93986,40.11168],[-82.93989,40.11166],[-82.93992,40.11162],[-82.93998,40.11159],[-82.94003,40.11156],[-82.9401,40.11152],[-82.94015,40.11147],[-82.94017,40.11145],[-82.9402,40.11145],[-82.94022,40.11145],[-82.94027,40.11141],[-82.94031,40.11135],[-82.94038,40.11129],[-82.94047,40.11117],[-82.94049,40.11114],[-82.94053,40.111],[-82.94053,40.11096]],[[-82.94046,40.0193],[-82.94046,40.01934],[-82.94043,40.01938],[-82.94041,40.01939],[-82.94039,40.01937],[-82.94038,40.01934],[-82.94036,40.01929],[-82.9404,40.01921],[-82.94041,40.01917],[-82.94044,40.01921],[-82.94046,40.0193]],[[-82.94036,40.01935],[-82.94037,40.01941],[-82.94034,40.0195],[-82.94031,40.01954],[-82.94019,40.01966],[-82.94013,40.0197],[-82.94012,40.01972],[-82.9401,40.01973],[-82.94002,40.01975],[-82.93998,40.01976],[-82.93996,40.01974],[-82.93996,40.0197],[-82.93997,40.01968],[-82.93998,40.01966],[-82.94006,40.0196],[-82.94015,40.01954],[-82.94022,40.01946],[-82.94032,40.01938],[-82.94034,40.01936],[-82.94035,40.01933],[-82.94036,40.01935]],[[-82.93962,40.11177],[-82.9396,40.11179],[-82.93955,40.11184],[-82.93953,40.11182],[-82.93954,40.11181],[-82.93955,40.11179],[-82.93959,40.11177],[-82.93962,40.11177]],[[-82.93897,40.10955],[-82.93897,40.10957],[-82.93895,40.1096],[-82.93893,40.10961],[-82.93887,40.10959],[-82.93883,40.10959],[-82.93879,40.1096],[-82.93876,40.1096],[-82.93873,40.10959],[-82.93875,40.10956],[-82.93879,40.10955],[-82.93881,40.10954],[-82.93879,40.10951],[-82.93877,40.10951],[-82.93874,40.10951],[-82.93871,40.10951],[-82.93869,40.10949],[-82.93869,40.10944],[-82.93863,40.10937],[-82.93859,40.1093],[-82.93859,40.10928],[-82.93862,40.10928],[-82.93864,40.10929],[-82.93867,40.10933],[-82.93874,40.10941],[-82.93883,40.10945],[-82.93885,40.1095],[-82.93887,40.10951],[-82.93891,40.10953],[-82.93895,40.10953],[-82.93897,40.10955]],[[-82.93824,40.11566],[-82.93824,40.11568],[-82.93821,40.11571],[-82.93819,40.11569],[-82.93817,40.11567],[-82.93813,40.11563],[-82.93814,40.11558],[-82.93812,40.11554],[-82.93811,40.11551],[-82.93812,40.11548],[-82.93814,40.11549],[-82.93818,40.11556],[-82.9382,40.11561],[-82.93824,40.11566]],[[-82.9382,40.11542],[-82.93822,40.11549],[-82.9382,40.11551],[-82.93817,40.11549],[-82.93812,40.11538],[-82.93811,40.11536],[-82.93811,40.11528],[-82.93812,40.11525],[-82.93814,40.11526],[-82.93815,40.11529],[-82.93815,40.11535],[-82.9382,40.11542]],[[-82.93751,40.10179],[-82.93751,40.10181],[-82.93749,40.10182],[-82.93746,40.10181],[-82.93741,40.10177],[-82.93739,40.10169],[-82.9374,40.10166],[-82.93744,40.10165],[-82.93746,40.10166],[-82.93747,40.10168],[-82.93749,40.10176],[-82.93751,40.10179]],[[-82.93734,40.10132],[-82.93733,40.10134],[-82.93731,40.10136],[-82.93729,40.10134],[-82.93725,40.10129],[-82.93726,40.10126],[-82.93726,40.10123],[-82.93727,40.10121],[-82.93731,40.10123],[-82.93732,40.10125],[-82.93734,40.10132]],[[-82.93643,40.02422],[-82.93644,40.02423],[-82.93637,40.02428],[-82.93634,40.02429],[-82.93629,40.0243],[-82.93624,40.02429],[-82.93621,40.02428],[-82.93616,40.02428],[-82.9361,40.02428],[-82.93607,40.02428],[-82.93607,40.02426],[-82.93618,40.02426],[-82.93622,40.02425],[-82.93624,40.02424],[-82.93643,40.02422]],[[-82.93402,40.03417],[-82.93402,40.03419],[-82.93396,40.03424],[-82.93394,40.03425],[-82.93392,40.03424],[-82.9339,40.03418],[-82.93389,40.03412],[-82.9339,40.03408],[-82.93393,40.03403],[-82.93395,40.03404],[-82.93401,40.03413],[-82.93402,40.03417]],[[-82.93057,40.09437],[-82.93062,40.09439],[-82.93055,40.0944],[-82.93051,40.09437],[-82.93057,40.09437]],[[-82.9305,40.0944],[-82.93048,40.09442],[-82.93045,40.09442],[-82.93039,40.0944],[-82.93026,40.09437],[-82.93022,40.09435],[-82.9302,40.09433],[-82.93022,40.09429],[-82.93026,40.0943],[-82.93033,40.09433],[-82.93038,40.09436],[-82.93044,40.09436],[-82.93047,40.09438],[-82.9305,40.0944]],[[-82.92966,40.05304],[-82.92968,40.05306],[-82.92966,40.05314],[-82.92965,40.05317],[-82.92963,40.05332],[-82.92962,40.05334],[-82.9296,40.05333],[-82.9296,40.0533],[-82.9296,40.05328],[-82.92959,40.05327],[-82.92959,40.05324],[-82.92958,40.05322],[-82.92957,40.05314],[-82.9296,40.05309],[-82.92966,40.05304]],[[-82.92877,40.05609],[-82.92876,40.05613],[-82.9287,40.05616],[-82.92867,40.05619],[-82.92865,40.0562],[-82.92862,40.0562],[-82.92861,40.05618],[-82.92862,40.05615],[-82.92867,40.05611],[-82.92874,40.05609],[-82.92877,40.05609]],[[-82.92771,40.09196],[-82.92772,40.09199],[-82.92769,40.092],[-82.92766,40.092],[-82.92759,40.09196],[-82.92751,40.09194],[-82.92742,40.09193],[-82.92727,40.09194],[-82.92717,40.09193],[-82.92689,40.0919],[-82.9268,40.09188],[-82.9268,40.09185],[-82.92685,40.09181],[-82.92704,40.09181],[-82.9272,40.09182],[-82.92732,40.09181],[-82.92741,40.09182],[-82.92749,40.09184],[-82.92753,40.09187],[-82.92761,40.09189],[-82.92771,40.09196]],[[-82.92553,40.09152],[-82.92552,40.09158],[-82.92547,40.09156],[-82.92542,40.09153],[-82.92539,40.09151],[-82.9254,40.09149],[-82.92553,40.09152]],[[-82.92525,40.08861],[-82.92524,40.08863],[-82.9252,40.08867],[-82.9252,40.08861],[-82.92521,40.08859],[-82.92523,40.08859],[-82.92525,40.08861]],[[-82.9252,40.08886],[-82.92521,40.08892],[-82.9252,40.08903],[-82.92518,40.08908],[-82.92515,40.08912],[-82.92511,40.08914],[-82.92505,40.08916],[-82.92498,40.08921],[-82.92482,40.08939],[-82.92474,40.08951],[-82.92469,40.08955],[-82.92466,40.08957],[-82.92462,40.08958],[-82.9246,40.08955],[-82.92461,40.08952],[-82.92464,40.08948],[-82.92472,40.08941],[-82.92489,40.08921],[-82.92498,40.08913],[-82.92507,40.08904],[-82.92518,40.08882],[-82.92519,40.08883],[-82.9252,40.08886]],[[-82.92517,40.08817],[-82.92518,40.08818],[-82.92517,40.0882],[-82.92514,40.08819],[-82.9251,40.08814],[-82.92509,40.08811],[-82.92511,40.0881],[-82.92513,40.08811],[-82.92514,40.08814],[-82.92517,40.08817]],[[-82.92472,40.08772],[-82.92471,40.08774],[-82.92467,40.08774],[-82.92467,40.08776],[-82.9247,40.08777],[-82.92469,40.08779],[-82.92467,40.08779],[-82.92454,40.08776],[-82.92453,40.08774],[-82.92456,40.08774],[-82.92455,40.08772],[-82.92456,40.08769],[-82.92463,40.0877],[-82.92466,40.08769],[-82.92469,40.08769],[-82.92472,40.08772]],[[-82.92434,40.0623],[-82.92434,40.06235],[-82.92433,40.0624],[-82.92431,40.06242],[-82.92423,40.06244],[-82.92421,40.06243],[-82.92412,40.06238],[-82.92403,40.0623],[-82.92401,40.06228],[-82.92399,40.06226],[-82.92398,40.06218],[-82.92398,40.0621],[-82.92399,40.06205],[-82.924,40.062],[-82.92393,40.06169],[-82.9239,40.0614],[-82.9239,40.06128],[-82.92392,40.06125],[-82.92398,40.06133],[-82.92409,40.06162],[-82.92412,40.06175],[-82.92416,40.06185],[-82.92419,40.06195],[-82.92418,40.06202],[-82.92419,40.06204],[-82.92424,40.06209],[-82.92426,40.06213],[-82.92426,40.06219],[-82.92427,40.06221],[-82.92432,40.06225],[-82.92434,40.0623]],[[-82.92423,40.06252],[-82.92421,40.06257],[-82.92416,40.0626],[-82.92407,40.06259],[-82.92408,40.06257],[-82.92408,40.06254],[-82.92405,40.06253],[-82.92404,40.0625],[-82.92401,40.06248],[-82.92398,40.06242],[-82.92397,40.0624],[-82.92398,40.06236],[-82.92399,40.06235],[-82.92404,40.06237],[-82.92407,40.06239],[-82.92414,40.06248],[-82.92419,40.06252],[-82.92423,40.06252]],[[-82.92402,40.06259],[-82.92401,40.06263],[-82.924,40.06266],[-82.92395,40.06271],[-82.92387,40.06279],[-82.92386,40.0628],[-82.92384,40.06283],[-82.92383,40.06283],[-82.92381,40.06283],[-82.92379,40.06285],[-82.92378,40.06283],[-82.92378,40.06281],[-82.92379,40.06279],[-82.92382,40.06273],[-82.92381,40.0627],[-82.9238,40.06268],[-82.92381,40.06264],[-82.92381,40.06261],[-82.92382,40.06258],[-82.92382,40.06254],[-82.92383,40.06252],[-82.92386,40.06248],[-82.92388,40.06246],[-82.9239,40.06247],[-82.92392,40.06253],[-82.92401,40.06258],[-82.92402,40.06259]],[[-82.92386,40.06106],[-82.92386,40.06109],[-82.92384,40.06112],[-82.9238,40.06112],[-82.92376,40.06111],[-82.92373,40.06109],[-82.92371,40.06106],[-82.92369,40.06102],[-82.92369,40.06098],[-82.92371,40.06094],[-82.92371,40.06091],[-82.92373,40.06088],[-82.92375,40.06086],[-82.92378,40.06086],[-82.92378,40.06088],[-82.92379,40.06094],[-82.92384,40.06096],[-82.92385,40.061],[-82.92386,40.06106]],[[-82.92379,40.06117],[-82.92381,40.06118],[-82.92379,40.06123],[-82.92376,40.06122],[-82.92377,40.06117],[-82.92379,40.06117]],[[-82.92372,40.06122],[-82.92372,40.06131],[-82.92369,40.06142],[-82.92365,40.06135],[-82.92358,40.06125],[-82.92357,40.06113],[-82.92358,40.06109],[-82.9236,40.06108],[-82.92363,40.0611],[-82.9237,40.06118],[-82.92372,40.06122]],[[-82.92298,40.06373],[-82.92298,40.06377],[-82.92294,40.06381],[-82.92286,40.06391],[-82.92278,40.06398],[-82.92273,40.06402],[-82.92266,40.06405],[-82.92243,40.0641],[-82.92241,40.06411],[-82.92224,40.06449],[-82.92223,40.06452],[-82.92221,40.0646],[-82.92222,40.06463],[-82.92226,40.06465],[-82.9223,40.06469],[-82.92235,40.06482],[-82.92235,40.06486],[-82.92232,40.0649],[-82.92227,40.06491],[-82.92218,40.0649],[-82.92215,40.06489],[-82.92211,40.06486],[-82.92207,40.0648],[-82.92205,40.06477],[-82.92201,40.06473],[-82.92192,40.06466],[-82.92182,40.06455],[-82.92177,40.06449],[-82.92174,40.06439],[-82.92175,40.06429],[-82.9218,40.06412],[-82.92185,40.06404],[-82.92199,40.06391],[-82.92205,40.06388],[-82.92213,40.06386],[-82.92221,40.06387],[-82.92229,40.06384],[-82.92233,40.06384],[-82.92235,40.06386],[-82.92239,40.06385],[-82.92238,40.06389],[-82.92241,40.06389],[-82.92245,40.06388],[-82.92256,40.06386],[-82.92261,40.06385],[-82.92269,40.06383],[-82.92275,40.06382],[-82.92281,40.06379],[-82.92284,40.06376],[-82.92288,40.06376],[-82.92291,40.06376],[-82.92294,40.06376],[-82.92298,40.06373]],[[-82.92239,40.07078],[-82.9224,40.07087],[-82.92239,40.07097],[-82.92236,40.07099],[-82.92234,40.07098],[-82.92232,40.07094],[-82.92228,40.07092],[-82.92224,40.0709],[-82.92219,40.07086],[-82.92219,40.07082],[-82.92219,40.07076],[-82.92221,40.0707],[-82.92224,40.07064],[-82.92228,40.07064],[-82.92231,40.07065],[-82.92237,40.0707],[-82.92239,40.07078]],[[-82.92217,40.08301],[-82.92216,40.08312],[-82.9221,40.0832],[-82.92202,40.08329],[-82.92193,40.08336],[-82.92173,40.08349],[-82.92166,40.08351],[-82.92164,40.0835],[-82.92162,40.08349],[-82.92159,40.08345],[-82.92158,40.08343],[-82.92152,40.08339],[-82.92148,40.08337],[-82.92143,40.08331],[-82.9214,40.08329],[-82.92135,40.08328],[-82.92132,40.08327],[-82.92128,40.08327],[-82.92125,40.08327],[-82.92111,40.08333],[-82.92104,40.08333],[-82.92101,40.0833],[-82.92098,40.08322],[-82.92095,40.08318],[-82.92092,40.08313],[-82.92084,40.0831],[-82.92079,40.08315],[-82.92075,40.08317],[-82.92073,40.08317],[-82.92068,40.08315],[-82.92063,40.08312],[-82.92059,40.08307],[-82.92051,40.08299],[-82.92049,40.08295],[-82.92049,40.08289],[-82.92047,40.08287],[-82.92043,40.08285],[-82.92038,40.08284],[-82.92035,40.08282],[-82.92034,40.08279],[-82.92034,40.08278],[-82.92034,40.08273],[-82.92037,40.08269],[-82.9204,40.08266],[-82.92045,40.08263],[-82.92056,40.08259],[-82.9206,40.08259],[-82.92068,40.08258],[-82.92076,40.08257],[-82.92085,40.08258],[-82.92107,40.08262],[-82.92109,40.08263],[-82.9211,40.08266],[-82.9211,40.08268],[-82.92111,40.08271],[-82.92116,40.08274],[-82.92119,40.08276],[-82.9213,40.08281],[-82.92135,40.08282],[-82.92139,40.08282],[-82.9215,40.0828],[-82.92163,40.08275],[-82.92166,40.08277],[-82.9218,40.0828],[-82.92188,40.08286],[-82.92196,40.0829],[-82.92204,40.08292],[-82.92211,40.08294],[-82.92214,40.08296],[-82.92214,40.08297],[-82.92217,40.08301]],[[-82.92216,40.06504],[-82.92215,40.06507],[-82.92202,40.06514],[-82.92194,40.06518],[-82.9219,40.06518],[-82.92185,40.06518],[-82.92182,40.06515],[-82.92182,40.06511],[-82.92181,40.06509],[-82.92179,40.06506],[-82.92172,40.065],[-82.9217,40.06497],[-82.92169,40.06493],[-82.9217,40.06487],[-82.9217,40.06481],[-82.92168,40.06474],[-82.92169,40.06472],[-82.92173,40.06472],[-82.92174,40.06466],[-82.92176,40.06468],[-82.92182,40.06473],[-82.92184,40.06475],[-82.92197,40.06488],[-82.92203,40.06494],[-82.92214,40.065],[-82.92216,40.06504]],[[-82.92215,40.08283],[-82.92214,40.08285],[-82.92211,40.08286],[-82.92204,40.08285],[-82.92201,40.08283],[-82.92195,40.0828],[-82.9219,40.08277],[-82.92191,40.08275],[-82.92196,40.08276],[-82.92204,40.08279],[-82.92206,40.0828],[-82.92209,40.08281],[-82.92213,40.08281],[-82.92215,40.08283]],[[-82.92197,40.0827],[-82.92196,40.08272],[-82.92192,40.08271],[-82.9219,40.08269],[-82.9219,40.08267],[-82.92192,40.08266],[-82.92195,40.08268],[-82.92197,40.0827]],[[-82.92087,40.07424],[-82.92087,40.07429],[-82.92079,40.07443],[-82.92078,40.07446],[-82.9207,40.0745],[-82.92068,40.07448],[-82.92069,40.07445],[-82.9207,40.07441],[-82.9207,40.07434],[-82.92066,40.07425],[-82.92067,40.07415],[-82.92072,40.0741],[-82.92078,40.07411],[-82.9208,40.07414],[-82.92083,40.07416],[-82.92084,40.0742],[-82.92087,40.07424]],[[-82.92016,40.07536],[-82.92017,40.07539],[-82.92016,40.07541],[-82.92008,40.07552],[-82.92006,40.07554],[-82.92004,40.07553],[-82.92002,40.07551],[-82.92002,40.07548],[-82.92002,40.07545],[-82.92004,40.07537],[-82.92007,40.07534],[-82.9201,40.07533],[-82.92013,40.07534],[-82.92016,40.07536]],[[-82.9197,40.07622],[-82.9197,40.07624],[-82.91965,40.07641],[-82.91958,40.07659],[-82.91949,40.07675],[-82.91941,40.07686],[-82.91939,40.07687],[-82.91934,40.07688],[-82.91932,40.07687],[-82.91933,40.07681],[-82.9194,40.07669],[-82.91944,40.07658],[-82.91963,40.07625],[-82.91967,40.0762],[-82.91969,40.07619],[-82.9197,40.07622]],[[-82.91951,40.08209],[-82.91952,40.08217],[-82.9195,40.08222],[-82.91947,40.08226],[-82.91945,40.08227],[-82.91942,40.08227],[-82.9194,40.08226],[-82.91938,40.08224],[-82.91936,40.0822],[-82.91936,40.08214],[-82.9193,40.08194],[-82.91929,40.08183],[-82.91929,40.08176],[-82.91931,40.08168],[-82.91935,40.08161],[-82.91937,40.0816],[-82.91938,40.08162],[-82.91937,40.08174],[-82.9194,40.08188],[-82.91945,40.08198],[-82.91949,40.08204],[-82.91951,40.08209]],[[-82.91935,40.08091],[-82.91935,40.08092],[-82.91934,40.08096],[-82.91933,40.08099],[-82.91931,40.081],[-82.91928,40.081],[-82.91925,40.08098],[-82.91924,40.08093],[-82.91921,40.08085],[-82.91916,40.08079],[-82.91905,40.08063],[-82.91904,40.0806],[-82.91905,40.08058],[-82.91907,40.08059],[-82.9191,40.0806],[-82.91914,40.08064],[-82.91926,40.08077],[-82.91928,40.08083],[-82.91935,40.08089],[-82.91935,40.08091]],[[-82.91899,40.07772],[-82.91899,40.07774],[-82.91897,40.07775],[-82.91895,40.07773],[-82.91895,40.07771],[-82.91897,40.0777],[-82.91899,40.07772]],[[-82.91894,40.07775],[-82.91894,40.07777],[-82.91892,40.07778],[-82.91891,40.07776],[-82.91892,40.07774],[-82.91894,40.07775]]]}},{"type":"Feature","properties":{"layer":"water","NAME":null,"MTFCC":"H2030"},"geometry":{"type":"Polygon","coordinates":[[[-82.89817,40.10208],[-82.89817,40.10205],[-82.89815,40.10203],[-82.89808,40.10198],[-82.89803,40.10193],[-82.898,40.10193],[-82.89798,40.10193],[-82.89795,40.10196],[-82.89794,40.10197],[-82.89794,40.10202],[-82.89797,40.10208],[-82.89799,40.1021],[-82.89809,40.10213],[-82.89813,40.10213],[-82.89815,40.10211],[-82.89817,40.10208]]]}},{"type":"Feature","properties":{"layer":"water","NAME":null,"MTFCC":"H2030"},"geometry":{"type":"Polygon","coordinates":[[[-82.91261,40.11148],[-82.91261,40.11142],[-82.91259,40.1114],[-82.91259,40.11137],[-82.91261,40.11136],[-82.91259,40.11133],[-82.91255,40.11114],[-82.91253,40.11111],[-82.91251,40.11107],[-82.91246,40.11092],[-82.91244,40.1109],[-82.91242,40.11084],[-82.9124,40.11081],[-82.91236,40.11078],[-82.91226,40.1107],[-82.91202,40.11059],[-82.91187,40.11049],[-82.91168,40.1103],[-82.91163,40.11022],[-82.91158,40.11009],[-82.91154,40.10993],[-82.91151,40.10987],[-82.91147,40.1098],[-82.91143,40.10969],[-82.91141,40.10962],[-82.91133,40.10951],[-82.91124,40.10944],[-82.91121,40.10943],[-82.91113,40.10943],[-82.9111,40.10942],[-82.91109,40.1094],[-82.91113,40.10925],[-82.91117,40.10911],[-82.91116,40.10908],[-82.91113,40.10908],[-82.9111,40.10908],[-82.911,40.1091],[-82.91092,40.10912],[-82.9109,40.10915],[-82.9109,40.10919],[-82.9109,40.10927],[-82.91091,40.1093],[-82.91093,40.10934],[-82.91102,40.1094],[-82.91105,40.10943],[-82.91103,40.10946],[-82.91099,40.10947],[-82.91089,40.10948],[-82.91084,40.1095],[-82.91082,40.10952],[-82.91079,40.10955],[-82.91073,40.10964],[-82.91072,40.10972],[-82.91073,40.10982],[-82.91076,40.1099],[-82.91081,40.10997],[-82.91085,40.11001],[-82.91088,40.11003],[-82.91094,40.11012],[-82.91101,40.11027],[-82.91107,40.11034],[-82.91113,40.1104],[-82.91115,40.11042],[-82.91117,40.11047],[-82.91123,40.11054],[-82.91131,40.11059],[-82.9114,40.11063],[-82.91151,40.11069],[-82.91153,40.11072],[-82.91156,40.11077],[-82.91164,40.11079],[-82.91168,40.11079],[-82.91184,40.11088],[-82.91194,40.11092],[-82.91196,40.11094],[-82.91198,40.11099],[-82.91201,40.11103],[-82.91203,40.11104],[-82.91203,40.11106],[-82.91195,40.11107],[-82.91193,40.11105],[-82.91186,40.11097],[-82.91181,40.11092],[-82.91173,40.11089],[-82.91164,40.11084],[-82.91157,40.11082],[-82.91154,40.11082],[-82.91133,40.11084],[-82.91131,40.11086],[-82.91132,40.11107],[-82.91134,40.11111],[-82.91135,40.11115],[-82.91141,40.11124],[-82.91147,40.11127],[-82.91155,40.1113],[-82.91167,40.11132],[-82.91179,40.11132],[-82.91202,40.11129],[-82.91206,40.11128],[-82.91207,40.11126],[-82.912,40.11114],[-82.91197,40.1111],[-82.91199,40.11108],[-82.91201,40.11108],[-82.91205,40.1111],[-82.91208,40.11111],[-82.91213,40.11113],[-82.91215,40.11115],[-82.91216,40.11119],[-82.91216,40.11123],[-82.91218,40.11126],[-82.91219,40.1114],[-82.91222,40.11148],[-82.91224,40.1115],[-82.91227,40.11152],[-82.91233,40.1115],[-82.91253,40.1115],[-82.91255,40.11152],[-82.91255,40.11153],[-82.91258,40.11158],[-82.9126,40.11157],[-82.91259,40.11155],[-82.9126,40.11152],[-82.9126,40.1115],[-82.91261,40.11148]]]}},{"type":"Feature","properties":{"layer":"water","NAME":null,"MTFCC":"H2030"},"geometry":{"type":"Polygon","coordinates":[[[-82.94694,40.12549],[-82.94694,40.12546],[-82.94693,40.12543],[-82.94689,40.12537],[-82.94686,40.12534],[-82.94682,40.12532],[-82.9468,40.12535],[-82.9468,40.12538],[-82.94681,40.12541],[-82.94685,40.12547],[-82.94689,40.12549],[-82.94691,40.1255],[-82.94694,40.12549]]]}},{"type":"Feature","properties":{"layer":"water","NAME":null,"MTFCC":"H2030"},"geometry":{"type":"Polygon","coordinates":[[[-82.94649,40.12776],[-82.94651,40.12771],[-82.94641,40.12722],[-82.9464,40.1271],[-82.94635,40.12693],[-82.94631,40.12671],[-82.94626,40.12654],[-82.94624,40.12651],[-82.94614,40.12642],[-82.94609,40.1264],[-82.94594,40.12631],[-82.94589,40.12631],[-82.94586,40.1263],[-82.94567,40.12617],[-82.94549,40.12609],[-82.94532,40.12605],[-82.94521,40.12605],[-82.94519,40.12606],[-82.94515,40.1261],[-82.94512,40.12612],[-82.94511,40.12615],[-82.94511,40.12626],[-82.94518,40.12664],[-82.9452,40.12674],[-82.94522,40.12679],[-82.94526,40.12693],[-82.94529,40.12706],[-82.94533,40.12737],[-82.94539,40.12765],[-82.94544,40.12778],[-82.94548,40.12797],[-82.94553,40.12808],[-82.94554,40.12809],[-82.94558,40.12814],[-82.94564,40.12816],[-82.94572,40.12818],[-82.94579,40.12819],[-82.94584,40.12817],[-82.94593,40.12813],[-82.94595,40.12811],[-82.94614,40.12802],[-82.94628,40.12798],[-82.94641,40.12791],[-82.94642,40.1279],[-82.94645,40.12784],[-82.94649,40.12776]]]}},{"type":"Feature","properties":{"layer":"water","NAME":null,"MTFCC":"H2030"},"geometry":{"type":"Polygon","coordinates":[[[-82.96253,40.11274],[-82.96255,40.11272],[-82.96251,40.11269],[-82.96248,40.11268],[-82.96237,40.11268],[-82.96223,40.11265],[-82.96207,40.11259],[-82.96197,40.11254],[-82.96189,40.11251],[-82.96169,40.11233],[-82.96165,40.11227],[-82.96147,40.11205],[-82.96138,40.11197],[-82.96136,40.11198],[-82.9613,40.1119],[-82.96125,40.11183],[-82.96125,40.11177],[-82.96127,40.11171],[-82.96132,40.11167],[-82.96134,40.11161],[-82.96135,40.11155],[-82.96132,40.11143],[-82.9613,40.11139],[-82.96123,40.11133],[-82.96117,40.11129],[-82.96098,40.11105],[-82.96101,40.11104],[-82.96099,40.11102],[-82.96097,40.11099],[-82.96082,40.11079],[-82.96072,40.11072],[-82.96063,40.11073],[-82.96056,40.11074],[-82.9605,40.11077],[-82.9604,40.11088],[-82.96028,40.11102],[-82.96012,40.11116],[-82.96007,40.11121],[-82.95998,40.1113],[-82.9599,40.1114],[-82.9599,40.11155],[-82.95989,40.11158],[-82.95989,40.1116],[-82.95991,40.11163],[-82.95991,40.11167],[-82.9599,40.11173],[-82.95993,40.11174],[-82.95988,40.11184],[-82.9598,40.11191],[-82.95969,40.11198],[-82.95967,40.11196],[-82.95953,40.11202],[-82.95946,40.11207],[-82.95942,40.11209],[-82.95937,40.11213],[-82.95918,40.11223],[-82.95908,40.1123],[-82.95904,40.11234],[-82.95901,40.11236],[-82.95899,40.11238],[-82.95898,40.11241],[-82.95891,40.11249],[-82.95888,40.11252],[-82.95886,40.11253],[-82.9588,40.11257],[-82.95871,40.11267],[-82.95867,40.11269],[-82.95863,40.11272],[-82.95855,40.11278],[-82.95853,40.11281],[-82.95853,40.11284],[-82.95857,40.11285],[-82.95865,40.11289],[-82.9587,40.11291],[-82.95878,40.11294],[-82.95891,40.11298],[-82.959,40.11298],[-82.95904,40.11297],[-82.95907,40.11296],[-82.95913,40.11293],[-82.95917,40.11288],[-82.95935,40.11267],[-82.95939,40.11265],[-82.95951,40.11261],[-82.95954,40.11261],[-82.95966,40.11261],[-82.95976,40.11262],[-82.95979,40.11263],[-82.95981,40.11265],[-82.95991,40.11269],[-82.95994,40.11271],[-82.96,40.11277],[-82.96005,40.11285],[-82.96007,40.1129],[-82.96009,40.11297],[-82.96009,40.11301],[-82.96011,40.11306],[-82.96011,40.11315],[-82.96011,40.11319],[-82.9601,40.11336],[-82.96012,40.11342],[-82.96021,40.11364],[-82.96024,40.11368],[-82.96028,40.11372],[-82.96031,40.11378],[-82.96032,40.11382],[-82.96035,40.11388],[-82.96037,40.11394],[-82.96037,40.11402],[-82.9604,40.11414],[-82.96048,40.1143],[-82.96051,40.11433],[-82.96068,40.11438],[-82.96071,40.11441],[-82.96074,40.11442],[-82.96095,40.11442],[-82.96109,40.11441],[-82.96112,40.1144],[-82.96115,40.11438],[-82.96116,40.11436],[-82.96114,40.11429],[-82.9611,40.11428],[-82.96101,40.11423],[-82.96098,40.11421],[-82.96096,40.11417],[-82.96093,40.11405],[-82.96093,40.11396],[-82.96095,40.11387],[-82.961,40.11371],[-82.96103,40.11355],[-82.96103,40.11351],[-82.96105,40.11346],[-82.96103,40.11341],[-82.96104,40.11339],[-82.96105,40.11337],[-82.96106,40.11335],[-82.96109,40.11331],[-82.96113,40.11327],[-82.96118,40.11326],[-82.96125,40.11324],[-82.96129,40.11323],[-82.96138,40.11318],[-82.96147,40.11314],[-82.96152,40.11312],[-82.96169,40.11302],[-82.96184,40.11295],[-82.96189,40.11294],[-82.96192,40.11293],[-82.96199,40.11291],[-82.96214,40.11289],[-82.96221,40.11289],[-82.96238,40.11285],[-82.96244,40.11282],[-82.96253,40.11274]]]}},{"type":"Feature","properties":{"layer":"water","NAME":null,"MTFCC":"H2030"},"geometry":{"type":"Polygon","coordinates":[[[-82.9474,40.12571],[-82.9474,40.12567],[-82.94738,40.12565],[-82.94736,40.12564],[-82.94731,40.12563],[-82.94725,40.12562],[-82.94722,40.12562],[-82.94713,40.1255],[-82.9471,40.12549],[-82.94707,40.12549],[-82.94703,40.12551],[-82.94698,40.12554],[-82.947,40.12556],[-82.94709,40.12565],[-82.94708,40.12571],[-82.94703,40.12575],[-82.94698,40.12578],[-82.94696,40.1258],[-82.9469,40.12587],[-82.94686,40.12595],[-82.94684,40.12601],[-82.94685,40.12605],[-82.94687,40.12608],[-82.94694,40.12614],[-82.94699,40.12616],[-82.94707,40.12619],[-82.94726,40.12623],[-82.94729,40.12624],[-82.94732,40.12624],[-82.94733,40.12622],[-82.94735,40.12619],[-82.94735,40.12609],[-82.94733,40.12601],[-82.94733,40.12589],[-82.9474,40.12571]]]}},{"type":"Feature","properties":{"layer":"water","NAME":null,"MTFCC":"H2030"},"geometry":{"type":"Polygon","coordinates":[[[-82.90215,40.11497],[-82.902,40.11495],[-82.90152,40.11495],[-82.90141,40.11494],[-82.90137,40.11494],[-82.90132,40.11494],[-82.9013,40.11494],[-82.90123,40.11497],[-82.9012,40.11501],[-82.90121,40.11507],[-82.90125,40.11512],[-82.90157,40.11524],[-82.9016,40.11533],[-82.90155,40.11537],[-82.90141,40.11539],[-82.90132,40.11548],[-82.90128,40.11556],[-82.90126,40.11558],[-82.9012,40.11563],[-82.90105,40.11567],[-82.90102,40.11567],[-82.901,40.11568],[-82.90091,40.11574],[-82.90083,40.11583],[-82.90079,40.11591],[-82.90079,40.11593],[-82.90079,40.11595],[-82.90078,40.11601],[-82.90085,40.11613],[-82.9009,40.11616],[-82.90091,40.1162],[-82.90092,40.11628],[-82.90086,40.11632],[-82.90082,40.11632],[-82.90075,40.11628],[-82.90073,40.11626],[-82.9006,40.11621],[-82.90044,40.11623],[-82.90035,40.11621],[-82.90027,40.11623],[-82.90017,40.11635],[-82.9002,40.11643],[-82.90022,40.11646],[-82.90029,40.11649],[-82.90031,40.11651],[-82.9004,40.11666],[-82.90035,40.11672],[-82.90021,40.11671],[-82.90014,40.11672],[-82.90005,40.11678],[-82.90001,40.11686],[-82.90001,40.11707],[-82.9,40.11708],[-82.89994,40.11713],[-82.8999,40.11715],[-82.89988,40.11718],[-82.89985,40.11721],[-82.89978,40.11732],[-82.89972,40.11749],[-82.89972,40.1175],[-82.89975,40.11755],[-82.89979,40.11756],[-82.89983,40.11754],[-82.89991,40.11751],[-82.89998,40.11749],[-82.90001,40.11747],[-82.90007,40.11747],[-82.9001,40.11747],[-82.90012,40.11749],[-82.90013,40.11751],[-82.90011,40.11761],[-82.90009,40.11776],[-82.9001,40.11788],[-82.90006,40.11795],[-82.9,40.11801],[-82.89995,40.11804],[-82.89991,40.11809],[-82.8999,40.11816],[-82.89987,40.11822],[-82.89985,40.1183],[-82.89994,40.11816],[-82.89993,40.11813],[-82.89993,40.1181],[-82.89997,40.11805],[-82.90001,40.11802],[-82.90007,40.11798],[-82.90013,40.1179],[-82.90012,40.11776],[-82.90013,40.11762],[-82.90015,40.11751],[-82.90015,40.11749],[-82.90013,40.11747],[-82.90007,40.11745],[-82.90002,40.11745],[-82.8999,40.11749],[-82.89981,40.11752],[-82.89977,40.11752],[-82.89975,40.11751],[-82.89979,40.11738],[-82.8998,40.11734],[-82.89985,40.11725],[-82.89988,40.11722],[-82.8999,40.11719],[-82.89993,40.11717],[-82.89996,40.11713],[-82.9,40.11712],[-82.90002,40.11711],[-82.90004,40.1171],[-82.90005,40.11707],[-82.90004,40.11696],[-82.90004,40.11688],[-82.90006,40.11683],[-82.9001,40.11679],[-82.90018,40.11673],[-82.90023,40.11674],[-82.9003,40.11675],[-82.90037,40.11674],[-82.9004,40.11672],[-82.90042,40.1167],[-82.90042,40.11668],[-82.90042,40.11664],[-82.90042,40.11662],[-82.90037,40.11655],[-82.90036,40.11653],[-82.90029,40.11646],[-82.90023,40.11642],[-82.90021,40.11635],[-82.90032,40.11624],[-82.90047,40.11625],[-82.90055,40.11625],[-82.90063,40.11626],[-82.90073,40.11629],[-82.90075,40.1163],[-82.90079,40.11634],[-82.90083,40.11635],[-82.90086,40.11634],[-82.90091,40.11632],[-82.90094,40.1163],[-82.90095,40.11628],[-82.90093,40.11619],[-82.90092,40.11617],[-82.90091,40.11615],[-82.90087,40.11613],[-82.90082,40.11603],[-82.90082,40.11599],[-82.90083,40.11591],[-82.90083,40.11588],[-82.90084,40.11585],[-82.90086,40.11584],[-82.90088,40.11583],[-82.90089,40.11579],[-82.90101,40.11569],[-82.90114,40.11567],[-82.90124,40.11564],[-82.90126,40.11561],[-82.9013,40.11558],[-82.90134,40.1155],[-82.90141,40.11542],[-82.90149,40.1154],[-82.90158,40.11539],[-82.90163,40.11533],[-82.9016,40.11523],[-82.90153,40.11519],[-82.90139,40.11515],[-82.90127,40.1151],[-82.90124,40.11506],[-82.90123,40.11503],[-82.90125,40.11499],[-82.90129,40.11497],[-82.90138,40.11496],[-82.90164,40.11498],[-82.90197,40.11497],[-82.90215,40.11497]]]}},{"type":"Feature","properties":{"layer":"water","NAME":null,"MTFCC":"H2030"},"geometry":{"type":"Polygon","coordinates":[[[-82.91154,40.10229],[-82.91153,40.1021],[-82.91152,40.10205],[-82.91148,40.10199],[-82.91127,40.10177],[-82.9112,40.10171],[-82.91118,40.1017],[-82.91108,40.10166],[-82.91097,40.10161],[-82.91091,40.10158],[-82.91089,40.10157],[-82.91075,40.10149],[-82.91068,40.10147],[-82.91062,40.10146],[-82.91052,40.10151],[-82.9105,40.10153],[-82.91023,40.10159],[-82.91011,40.10161],[-82.90999,40.10162],[-82.9099,40.10165],[-82.9099,40.10168],[-82.90995,40.10171],[-82.90997,40.10171],[-82.91017,40.10174],[-82.91026,40.10177],[-82.91031,40.1018],[-82.91036,40.10187],[-82.91044,40.10195],[-82.9105,40.10205],[-82.91059,40.10215],[-82.91067,40.10224],[-82.91074,40.10228],[-82.91081,40.10234],[-82.91093,40.10251],[-82.91098,40.10265],[-82.91104,40.10277],[-82.91109,40.10281],[-82.91113,40.10284],[-82.91118,40.10287],[-82.91123,40.10287],[-82.91127,40.10287],[-82.91136,40.10283],[-82.91139,40.10279],[-82.91141,40.10275],[-82.91142,40.10269],[-82.91141,40.10264],[-82.91141,40.10257],[-82.91143,40.10251],[-82.9115,40.1024],[-82.91154,40.10229]]]}},{"type":"Feature","properties":{"layer":"water","NAME":null,"MTFCC":"H2030"},"geometry":{"type":"Polygon","coordinates":[[[-82.95266,40.11508],[-82.95266,40.11505],[-82.95265,40.11502],[-82.9526,40.11497],[-82.95259,40.11494],[-82.95258,40.11487],[-82.95255,40.11482],[-82.95253,40.11478],[-82.95246,40.11464],[-82.95244,40.11466],[-82.95243,40.11469],[-82.95242,40.11476],[-82.95242,40.11481],[-82.95239,40.11486],[-82.95239,40.1149],[-82.95241,40.11494],[-82.95242,40.11506],[-82.95243,40.1151],[-82.95246,40.11512],[-82.95252,40.11512],[-82.95255,40.11516],[-82.95256,40.11513],[-82.95257,40.11511],[-82.95264,40.1151],[-82.95266,40.11508]]]}},{"type":"Feature","properties":{"layer":"water","NAME":null,"MTFCC":"H2030"},"geometry":{"type":"Polygon","coordinates":[[[-82.94207,40.12344],[-82.94207,40.12335],[-82.94207,40.12303],[-82.94204,40.12286],[-82.94203,40.12275],[-82.942,40.12254],[-82.94196,40.1224],[-82.9419,40.12228],[-82.94187,40.12221],[-82.94172,40.1222],[-82.94144,40.12217],[-82.94062,40.12209],[-82.94048,40.12208],[-82.94015,40.12208],[-82.93959,40.12202],[-82.93948,40.12201],[-82.93944,40.12201],[-82.93938,40.12202],[-82.93935,40.12207],[-82.93933,40.12213],[-82.93932,40.1222],[-82.93931,40.12236],[-82.93934,40.12256],[-82.93934,40.12265],[-82.93937,40.12275],[-82.93946,40.12291],[-82.93956,40.12305],[-82.93964,40.1231],[-82.93969,40.12314],[-82.93976,40.12317],[-82.93983,40.12317],[-82.93989,40.12321],[-82.9401,40.12325],[-82.9403,40.12327],[-82.94061,40.12332],[-82.94077,40.12336],[-82.9413,40.12348],[-82.94181,40.12362],[-82.94195,40.12363],[-82.94202,40.12362],[-82.94206,40.12359],[-82.94205,40.12356],[-82.94207,40.12344]]]}},{"type":"Feature","properties":{"layer":"water","NAME":null,"MTFCC":"H2030"},"geometry":{"type":"Polygon","coordinates":[[[-82.94485,40.12827],[-82.94486,40.12824],[-82.9447,40.12749],[-82.94467,40.12734],[-82.94464,40.12724],[-82.94461,40.12722],[-82.94457,40.1272],[-82.94448,40.12721],[-82.9441,40.12726],[-82.94408,40.12727],[-82.94405,40.1273],[-82.94404,40.12732],[-82.94424,40.12826],[-82.94426,40.12831],[-82.94427,40.12832],[-82.9443,40.12834],[-82.94433,40.12835],[-82.94443,40.12834],[-82.94478,40.12831],[-82.94481,40.1283],[-82.94483,40.12829],[-82.94485,40.12827]]]}},{"type":"Feature","properties":{"layer":"water","NAME":null,"MTFCC":"H2030"},"geometry":{"type":"Polygon","coordinates":[[[-82.91393,40.12251],[-82.91394,40.12244],[-82.91392,40.12239],[-82.91388,40.12234],[-82.91377,40.12226],[-82.91374,40.12225],[-82.91369,40.12224],[-82.91362,40.12224],[-82.91353,40.12227],[-82.91344,40.12231],[-82.9134,40.12233],[-82.91338,40.12236],[-82.91337,40.12237],[-82.91328,40.12251],[-82.91322,40.12257],[-82.91311,40.12263],[-82.91299,40.12269],[-82.91288,40.12271],[-82.91273,40.12281],[-82.91265,40.12284],[-82.91251,40.12291],[-82.91247,40.12295],[-82.91245,40.12297],[-82.91249,40.12299],[-82.91252,40.12301],[-82.91253,40.12306],[-82.91257,40.12315],[-82.91263,40.12331],[-82.91274,40.12343],[-82.91277,40.12348],[-82.9128,40.12352],[-82.91287,40.12362],[-82.91291,40.12367],[-82.91295,40.12369],[-82.91302,40.1237],[-82.91313,40.12371],[-82.91317,40.12371],[-82.91319,40.1237],[-82.91322,40.12365],[-82.91322,40.12355],[-82.91327,40.12336],[-82.91331,40.1233],[-82.91336,40.12326],[-82.91351,40.12312],[-82.91359,40.12304],[-82.91381,40.12285],[-82.91389,40.12278],[-82.91391,40.12275],[-82.91391,40.12265],[-82.91393,40.12251]]]}},{"type":"Feature","properties":{"layer":"water","NAME":null,"MTFCC":"H2030"},"geometry":{"type":"Polygon","coordinates":[[[-82.94005,40.13218],[-82.94004,40.13214],[-82.93997,40.13219],[-82.93987,40.13223],[-82.93975,40.13223],[-82.93963,40.13223],[-82.93949,40.13223],[-82.93936,40.13225],[-82.93925,40.13226],[-82.93905,40.13223],[-82.9388,40.13221],[-82.93844,40.13209],[-82.93831,40.13209],[-82.93827,40.13209],[-82.93823,40.13211],[-82.93818,40.13214],[-82.93808,40.13218],[-82.9379,40.13223],[-82.93783,40.13223],[-82.93771,40.13222],[-82.93761,40.1322],[-82.93757,40.1322],[-82.93752,40.1322],[-82.93734,40.13222],[-82.93731,40.13223],[-82.9373,40.13225],[-82.93728,40.1323],[-82.93727,40.1324],[-82.93726,40.13244],[-82.93723,40.13246],[-82.93717,40.13248],[-82.93703,40.13259],[-82.937,40.13263],[-82.93695,40.1327],[-82.9369,40.13284],[-82.93685,40.13294],[-82.93682,40.133],[-82.93684,40.13301],[-82.93686,40.13299],[-82.93691,40.13292],[-82.93693,40.13286],[-82.93694,40.13283],[-82.93694,40.1328],[-82.93697,40.13271],[-82.93702,40.13264],[-82.93707,40.13259],[-82.93712,40.13256],[-82.93717,40.13252],[-82.93726,40.13247],[-82.9373,40.13243],[-82.93732,40.13238],[-82.93731,40.1323],[-82.93733,40.13225],[-82.93738,40.13223],[-82.93766,40.13222],[-82.93773,40.13223],[-82.93787,40.13224],[-82.93793,40.13224],[-82.93809,40.1322],[-82.93828,40.13212],[-82.93832,40.1321],[-82.93841,40.1321],[-82.93845,40.13211],[-82.93851,40.13213],[-82.93861,40.13217],[-82.93876,40.13223],[-82.93881,40.13223],[-82.9389,40.13224],[-82.93901,40.13225],[-82.93927,40.13228],[-82.93945,40.13226],[-82.93949,40.13225],[-82.93952,40.13224],[-82.93956,40.13224],[-82.93969,40.13226],[-82.93979,40.13226],[-82.93988,40.13225],[-82.94,40.13221],[-82.94005,40.13218]]]}}]}